Item Name,Game Name,Listed On,Acted On, Display Price, Price in Cents, Type, Market Name, App Id, Context Id, Asset Id, Instance Id, Class Id, Unowned Context Id, Unowned Id
"Recoil Case","Counter-Strike 2","26 Feb","27 Feb","$0.34 USD","34","sale","Recoil Case","730","2","40095408668","302028390","4901046679","2","40095408668"
"Recoil Case","Counter-Strike 2","26 Feb","27 Feb","$0.34 USD","34","sale","Recoil Case","730","2","40095411544","302028390","4901046679","2","40095411544"
"Recoil Case","Counter-Strike 2","26 Feb","27 Feb","$0.34 USD","34","sale","Recoil Case","730","2","40095408992","302028390","4901046679","2","40095408992"
"Recoil Case","Counter-Strike 2","26 Feb","27 Feb","$0.34 USD","34","sale","Recoil Case","730","2","40095409594","302028390","4901046679","2","40095409594"
"Recoil Case","Counter-Strike 2","26 Feb","27 Feb","$0.34 USD","34","sale","Recoil Case","730","2","40095409146","302028390","4901046679","2","40095409146"
"Recoil Case","Counter-Strike 2","26 Feb","27 Feb","$0.34 USD","34","sale","Recoil Case","730","2","40095383957","302028390","4901046679","2","40095383957"
"Recoil Case","Counter-Strike 2","26 Feb","27 Feb","$0.34 USD","34","sale","Recoil Case","730","2","40095381002","302028390","4901046679","2","40095381002"
"Recoil Case","Counter-Strike 2","26 Feb","27 Feb","$0.34 USD","34","sale","Recoil Case","730","2","40095384285","302028390","4901046679","2","40095384285"
"Recoil Case","Counter-Strike 2","26 Feb","27 Feb","$0.34 USD","34","sale","Recoil Case","730","2","40095405378","302028390","4901046679","2","40095405378"
"Recoil Case","Counter-Strike 2","26 Feb","27 Feb","$0.34 USD","34","sale","Recoil Case","730","2","40095406195","302028390","4901046679","2","40095406195"
"Recoil Case","Counter-Strike 2","26 Feb","27 Feb","$0.34 USD","34","sale","Recoil Case","730","2","40095406866","302028390","4901046679","2","40095406866"
"Recoil Case","Counter-Strike 2","26 Feb","27 Feb","$0.34 USD","34","sale","Recoil Case","730","2","40095407594","302028390","4901046679","2","40095407594"
"Recoil Case","Counter-Strike 2","26 Feb","27 Feb","$0.34 USD","34","sale","Recoil Case","730","2","40095332363","302028390","4901046679","2","40095332363"
"Recoil Case","Counter-Strike 2","26 Feb","27 Feb","$0.34 USD","34","sale","Recoil Case","730","2","40095402880","302028390","4901046679","2","40095402880"
"Recoil Case","Counter-Strike 2","26 Feb","27 Feb","$0.34 USD","34","sale","Recoil Case","730","2","40095285023","302028390","4901046679","2","40095285023"
"Recoil Case","Counter-Strike 2","26 Feb","27 Feb","$0.34 USD","34","sale","Recoil Case","730","2","40095304644","302028390","4901046679","2","40095304644"
"Recoil Case","Counter-Strike 2","26 Feb","27 Feb","$0.34 USD","34","sale","Recoil Case","730","2","40095380545","302028390","4901046679","2","40095380545"
"Recoil Case","Counter-Strike 2","26 Feb","27 Feb","$0.34 USD","34","sale","Recoil Case","730","2","40095339949","302028390","4901046679","2","40095339949"
"Recoil Case","Counter-Strike 2","26 Feb","27 Feb","$0.34 USD","34","sale","Recoil Case","730","2","40095352964","302028390","4901046679","2","40095352964"
"Recoil Case","Counter-Strike 2","26 Feb","27 Feb","$0.34 USD","34","sale","Recoil Case","730","2","40095339069","302028390","4901046679","2","40095339069"
"Recoil Case","Counter-Strike 2","26 Feb","27 Feb","$0.34 USD","34","sale","Recoil Case","730","2","40095260414","302028390","4901046679","2","40095260414"
"Recoil Case","Counter-Strike 2","26 Feb","27 Feb","$0.34 USD","34","sale","Recoil Case","730","2","40095164321","302028390","4901046679","2","40095164321"
"Recoil Case","Counter-Strike 2","26 Feb","27 Feb","$0.34 USD","34","sale","Recoil Case","730","2","40095258358","302028390","4901046679","2","40095258358"
"Recoil Case","Counter-Strike 2","26 Feb","27 Feb","$0.34 USD","34","sale","Recoil Case","730","2","40095160772","302028390","4901046679","2","40095160772"
"Recoil Case","Counter-Strike 2","26 Feb","27 Feb","$0.34 USD","34","sale","Recoil Case","730","2","40095149313","302028390","4901046679","2","40095149313"
"Recoil Case","Counter-Strike 2","26 Feb","27 Feb","$0.34 USD","34","sale","Recoil Case","730","2","40095136276","302028390","4901046679","2","40095136276"
"Recoil Case","Counter-Strike 2","26 Feb","27 Feb","$0.34 USD","34","sale","Recoil Case","730","2","40095148207","302028390","4901046679","2","40095148207"
"Recoil Case","Counter-Strike 2","26 Feb","27 Feb","$0.34 USD","34","sale","Recoil Case","730","2","40095159754","302028390","4901046679","2","40095159754"
"Recoil Case","Counter-Strike 2","26 Feb","27 Feb","$0.34 USD","34","sale","Recoil Case","730","2","40095250702","302028390","4901046679","2","40095250702"
"Recoil Case","Counter-Strike 2","26 Feb","27 Feb","$0.34 USD","34","sale","Recoil Case","730","2","40095122653","0","4901046679","2","40095122653"
"Recoil Case","Counter-Strike 2","26 Feb","27 Feb","$0.34 USD","34","sale","Recoil Case","730","2","40095107213","302028390","4901046679","2","40095107213"
"Recoil Case","Counter-Strike 2","26 Feb","27 Feb","$0.34 USD","34","sale","Recoil Case","730","2","40095116979","302028390","4901046679","2","40095116979"
"Recoil Case","Counter-Strike 2","26 Feb","27 Feb","$0.34 USD","34","sale","Recoil Case","730","2","40095118954","0","4901046679","2","40095118954"
"Recoil Case","Counter-Strike 2","26 Feb","27 Feb","$0.34 USD","34","sale","Recoil Case","730","2","40095120218","302028390","4901046679","2","40095120218"
"Recoil Case","Counter-Strike 2","26 Feb","27 Feb","$0.34 USD","34","sale","Recoil Case","730","2","40095120732","0","4901046679","2","40095120732"
"Recoil Case","Counter-Strike 2","26 Feb","27 Feb","$0.34 USD","34","sale","Recoil Case","730","2","40095122812","302028390","4901046679","2","40095122812"
"Recoil Case","Counter-Strike 2","26 Feb","27 Feb","$0.34 USD","34","sale","Recoil Case","730","2","40095129175","302028390","4901046679","2","40095129175"
"Recoil Case","Counter-Strike 2","26 Feb","27 Feb","$0.34 USD","34","sale","Recoil Case","730","2","40095044114","302028390","4901046679","2","40095044114"
"Recoil Case","Counter-Strike 2","26 Feb","27 Feb","$0.34 USD","34","sale","Recoil Case","730","2","40095047451","302028390","4901046679","2","40095047451"
"Recoil Case","Counter-Strike 2","26 Feb","27 Feb","$0.34 USD","34","sale","Recoil Case","730","2","40095043535","302028390","4901046679","2","40095043535"
"Recoil Case","Counter-Strike 2","26 Feb","27 Feb","$0.34 USD","34","sale","Recoil Case","730","2","40095037508","302028390","4901046679","2","40095037508"
"Recoil Case","Counter-Strike 2","26 Feb","27 Feb","$0.34 USD","34","sale","Recoil Case","730","2","40095032967","302028390","4901046679","2","40095032967"
"Recoil Case","Counter-Strike 2","26 Feb","27 Feb","$0.34 USD","34","sale","Recoil Case","730","2","40095046020","302028390","4901046679","2","40095046020"
"Recoil Case","Counter-Strike 2","26 Feb","27 Feb","$0.34 USD","34","sale","Recoil Case","730","2","40095042177","302028390","4901046679","2","40095042177"
"Recoil Case","Counter-Strike 2","26 Feb","27 Feb","$0.34 USD","34","sale","Recoil Case","730","2","40095031225","302028390","4901046679","2","40095031225"
"Recoil Case","Counter-Strike 2","26 Feb","27 Feb","$0.34 USD","34","sale","Recoil Case","730","2","40094985454","302028390","4901046679","2","40094985454"
"Recoil Case","Counter-Strike 2","26 Feb","27 Feb","$0.34 USD","34","sale","Recoil Case","730","2","40094993927","302028390","4901046679","2","40094993927"
"Recoil Case","Counter-Strike 2","26 Feb","27 Feb","$0.34 USD","34","sale","Recoil Case","730","2","40095016184","302028390","4901046679","2","40095016184"
"Recoil Case","Counter-Strike 2","26 Feb","27 Feb","$0.34 USD","34","sale","Recoil Case","730","2","40095024512","302028390","4901046679","2","40095024512"
"Recoil Case","Counter-Strike 2","26 Feb","27 Feb","$0.34 USD","34","sale","Recoil Case","730","2","40095020278","302028390","4901046679","2","40095020278"
"Recoil Case","Counter-Strike 2","26 Feb","27 Feb","$0.34 USD","34","sale","Recoil Case","730","2","40095028664","302028390","4901046679","2","40095028664"
"Recoil Case","Counter-Strike 2","26 Feb","27 Feb","$0.34 USD","34","sale","Recoil Case","730","2","40094981333","302028390","4901046679","2","40094981333"
"Recoil Case","Counter-Strike 2","26 Feb","27 Feb","$0.34 USD","34","sale","Recoil Case","730","2","40094987536","302028390","4901046679","2","40094987536"
"Recoil Case","Counter-Strike 2","26 Feb","27 Feb","$0.34 USD","34","sale","Recoil Case","730","2","40094578050","302028390","4901046679","2","40094578050"
"Recoil Case","Counter-Strike 2","26 Feb","27 Feb","$0.34 USD","34","sale","Recoil Case","730","2","40094738475","302028390","4901046679","2","40094738475"
"Recoil Case","Counter-Strike 2","26 Feb","27 Feb","$0.34 USD","34","sale","Recoil Case","730","2","40094930031","302028390","4901046679","2","40094930031"
"Recoil Case","Counter-Strike 2","26 Feb","27 Feb","$0.34 USD","34","sale","Recoil Case","730","2","40094934419","302028390","4901046679","2","40094934419"
"Recoil Case","Counter-Strike 2","26 Feb","27 Feb","$0.34 USD","34","sale","Recoil Case","730","2","40094940419","302028390","4901046679","2","40094940419"
"Recoil Case","Counter-Strike 2","26 Feb","27 Feb","$0.34 USD","34","sale","Recoil Case","730","2","40094952799","302028390","4901046679","2","40094952799"
"Recoil Case","Counter-Strike 2","26 Feb","27 Feb","$0.34 USD","34","sale","Recoil Case","730","2","40094980081","302028390","4901046679","2","40094980081"
"Recoil Case","Counter-Strike 2","26 Feb","27 Feb","$0.34 USD","34","sale","Recoil Case","730","2","40094970135","302028390","4901046679","2","40094970135"
"Recoil Case","Counter-Strike 2","25 Feb","25 Feb","$0.34 USD","34","sale","Recoil Case","730","2","40094923560","302028390","4901046679","2","40094923560"
"Recoil Case","Counter-Strike 2","25 Feb","25 Feb","$0.34 USD","34","sale","Recoil Case","730","2","40094928643","0","4901046679","2","40094928643"
"Recoil Case","Counter-Strike 2","25 Feb","25 Feb","$0.34 USD","34","sale","Recoil Case","730","2","40094921879","302028390","4901046679","2","40094921879"
"Recoil Case","Counter-Strike 2","25 Feb","25 Feb","$0.34 USD","34","sale","Recoil Case","730","2","40094912902","302028390","4901046679","2","40094912902"
"Recoil Case","Counter-Strike 2","25 Feb","25 Feb","$0.34 USD","34","sale","Recoil Case","730","2","40094921589","302028390","4901046679","2","40094921589"
"Recoil Case","Counter-Strike 2","25 Feb","25 Feb","$0.34 USD","34","sale","Recoil Case","730","2","40094864128","302028390","4901046679","2","40094864128"
"Recoil Case","Counter-Strike 2","25 Feb","25 Feb","$0.34 USD","34","sale","Recoil Case","730","2","40094884312","302028390","4901046679","2","40094884312"
"Recoil Case","Counter-Strike 2","25 Feb","25 Feb","$0.34 USD","34","sale","Recoil Case","730","2","40094875938","302028390","4901046679","2","40094875938"
"Recoil Case","Counter-Strike 2","25 Feb","25 Feb","$0.34 USD","34","sale","Recoil Case","730","2","40094879799","302028390","4901046679","2","40094879799"
"Recoil Case","Counter-Strike 2","25 Feb","25 Feb","$0.34 USD","34","sale","Recoil Case","730","2","40094898074","302028390","4901046679","2","40094898074"
"Recoil Case","Counter-Strike 2","25 Feb","25 Feb","$0.34 USD","34","sale","Recoil Case","730","2","40094900395","302028390","4901046679","2","40094900395"
"Recoil Case","Counter-Strike 2","25 Feb","25 Feb","$0.34 USD","34","sale","Recoil Case","730","2","40094861321","302028390","4901046679","2","40094861321"
"Recoil Case","Counter-Strike 2","25 Feb","25 Feb","$0.34 USD","34","sale","Recoil Case","730","2","40094899614","302028390","4901046679","2","40094899614"
"Recoil Case","Counter-Strike 2","25 Feb","25 Feb","$0.34 USD","34","sale","Recoil Case","730","2","40094801529","302028390","4901046679","2","40094801529"
"Recoil Case","Counter-Strike 2","25 Feb","25 Feb","$0.34 USD","34","sale","Recoil Case","730","2","40094847593","302028390","4901046679","2","40094847593"
"Recoil Case","Counter-Strike 2","25 Feb","25 Feb","$0.34 USD","34","sale","Recoil Case","730","2","40094835508","302028390","4901046679","2","40094835508"
"Recoil Case","Counter-Strike 2","25 Feb","25 Feb","$0.34 USD","34","sale","Recoil Case","730","2","40094818857","302028390","4901046679","2","40094818857"
"Recoil Case","Counter-Strike 2","25 Feb","25 Feb","$0.34 USD","34","sale","Recoil Case","730","2","40094854530","302028390","4901046679","2","40094854530"
"Recoil Case","Counter-Strike 2","25 Feb","25 Feb","$0.34 USD","34","sale","Recoil Case","730","2","40094804981","302028390","4901046679","2","40094804981"
"Recoil Case","Counter-Strike 2","25 Feb","25 Feb","$0.34 USD","34","sale","Recoil Case","730","2","40094813017","302028390","4901046679","2","40094813017"
"Recoil Case","Counter-Strike 2","25 Feb","25 Feb","$0.34 USD","34","sale","Recoil Case","730","2","40094855806","302028390","4901046679","2","40094855806"
"Recoil Case","Counter-Strike 2","25 Feb","25 Feb","$0.34 USD","34","sale","Recoil Case","730","2","40094759107","302028390","4901046679","2","40094759107"
"Recoil Case","Counter-Strike 2","25 Feb","25 Feb","$0.34 USD","34","sale","Recoil Case","730","2","40094755505","302028390","4901046679","2","40094755505"
"Recoil Case","Counter-Strike 2","25 Feb","25 Feb","$0.34 USD","34","sale","Recoil Case","730","2","40094752356","302028390","4901046679","2","40094752356"
"Recoil Case","Counter-Strike 2","25 Feb","25 Feb","$0.34 USD","34","sale","Recoil Case","730","2","40094747431","302028390","4901046679","2","40094747431"
"Recoil Case","Counter-Strike 2","25 Feb","25 Feb","$0.34 USD","34","sale","Recoil Case","730","2","40094753462","302028390","4901046679","2","40094753462"
"Recoil Case","Counter-Strike 2","25 Feb","25 Feb","$0.34 USD","34","sale","Recoil Case","730","2","40094788178","302028390","4901046679","2","40094788178"
"Recoil Case","Counter-Strike 2","25 Feb","25 Feb","$0.34 USD","34","sale","Recoil Case","730","2","40094785134","302028390","4901046679","2","40094785134"
"Recoil Case","Counter-Strike 2","25 Feb","25 Feb","$0.34 USD","34","sale","Recoil Case","730","2","40094759465","302028390","4901046679","2","40094759465"
"Recoil Case","Counter-Strike 2","25 Feb","25 Feb","$0.34 USD","34","sale","Recoil Case","730","2","40094714483","302028390","4901046679","2","40094714483"
"Recoil Case","Counter-Strike 2","25 Feb","25 Feb","$0.34 USD","34","sale","Recoil Case","730","2","40094737030","302028390","4901046679","2","40094737030"
"Recoil Case","Counter-Strike 2","25 Feb","25 Feb","$0.34 USD","34","sale","Recoil Case","730","2","40094742711","302028390","4901046679","2","40094742711"
"Recoil Case","Counter-Strike 2","25 Feb","25 Feb","$0.34 USD","34","sale","Recoil Case","730","2","40094706155","302028390","4901046679","2","40094706155"
"Recoil Case","Counter-Strike 2","25 Feb","25 Feb","$0.34 USD","34","sale","Recoil Case","730","2","40094716952","302028390","4901046679","2","40094716952"
"Recoil Case","Counter-Strike 2","25 Feb","25 Feb","$0.34 USD","34","sale","Recoil Case","730","2","40094719435","302028390","4901046679","2","40094719435"
"Recoil Case","Counter-Strike 2","25 Feb","25 Feb","$0.34 USD","34","sale","Recoil Case","730","2","40094719627","302028390","4901046679","2","40094719627"
"Recoil Case","Counter-Strike 2","25 Feb","25 Feb","$0.34 USD","34","sale","Recoil Case","730","2","40094743306","302028390","4901046679","2","40094743306"
"Recoil Case","Counter-Strike 2","25 Feb","25 Feb","$0.34 USD","34","sale","Recoil Case","730","2","40094643177","302028390","4901046679","2","40094643177"
"Recoil Case","Counter-Strike 2","25 Feb","25 Feb","$0.34 USD","34","sale","Recoil Case","730","2","40094686118","302028390","4901046679","2","40094686118"
"Recoil Case","Counter-Strike 2","25 Feb","25 Feb","$0.34 USD","34","sale","Recoil Case","730","2","40094573848","302028390","4901046679","2","40094573848"
"Recoil Case","Counter-Strike 2","25 Feb","25 Feb","$0.34 USD","34","sale","Recoil Case","730","2","40094696500","302028390","4901046679","2","40094696500"
"Recoil Case","Counter-Strike 2","25 Feb","25 Feb","$0.34 USD","34","sale","Recoil Case","730","2","40094685545","302028390","4901046679","2","40094685545"
"Recoil Case","Counter-Strike 2","25 Feb","25 Feb","$0.34 USD","34","sale","Recoil Case","730","2","40094697803","302028390","4901046679","2","40094697803"
"Recoil Case","Counter-Strike 2","25 Feb","25 Feb","$0.34 USD","34","sale","Recoil Case","730","2","40094692398","302028390","4901046679","2","40094692398"
"Recoil Case","Counter-Strike 2","25 Feb","25 Feb","$0.34 USD","34","sale","Recoil Case","730","2","40094704483","302028390","4901046679","2","40094704483"
"Recoil Case","Counter-Strike 2","25 Feb","25 Feb","$0.34 USD","34","sale","Recoil Case","730","2","40093118508","302028390","4901046679","2","40093118508"
"Recoil Case","Counter-Strike 2","25 Feb","25 Feb","$0.34 USD","34","sale","Recoil Case","730","2","40093600571","302028390","4901046679","2","40093600571"
"Recoil Case","Counter-Strike 2","25 Feb","25 Feb","$0.34 USD","34","sale","Recoil Case","730","2","40094537047","302028390","4901046679","2","40094537047"
"Recoil Case","Counter-Strike 2","25 Feb","25 Feb","$0.34 USD","34","sale","Recoil Case","730","2","40093619066","0","4901046679","2","40093619066"
"Recoil Case","Counter-Strike 2","25 Feb","25 Feb","$0.34 USD","34","sale","Recoil Case","730","2","40094544525","302028390","4901046679","2","40094544525"
"Recoil Case","Counter-Strike 2","25 Feb","25 Feb","$0.34 USD","34","sale","Recoil Case","730","2","40094554241","302028390","4901046679","2","40094554241"
"Recoil Case","Counter-Strike 2","25 Feb","25 Feb","$0.34 USD","34","sale","Recoil Case","730","2","40094552355","302028390","4901046679","2","40094552355"
"Recoil Case","Counter-Strike 2","25 Feb","25 Feb","$0.34 USD","34","sale","Recoil Case","730","2","40094553109","302028390","4901046679","2","40094553109"
"Recoil Case","Counter-Strike 2","25 Feb","25 Feb","$0.34 USD","34","sale","Recoil Case","730","2","40094672940","302028390","4901046679","2","40094672940"
"Recoil Case","Counter-Strike 2","25 Feb","25 Feb","$0.34 USD","34","sale","Recoil Case","730","2","40094678050","302028390","4901046679","2","40094678050"
"Recoil Case","Counter-Strike 2","25 Feb","25 Feb","$0.34 USD","34","sale","Recoil Case","730","2","40094676834","302028390","4901046679","2","40094676834"
"Recoil Case","Counter-Strike 2","25 Feb","25 Feb","$0.34 USD","34","sale","Recoil Case","730","2","40094680838","302028390","4901046679","2","40094680838"
"Recoil Case","Counter-Strike 2","25 Feb","25 Feb","$0.34 USD","34","sale","Recoil Case","730","2","40094685256","302028390","4901046679","2","40094685256"
"Recoil Case","Counter-Strike 2","25 Feb","25 Feb","$0.34 USD","34","sale","Recoil Case","730","2","40094682854","302028390","4901046679","2","40094682854"
"Recoil Case","Counter-Strike 2","25 Feb","25 Feb","$0.34 USD","34","sale","Recoil Case","730","2","40094663853","302028390","4901046679","2","40094663853"
"Recoil Case","Counter-Strike 2","25 Feb","25 Feb","$0.34 USD","34","sale","Recoil Case","730","2","40094644959","302028390","4901046679","2","40094644959"
"Recoil Case","Counter-Strike 2","25 Feb","25 Feb","$0.34 USD","34","sale","Recoil Case","730","2","40094646114","302028390","4901046679","2","40094646114"
"Recoil Case","Counter-Strike 2","25 Feb","25 Feb","$0.34 USD","34","sale","Recoil Case","730","2","40094652250","302028390","4901046679","2","40094652250"
"Recoil Case","Counter-Strike 2","25 Feb","25 Feb","$0.34 USD","34","sale","Recoil Case","730","2","40094652444","302028390","4901046679","2","40094652444"
"Recoil Case","Counter-Strike 2","25 Feb","25 Feb","$0.34 USD","34","sale","Recoil Case","730","2","40094659613","302028390","4901046679","2","40094659613"
"Recoil Case","Counter-Strike 2","25 Feb","25 Feb","$0.34 USD","34","sale","Recoil Case","730","2","40094612627","302028390","4901046679","2","40094612627"
"Recoil Case","Counter-Strike 2","25 Feb","25 Feb","$0.34 USD","34","sale","Recoil Case","730","2","40094645676","302028390","4901046679","2","40094645676"
"Recoil Case","Counter-Strike 2","25 Feb","25 Feb","$0.34 USD","34","sale","Recoil Case","730","2","40094664991","302028390","4901046679","2","40094664991"
"Recoil Case","Counter-Strike 2","25 Feb","25 Feb","$0.34 USD","34","sale","Recoil Case","730","2","40094613254","302028390","4901046679","2","40094613254"
"Recoil Case","Counter-Strike 2","25 Feb","25 Feb","$0.34 USD","34","sale","Recoil Case","730","2","40094622480","302028390","4901046679","2","40094622480"
"Recoil Case","Counter-Strike 2","25 Feb","25 Feb","$0.34 USD","34","sale","Recoil Case","730","2","40094629715","302028390","4901046679","2","40094629715"
"Recoil Case","Counter-Strike 2","25 Feb","25 Feb","$0.34 USD","34","sale","Recoil Case","730","2","40094614970","302028390","4901046679","2","40094614970"
"Recoil Case","Counter-Strike 2","25 Feb","25 Feb","$0.34 USD","34","sale","Recoil Case","730","2","40094571240","302028390","4901046679","2","40094571240"
"Recoil Case","Counter-Strike 2","25 Feb","25 Feb","$0.34 USD","34","sale","Recoil Case","730","2","40094622983","302028390","4901046679","2","40094622983"
"Recoil Case","Counter-Strike 2","25 Feb","25 Feb","$0.34 USD","34","sale","Recoil Case","730","2","40094624957","302028390","4901046679","2","40094624957"
"Recoil Case","Counter-Strike 2","25 Feb","25 Feb","$0.34 USD","34","sale","Recoil Case","730","2","40094624803","302028390","4901046679","2","40094624803"
"Recoil Case","Counter-Strike 2","25 Feb","25 Feb","$0.34 USD","34","sale","Recoil Case","730","2","40094568154","302028390","4901046679","2","40094568154"
"Recoil Case","Counter-Strike 2","25 Feb","25 Feb","$0.34 USD","34","sale","Recoil Case","730","2","40094601455","302028390","4901046679","2","40094601455"
"Recoil Case","Counter-Strike 2","25 Feb","25 Feb","$0.34 USD","34","sale","Recoil Case","730","2","40094572268","302028390","4901046679","2","40094572268"
"Recoil Case","Counter-Strike 2","25 Feb","25 Feb","$0.34 USD","34","sale","Recoil Case","730","2","40094603858","302028390","4901046679","2","40094603858"
"Recoil Case","Counter-Strike 2","25 Feb","25 Feb","$0.34 USD","34","sale","Recoil Case","730","2","40094607384","302028390","4901046679","2","40094607384"
"Recoil Case","Counter-Strike 2","25 Feb","25 Feb","$0.34 USD","34","sale","Recoil Case","730","2","40094571325","302028390","4901046679","2","40094571325"
"Recoil Case","Counter-Strike 2","25 Feb","25 Feb","$0.34 USD","34","sale","Recoil Case","730","2","40094547198","302028390","4901046679","2","40094547198"
"Recoil Case","Counter-Strike 2","25 Feb","25 Feb","$0.34 USD","34","sale","Recoil Case","730","2","40094562067","302028390","4901046679","2","40094562067"
"Recoil Case","Counter-Strike 2","25 Feb","25 Feb","$0.34 USD","34","sale","Recoil Case","730","2","40094610694","302028390","4901046679","2","40094610694"
"Recoil Case","Counter-Strike 2","25 Feb","25 Feb","$0.34 USD","34","sale","Recoil Case","730","2","40094550171","302028390","4901046679","2","40094550171"
"Recoil Case","Counter-Strike 2","25 Feb","25 Feb","$0.34 USD","34","sale","Recoil Case","730","2","40094548211","302028390","4901046679","2","40094548211"
"Recoil Case","Counter-Strike 2","25 Feb","25 Feb","$0.34 USD","34","sale","Recoil Case","730","2","40094551876","302028390","4901046679","2","40094551876"
"Recoil Case","Counter-Strike 2","25 Feb","25 Feb","$0.34 USD","34","sale","Recoil Case","730","2","40094564420","302028390","4901046679","2","40094564420"
"Recoil Case","Counter-Strike 2","25 Feb","25 Feb","$0.34 USD","34","sale","Recoil Case","730","2","40094551295","302028390","4901046679","2","40094551295"
"Recoil Case","Counter-Strike 2","25 Feb","25 Feb","$0.34 USD","34","sale","Recoil Case","730","2","40094567813","302028390","4901046679","2","40094567813"
"Recoil Case","Counter-Strike 2","25 Feb","25 Feb","$0.34 USD","34","sale","Recoil Case","730","2","40094529040","302028390","4901046679","2","40094529040"
"Recoil Case","Counter-Strike 2","25 Feb","25 Feb","$0.34 USD","34","sale","Recoil Case","730","2","40094494127","302028390","4901046679","2","40094494127"
"Recoil Case","Counter-Strike 2","25 Feb","25 Feb","$0.34 USD","34","sale","Recoil Case","730","2","40094527496","302028390","4901046679","2","40094527496"
"Recoil Case","Counter-Strike 2","25 Feb","25 Feb","$0.34 USD","34","sale","Recoil Case","730","2","40094445438","302028390","4901046679","2","40094445438"
"Recoil Case","Counter-Strike 2","25 Feb","25 Feb","$0.34 USD","34","sale","Recoil Case","730","2","40094462918","302028390","4901046679","2","40094462918"
"Recoil Case","Counter-Strike 2","25 Feb","25 Feb","$0.34 USD","34","sale","Recoil Case","730","2","40094501853","302028390","4901046679","2","40094501853"
"Recoil Case","Counter-Strike 2","25 Feb","25 Feb","$0.34 USD","34","sale","Recoil Case","730","2","40094487081","302028390","4901046679","2","40094487081"
"Recoil Case","Counter-Strike 2","25 Feb","25 Feb","$0.34 USD","34","sale","Recoil Case","730","2","40094473080","302028390","4901046679","2","40094473080"
"Recoil Case","Counter-Strike 2","25 Feb","25 Feb","$0.34 USD","34","sale","Recoil Case","730","2","40094405699","302028390","4901046679","2","40094405699"
"Recoil Case","Counter-Strike 2","25 Feb","25 Feb","$0.34 USD","34","sale","Recoil Case","730","2","40094422126","302028390","4901046679","2","40094422126"
"Recoil Case","Counter-Strike 2","25 Feb","25 Feb","$0.34 USD","34","sale","Recoil Case","730","2","40094426913","302028390","4901046679","2","40094426913"
"Recoil Case","Counter-Strike 2","25 Feb","25 Feb","$0.34 USD","34","sale","Recoil Case","730","2","40094418516","302028390","4901046679","2","40094418516"
"Recoil Case","Counter-Strike 2","25 Feb","25 Feb","$0.34 USD","34","sale","Recoil Case","730","2","40094420678","302028390","4901046679","2","40094420678"
"Recoil Case","Counter-Strike 2","25 Feb","25 Feb","$0.34 USD","34","sale","Recoil Case","730","2","40094423512","302028390","4901046679","2","40094423512"
"Recoil Case","Counter-Strike 2","25 Feb","25 Feb","$0.34 USD","34","sale","Recoil Case","730","2","40094402705","302028390","4901046679","2","40094402705"
"Recoil Case","Counter-Strike 2","25 Feb","25 Feb","$0.34 USD","34","sale","Recoil Case","730","2","40094433776","302028390","4901046679","2","40094433776"
"Recoil Case","Counter-Strike 2","25 Feb","25 Feb","$0.34 USD","34","sale","Recoil Case","730","2","40093956611","302028390","4901046679","2","40093956611"
"Recoil Case","Counter-Strike 2","25 Feb","25 Feb","$0.34 USD","34","sale","Recoil Case","730","2","40093942863","0","4901046679","2","40093942863"
"Recoil Case","Counter-Strike 2","25 Feb","25 Feb","$0.34 USD","34","sale","Recoil Case","730","2","40093940751","302028390","4901046679","2","40093940751"
"Recoil Case","Counter-Strike 2","25 Feb","25 Feb","$0.34 USD","34","sale","Recoil Case","730","2","40093958682","302028390","4901046679","2","40093958682"
"Recoil Case","Counter-Strike 2","25 Feb","25 Feb","$0.34 USD","34","sale","Recoil Case","730","2","40093963155","302028390","4901046679","2","40093963155"
"Recoil Case","Counter-Strike 2","25 Feb","25 Feb","$0.34 USD","34","sale","Recoil Case","730","2","40093946030","302028390","4901046679","2","40093946030"
"Recoil Case","Counter-Strike 2","25 Feb","25 Feb","$0.34 USD","34","sale","Recoil Case","730","2","40093943679","302028390","4901046679","2","40093943679"
"Recoil Case","Counter-Strike 2","25 Feb","25 Feb","$0.34 USD","34","sale","Recoil Case","730","2","40093951713","302028390","4901046679","2","40093951713"
"Recoil Case","Counter-Strike 2","25 Feb","25 Feb","$0.34 USD","34","sale","Recoil Case","730","2","40093723109","302028390","4901046679","2","40093723109"
"Recoil Case","Counter-Strike 2","25 Feb","25 Feb","$0.34 USD","34","sale","Recoil Case","730","2","40093720522","302028390","4901046679","2","40093720522"
"Recoil Case","Counter-Strike 2","25 Feb","25 Feb","$0.34 USD","34","sale","Recoil Case","730","2","40093730907","302028390","4901046679","2","40093730907"
"Recoil Case","Counter-Strike 2","25 Feb","25 Feb","$0.34 USD","34","sale","Recoil Case","730","2","40093726235","302028390","4901046679","2","40093726235"
"Recoil Case","Counter-Strike 2","25 Feb","25 Feb","$0.34 USD","34","sale","Recoil Case","730","2","40093922847","302028390","4901046679","2","40093922847"
"Recoil Case","Counter-Strike 2","25 Feb","25 Feb","$0.34 USD","34","sale","Recoil Case","730","2","40093931449","302028390","4901046679","2","40093931449"
"Recoil Case","Counter-Strike 2","25 Feb","25 Feb","$0.34 USD","34","sale","Recoil Case","730","2","40093931609","302028390","4901046679","2","40093931609"
"Recoil Case","Counter-Strike 2","25 Feb","25 Feb","$0.34 USD","34","sale","Recoil Case","730","2","40093933053","302028390","4901046679","2","40093933053"
"Recoil Case","Counter-Strike 2","25 Feb","25 Feb","$0.34 USD","34","sale","Recoil Case","730","2","40093617647","302028390","4901046679","2","40093617647"
"Recoil Case","Counter-Strike 2","25 Feb","25 Feb","$0.34 USD","34","sale","Recoil Case","730","2","40093622118","0","4901046679","2","40093622118"
"Recoil Case","Counter-Strike 2","25 Feb","25 Feb","$0.34 USD","34","sale","Recoil Case","730","2","40093622697","302028390","4901046679","2","40093622697"
"Recoil Case","Counter-Strike 2","25 Feb","25 Feb","$0.34 USD","34","sale","Recoil Case","730","2","40093712801","302028390","4901046679","2","40093712801"
"Recoil Case","Counter-Strike 2","25 Feb","25 Feb","$0.34 USD","34","sale","Recoil Case","730","2","40093614137","302028390","4901046679","2","40093614137"
"Recoil Case","Counter-Strike 2","25 Feb","25 Feb","$0.34 USD","34","sale","Recoil Case","730","2","40093619322","0","4901046679","2","40093619322"
"Recoil Case","Counter-Strike 2","25 Feb","25 Feb","$0.34 USD","34","sale","Recoil Case","730","2","40093717227","302028390","4901046679","2","40093717227"
"Recoil Case","Counter-Strike 2","25 Feb","25 Feb","$0.34 USD","34","sale","Recoil Case","730","2","40093717748","302028390","4901046679","2","40093717748"
"Recoil Case","Counter-Strike 2","25 Feb","25 Feb","$0.34 USD","34","sale","Recoil Case","730","2","40093114871","302028390","4901046679","2","40093114871"
"Recoil Case","Counter-Strike 2","25 Feb","25 Feb","$0.34 USD","34","sale","Recoil Case","730","2","40093115033","302028390","4901046679","2","40093115033"
"Recoil Case","Counter-Strike 2","25 Feb","25 Feb","$0.34 USD","34","sale","Recoil Case","730","2","40093601388","302028390","4901046679","2","40093601388"
"Recoil Case","Counter-Strike 2","25 Feb","25 Feb","$0.34 USD","34","sale","Recoil Case","730","2","40093612130","302028390","4901046679","2","40093612130"
"Recoil Case","Counter-Strike 2","25 Feb","25 Feb","$0.34 USD","34","sale","Recoil Case","730","2","40093595642","302028390","4901046679","2","40093595642"
"Recoil Case","Counter-Strike 2","25 Feb","25 Feb","$0.34 USD","34","sale","Recoil Case","730","2","40093115654","302028390","4901046679","2","40093115654"
"Recoil Case","Counter-Strike 2","25 Feb","25 Feb","$0.34 USD","34","sale","Recoil Case","730","2","40093120610","302028390","4901046679","2","40093120610"
"Recoil Case","Counter-Strike 2","25 Feb","25 Feb","$0.34 USD","34","sale","Recoil Case","730","2","40093117110","302028390","4901046679","2","40093117110"
"Recoil Case","Counter-Strike 2","25 Feb","25 Feb","$0.34 USD","34","sale","Recoil Case","730","2","40093101232","302028390","4901046679","2","40093101232"
"Recoil Case","Counter-Strike 2","25 Feb","25 Feb","$0.34 USD","34","sale","Recoil Case","730","2","40093113242","302028390","4901046679","2","40093113242"
"Recoil Case","Counter-Strike 2","25 Feb","25 Feb","$0.34 USD","34","sale","Recoil Case","730","2","40093111224","302028390","4901046679","2","40093111224"
"Recoil Case","Counter-Strike 2","25 Feb","25 Feb","$0.34 USD","34","sale","Recoil Case","730","2","40093114592","302028390","4901046679","2","40093114592"
"Recoil Case","Counter-Strike 2","25 Feb","25 Feb","$0.34 USD","34","sale","Recoil Case","730","2","40093106795","302028390","4901046679","2","40093106795"
"Recoil Case","Counter-Strike 2","25 Feb","25 Feb","$0.34 USD","34","sale","Recoil Case","730","2","40093113655","302028390","4901046679","2","40093113655"
"Recoil Case","Counter-Strike 2","25 Feb","25 Feb","$0.34 USD","34","sale","Recoil Case","730","2","40093114308","302028390","4901046679","2","40093114308"
"Recoil Case","Counter-Strike 2","25 Feb","25 Feb","$0.34 USD","34","sale","Recoil Case","730","2","40093114399","302028390","4901046679","2","40093114399"
"Recoil Case","Counter-Strike 2","25 Feb","25 Feb","$0.34 USD","34","sale","Recoil Case","730","2","40093082434","302028390","4901046679","2","40093082434"
"Recoil Case","Counter-Strike 2","25 Feb","25 Feb","$0.34 USD","34","sale","Recoil Case","730","2","40093082532","302028390","4901046679","2","40093082532"
"Recoil Case","Counter-Strike 2","25 Feb","25 Feb","$0.34 USD","34","sale","Recoil Case","730","2","40093083730","302028390","4901046679","2","40093083730"
"Recoil Case","Counter-Strike 2","25 Feb","25 Feb","$0.34 USD","34","sale","Recoil Case","730","2","40093089631","302028390","4901046679","2","40093089631"
"Recoil Case","Counter-Strike 2","25 Feb","25 Feb","$0.34 USD","34","sale","Recoil Case","730","2","40093089968","302028390","4901046679","2","40093089968"
"Recoil Case","Counter-Strike 2","25 Feb","25 Feb","$0.34 USD","34","sale","Recoil Case","730","2","40093091181","302028390","4901046679","2","40093091181"
"Recoil Case","Counter-Strike 2","25 Feb","25 Feb","$0.34 USD","34","sale","Recoil Case","730","2","40093097767","302028390","4901046679","2","40093097767"
"Recoil Case","Counter-Strike 2","25 Feb","25 Feb","$0.34 USD","34","sale","Recoil Case","730","2","40093100169","302028390","4901046679","2","40093100169"
"Recoil Case","Counter-Strike 2","25 Feb","25 Feb","$0.34 USD","34","sale","Recoil Case","730","2","40093054607","302028390","4901046679","2","40093054607"
"Recoil Case","Counter-Strike 2","25 Feb","25 Feb","$0.34 USD","34","sale","Recoil Case","730","2","40093061344","302028390","4901046679","2","40093061344"
"Recoil Case","Counter-Strike 2","25 Feb","25 Feb","$0.34 USD","34","sale","Recoil Case","730","2","40093055077","302028390","4901046679","2","40093055077"
"Recoil Case","Counter-Strike 2","25 Feb","25 Feb","$0.34 USD","34","sale","Recoil Case","730","2","40093070741","302028390","4901046679","2","40093070741"
"Recoil Case","Counter-Strike 2","25 Feb","25 Feb","$0.34 USD","34","sale","Recoil Case","730","2","40093073196","302028390","4901046679","2","40093073196"
"Recoil Case","Counter-Strike 2","25 Feb","25 Feb","$0.34 USD","34","sale","Recoil Case","730","2","40093075493","302028390","4901046679","2","40093075493"
"Recoil Case","Counter-Strike 2","25 Feb","25 Feb","$0.34 USD","34","sale","Recoil Case","730","2","40093080035","302028390","4901046679","2","40093080035"
"Recoil Case","Counter-Strike 2","25 Feb","25 Feb","$0.34 USD","34","sale","Recoil Case","730","2","40093080764","302028390","4901046679","2","40093080764"
"Recoil Case","Counter-Strike 2","25 Feb","25 Feb","$0.34 USD","34","sale","Recoil Case","730","2","40094279694","302028390","4901046679","2","40094279694"
"Recoil Case","Counter-Strike 2","25 Feb","25 Feb","$0.34 USD","34","sale","Recoil Case","730","2","40094291834","302028390","4901046679","2","40094291834"
"Recoil Case","Counter-Strike 2","25 Feb","25 Feb","$0.34 USD","34","sale","Recoil Case","730","2","40094292137","0","4901046679","2","40094292137"
"Recoil Case","Counter-Strike 2","25 Feb","25 Feb","$0.34 USD","34","sale","Recoil Case","730","2","40094292618","0","4901046679","2","40094292618"
"Recoil Case","Counter-Strike 2","25 Feb","25 Feb","$0.34 USD","34","sale","Recoil Case","730","2","40094305050","302028390","4901046679","2","40094305050"
"Recoil Case","Counter-Strike 2","25 Feb","25 Feb","$0.34 USD","34","sale","Recoil Case","730","2","40094293260","0","4901046679","2","40094293260"
"Recoil Case","Counter-Strike 2","25 Feb","25 Feb","$0.34 USD","34","sale","Recoil Case","730","2","40093577393","302028390","4901046679","2","40093577393"
"Recoil Case","Counter-Strike 2","25 Feb","25 Feb","$0.34 USD","34","sale","Recoil Case","730","2","40093580550","302028390","4901046679","2","40093580550"
"Recoil Case","Counter-Strike 2","25 Feb","25 Feb","$0.34 USD","34","sale","Recoil Case","730","2","40093141879","302028390","4901046679","2","40093141879"
"Recoil Case","Counter-Strike 2","25 Feb","25 Feb","$0.34 USD","34","sale","Recoil Case","730","2","40093568879","302028390","4901046679","2","40093568879"
"Recoil Case","Counter-Strike 2","25 Feb","25 Feb","$0.34 USD","34","sale","Recoil Case","730","2","40093128837","302028390","4901046679","2","40093128837"
"Recoil Case","Counter-Strike 2","25 Feb","25 Feb","$0.34 USD","34","sale","Recoil Case","730","2","40093121876","302028390","4901046679","2","40093121876"
"Recoil Case","Counter-Strike 2","25 Feb","25 Feb","$0.34 USD","34","sale","Recoil Case","730","2","40093569696","302028390","4901046679","2","40093569696"
"Recoil Case","Counter-Strike 2","25 Feb","25 Feb","$0.34 USD","34","sale","Recoil Case","730","2","40093143688","302028390","4901046679","2","40093143688"
"Recoil Case","Counter-Strike 2","25 Feb","25 Feb","$0.34 USD","34","sale","Recoil Case","730","2","40093573704","302028390","4901046679","2","40093573704"
"Recoil Case","Counter-Strike 2","25 Feb","25 Feb","$0.34 USD","34","sale","Recoil Case","730","2","40093048928","0","4901046679","2","40093048928"
"Recoil Case","Counter-Strike 2","25 Feb","25 Feb","$0.34 USD","34","sale","Recoil Case","730","2","40093048844","302028390","4901046679","2","40093048844"
"Recoil Case","Counter-Strike 2","25 Feb","25 Feb","$0.34 USD","34","sale","Recoil Case","730","2","40093570101","302028390","4901046679","2","40093570101"
"Recoil Case","Counter-Strike 2","25 Feb","25 Feb","$0.34 USD","34","sale","Recoil Case","730","2","40093049616","0","4901046679","2","40093049616"
"Recoil Case","Counter-Strike 2","25 Feb","25 Feb","$0.34 USD","34","sale","Recoil Case","730","2","40093049892","0","4901046679","2","40093049892"
"Recoil Case","Counter-Strike 2","25 Feb","25 Feb","$0.34 USD","34","sale","Recoil Case","730","2","40093050224","0","4901046679","2","40093050224"
"Recoil Case","Counter-Strike 2","25 Feb","25 Feb","$0.34 USD","34","sale","Recoil Case","730","2","40093051711","302028390","4901046679","2","40093051711"
"Recoil Case","Counter-Strike 2","25 Feb","25 Feb","$0.34 USD","34","sale","Recoil Case","730","2","40093118272","302028390","4901046679","2","40093118272"
"Recoil Case","Counter-Strike 2","25 Feb","25 Feb","$0.34 USD","34","sale","Recoil Case","730","2","40093041664","0","4901046679","2","40093041664"
"Recoil Case","Counter-Strike 2","25 Feb","25 Feb","$0.34 USD","34","sale","Recoil Case","730","2","40093046190","302028390","4901046679","2","40093046190"
"Recoil Case","Counter-Strike 2","25 Feb","25 Feb","$0.34 USD","34","sale","Recoil Case","730","2","40093042202","302028390","4901046679","2","40093042202"
"Recoil Case","Counter-Strike 2","25 Feb","25 Feb","$0.34 USD","34","sale","Recoil Case","730","2","40093039593","302028390","4901046679","2","40093039593"
"Recoil Case","Counter-Strike 2","25 Feb","25 Feb","$0.34 USD","34","sale","Recoil Case","730","2","40093043434","302028390","4901046679","2","40093043434"
"Recoil Case","Counter-Strike 2","25 Feb","25 Feb","$0.34 USD","34","sale","Recoil Case","730","2","40093043725","0","4901046679","2","40093043725"
"Recoil Case","Counter-Strike 2","25 Feb","25 Feb","$0.34 USD","34","sale","Recoil Case","730","2","40093044157","0","4901046679","2","40093044157"
"Recoil Case","Counter-Strike 2","25 Feb","25 Feb","$0.34 USD","34","sale","Recoil Case","730","2","40093045494","302028390","4901046679","2","40093045494"
"Recoil Case","Counter-Strike 2","25 Feb","25 Feb","$0.34 USD","34","sale","Recoil Case","730","2","40093045259","302028390","4901046679","2","40093045259"
"Recoil Case","Counter-Strike 2","25 Feb","25 Feb","$0.34 USD","34","sale","Recoil Case","730","2","40093129286","302028390","4901046679","2","40093129286"
"Recoil Case","Counter-Strike 2","25 Feb","25 Feb","$0.34 USD","34","sale","Recoil Case","730","2","40093130118","302028390","4901046679","2","40093130118"
"Recoil Case","Counter-Strike 2","25 Feb","25 Feb","$0.34 USD","34","sale","Recoil Case","730","2","40093131107","302028390","4901046679","2","40093131107"
"Recoil Case","Counter-Strike 2","25 Feb","25 Feb","$0.34 USD","34","sale","Recoil Case","730","2","40093131008","302028390","4901046679","2","40093131008"
"Recoil Case","Counter-Strike 2","25 Feb","25 Feb","$0.34 USD","34","sale","Recoil Case","730","2","40093131591","302028390","4901046679","2","40093131591"
"Recoil Case","Counter-Strike 2","25 Feb","25 Feb","$0.34 USD","34","sale","Recoil Case","730","2","40093134940","302028390","4901046679","2","40093134940"
"Recoil Case","Counter-Strike 2","25 Feb","25 Feb","$0.34 USD","34","sale","Recoil Case","730","2","40093135120","302028390","4901046679","2","40093135120"
"Recoil Case","Counter-Strike 2","25 Feb","25 Feb","$0.34 USD","34","sale","Recoil Case","730","2","40093134115","302028390","4901046679","2","40093134115"
"Recoil Case","Counter-Strike 2","25 Feb","25 Feb","$0.34 USD","34","sale","Recoil Case","730","2","40093135377","302028390","4901046679","2","40093135377"
"Recoil Case","Counter-Strike 2","25 Feb","25 Feb","$0.34 USD","34","sale","Recoil Case","730","2","40093135815","302028390","4901046679","2","40093135815"
"Recoil Case","Counter-Strike 2","25 Feb","25 Feb","$0.34 USD","34","sale","Recoil Case","730","2","40093135604","302028390","4901046679","2","40093135604"
"Recoil Case","Counter-Strike 2","25 Feb","25 Feb","$0.34 USD","34","sale","Recoil Case","730","2","40093136016","302028390","4901046679","2","40093136016"
"Recoil Case","Counter-Strike 2","25 Feb","25 Feb","$0.34 USD","34","sale","Recoil Case","730","2","40093136309","302028390","4901046679","2","40093136309"
"Recoil Case","Counter-Strike 2","25 Feb","25 Feb","$0.34 USD","34","sale","Recoil Case","730","2","40093136491","302028390","4901046679","2","40093136491"
"Recoil Case","Counter-Strike 2","25 Feb","25 Feb","$0.34 USD","34","sale","Recoil Case","730","2","40093136684","302028390","4901046679","2","40093136684"
"Recoil Case","Counter-Strike 2","25 Feb","25 Feb","$0.34 USD","34","sale","Recoil Case","730","2","40093136981","302028390","4901046679","2","40093136981"
"Recoil Case","Counter-Strike 2","25 Feb","25 Feb","$0.34 USD","34","sale","Recoil Case","730","2","40093967078","302028390","4901046679","2","40093967078"
"Recoil Case","Counter-Strike 2","25 Feb","25 Feb","$0.34 USD","34","sale","Recoil Case","730","2","40093137164","302028390","4901046679","2","40093137164"
"Recoil Case","Counter-Strike 2","25 Feb","25 Feb","$0.34 USD","34","sale","Recoil Case","730","2","40093985033","302028390","4901046679","2","40093985033"
"Recoil Case","Counter-Strike 2","25 Feb","25 Feb","$0.34 USD","34","sale","Recoil Case","730","2","40094000563","302028390","4901046679","2","40094000563"
"Recoil Case","Counter-Strike 2","25 Feb","25 Feb","$0.34 USD","34","sale","Recoil Case","730","2","40093995548","302028390","4901046679","2","40093995548"
"Recoil Case","Counter-Strike 2","25 Feb","25 Feb","$0.34 USD","34","sale","Recoil Case","730","2","40094390841","302028390","4901046679","2","40094390841"
"Recoil Case","Counter-Strike 2","25 Feb","25 Feb","$0.34 USD","34","sale","Recoil Case","730","2","40094399128","302028390","4901046679","2","40094399128"
"Recoil Case","Counter-Strike 2","25 Feb","25 Feb","$0.34 USD","34","sale","Recoil Case","730","2","40093632187","302028390","4901046679","2","40093632187"
"Recoil Case","Counter-Strike 2","25 Feb","25 Feb","$0.34 USD","34","sale","Recoil Case","730","2","40093632605","302028390","4901046679","2","40093632605"
"Recoil Case","Counter-Strike 2","25 Feb","25 Feb","$0.34 USD","34","sale","Recoil Case","730","2","40093631704","302028390","4901046679","2","40093631704"
"Recoil Case","Counter-Strike 2","25 Feb","25 Feb","$0.34 USD","34","sale","Recoil Case","730","2","40093642193","302028390","4901046679","2","40093642193"
"Recoil Case","Counter-Strike 2","25 Feb","25 Feb","$0.34 USD","34","sale","Recoil Case","730","2","40093643880","302028390","4901046679","2","40093643880"
"Recoil Case","Counter-Strike 2","25 Feb","25 Feb","$0.34 USD","34","sale","Recoil Case","730","2","40093651207","302028390","4901046679","2","40093651207"
"Recoil Case","Counter-Strike 2","25 Feb","25 Feb","$0.34 USD","34","sale","Recoil Case","730","2","40093655547","302028390","4901046679","2","40093655547"
"Recoil Case","Counter-Strike 2","25 Feb","25 Feb","$0.34 USD","34","sale","Recoil Case","730","2","40093680603","302028390","4901046679","2","40093680603"
"Recoil Case","Counter-Strike 2","25 Feb","25 Feb","$0.34 USD","34","sale","Recoil Case","730","2","40093672294","302028390","4901046679","2","40093672294"
"Recoil Case","Counter-Strike 2","25 Feb","25 Feb","$0.34 USD","34","sale","Recoil Case","730","2","40093658775","302028390","4901046679","2","40093658775"
"Recoil Case","Counter-Strike 2","25 Feb","25 Feb","$0.34 USD","34","sale","Recoil Case","730","2","40093705265","302028390","4901046679","2","40093705265"
"Recoil Case","Counter-Strike 2","25 Feb","25 Feb","$0.34 USD","34","sale","Recoil Case","730","2","40093689150","302028390","4901046679","2","40093689150"
"Recoil Case","Counter-Strike 2","25 Feb","25 Feb","$0.34 USD","34","sale","Recoil Case","730","2","40093692353","302028390","4901046679","2","40093692353"
"Recoil Case","Counter-Strike 2","25 Feb","25 Feb","$0.34 USD","34","sale","Recoil Case","730","2","40093691048","302028390","4901046679","2","40093691048"
"Recoil Case","Counter-Strike 2","25 Feb","25 Feb","$0.34 USD","34","sale","Recoil Case","730","2","40093689984","302028390","4901046679","2","40093689984"
"Recoil Case","Counter-Strike 2","25 Feb","25 Feb","$0.34 USD","34","sale","Recoil Case","730","2","40093707417","302028390","4901046679","2","40093707417"
"Recoil Case","Counter-Strike 2","25 Feb","25 Feb","$0.34 USD","34","sale","Recoil Case","730","2","40094063451","302028390","4901046679","2","40094063451"
"Recoil Case","Counter-Strike 2","25 Feb","25 Feb","$0.34 USD","34","sale","Recoil Case","730","2","40093706712","302028390","4901046679","2","40093706712"
"Recoil Case","Counter-Strike 2","25 Feb","25 Feb","$0.34 USD","34","sale","Recoil Case","730","2","40094098301","302028390","4901046679","2","40094098301"
"Recoil Case","Counter-Strike 2","25 Feb","25 Feb","$0.34 USD","34","sale","Recoil Case","730","2","40094075487","302028390","4901046679","2","40094075487"
"Recoil Case","Counter-Strike 2","25 Feb","25 Feb","$0.34 USD","34","sale","Recoil Case","730","2","40094028717","302028390","4901046679","2","40094028717"
"Recoil Case","Counter-Strike 2","25 Feb","25 Feb","$0.34 USD","34","sale","Recoil Case","730","2","40094026592","302028390","4901046679","2","40094026592"
"Recoil Case","Counter-Strike 2","25 Feb","25 Feb","$0.34 USD","34","sale","Recoil Case","730","2","40094097112","302028390","4901046679","2","40094097112"
"Recoil Case","Counter-Strike 2","25 Feb","25 Feb","$0.34 USD","34","sale","Recoil Case","730","2","40094026285","302028390","4901046679","2","40094026285"
"Recoil Case","Counter-Strike 2","25 Feb","25 Feb","$0.34 USD","34","sale","Recoil Case","730","2","40094037461","302028390","4901046679","2","40094037461"
"Recoil Case","Counter-Strike 2","25 Feb","25 Feb","$0.34 USD","34","sale","Recoil Case","730","2","40094013122","302028390","4901046679","2","40094013122"
"Recoil Case","Counter-Strike 2","25 Feb","25 Feb","$0.34 USD","34","sale","Recoil Case","730","2","40094021917","302028390","4901046679","2","40094021917"
"Recoil Case","Counter-Strike 2","25 Feb","25 Feb","$0.34 USD","34","sale","Recoil Case","730","2","40094042138","302028390","4901046679","2","40094042138"
"Recoil Case","Counter-Strike 2","25 Feb","25 Feb","$0.34 USD","34","sale","Recoil Case","730","2","40093743175","302028390","4901046679","2","40093743175"
"Recoil Case","Counter-Strike 2","25 Feb","25 Feb","$0.34 USD","34","sale","Recoil Case","730","2","40094024820","302028390","4901046679","2","40094024820"
"Recoil Case","Counter-Strike 2","25 Feb","25 Feb","$0.34 USD","34","sale","Recoil Case","730","2","40093760536","302028390","4901046679","2","40093760536"
"Recoil Case","Counter-Strike 2","25 Feb","25 Feb","$0.34 USD","34","sale","Recoil Case","730","2","40093751656","302028390","4901046679","2","40093751656"
"Recoil Case","Counter-Strike 2","25 Feb","25 Feb","$0.34 USD","34","sale","Recoil Case","730","2","40093778489","302028390","4901046679","2","40093778489"
"Recoil Case","Counter-Strike 2","25 Feb","25 Feb","$0.34 USD","34","sale","Recoil Case","730","2","40093780015","302028390","4901046679","2","40093780015"
"Recoil Case","Counter-Strike 2","25 Feb","25 Feb","$0.34 USD","34","sale","Recoil Case","730","2","40093799416","302028390","4901046679","2","40093799416"
"Recoil Case","Counter-Strike 2","25 Feb","25 Feb","$0.34 USD","34","sale","Recoil Case","730","2","40093802305","302028390","4901046679","2","40093802305"
"Recoil Case","Counter-Strike 2","25 Feb","25 Feb","$0.34 USD","34","sale","Recoil Case","730","2","40093810797","302028390","4901046679","2","40093810797"
"Recoil Case","Counter-Strike 2","25 Feb","25 Feb","$0.34 USD","34","sale","Recoil Case","730","2","40093813277","302028390","4901046679","2","40093813277"
"Recoil Case","Counter-Strike 2","25 Feb","25 Feb","$0.34 USD","34","sale","Recoil Case","730","2","40093820197","302028390","4901046679","2","40093820197"
"Recoil Case","Counter-Strike 2","25 Feb","25 Feb","$0.34 USD","34","sale","Recoil Case","730","2","40093887406","302028390","4901046679","2","40093887406"
"Recoil Case","Counter-Strike 2","25 Feb","25 Feb","$0.34 USD","34","sale","Recoil Case","730","2","40093872324","302028390","4901046679","2","40093872324"
"Recoil Case","Counter-Strike 2","25 Feb","25 Feb","$0.34 USD","34","sale","Recoil Case","730","2","40093870804","302028390","4901046679","2","40093870804"
"Recoil Case","Counter-Strike 2","25 Feb","25 Feb","$0.34 USD","34","sale","Recoil Case","730","2","40093861779","302028390","4901046679","2","40093861779"
"Recoil Case","Counter-Strike 2","25 Feb","25 Feb","$0.34 USD","34","sale","Recoil Case","730","2","40093903909","302028390","4901046679","2","40093903909"
"Recoil Case","Counter-Strike 2","25 Feb","25 Feb","$0.34 USD","34","sale","Recoil Case","730","2","40093906335","302028390","4901046679","2","40093906335"
"Recoil Case","Counter-Strike 2","25 Feb","25 Feb","$0.34 USD","34","sale","Recoil Case","730","2","40094382622","302028390","4901046679","2","40094382622"
"Recoil Case","Counter-Strike 2","25 Feb","25 Feb","$0.34 USD","34","sale","Recoil Case","730","2","40094388557","302028390","4901046679","2","40094388557"
"Recoil Case","Counter-Strike 2","25 Feb","25 Feb","$0.34 USD","34","sale","Recoil Case","730","2","40094381971","302028390","4901046679","2","40094381971"
"Recoil Case","Counter-Strike 2","25 Feb","25 Feb","$0.34 USD","34","sale","Recoil Case","730","2","40094382182","302028390","4901046679","2","40094382182"
"Recoil Case","Counter-Strike 2","25 Feb","25 Feb","$0.34 USD","34","sale","Recoil Case","730","2","40094383732","302028390","4901046679","2","40094383732"
"Recoil Case","Counter-Strike 2","25 Feb","25 Feb","$0.34 USD","34","sale","Recoil Case","730","2","40094388272","302028390","4901046679","2","40094388272"
"Recoil Case","Counter-Strike 2","25 Feb","25 Feb","$0.34 USD","34","sale","Recoil Case","730","2","40094098951","302028390","4901046679","2","40094098951"
"Recoil Case","Counter-Strike 2","25 Feb","25 Feb","$0.34 USD","34","sale","Recoil Case","730","2","40093920366","302028390","4901046679","2","40093920366"
"Recoil Case","Counter-Strike 2","25 Feb","25 Feb","$0.34 USD","34","sale","Recoil Case","730","2","40094331853","302028390","4901046679","2","40094331853"
"Recoil Case","Counter-Strike 2","25 Feb","25 Feb","$0.34 USD","34","sale","Recoil Case","730","2","40094333544","302028390","4901046679","2","40094333544"
"Recoil Case","Counter-Strike 2","25 Feb","25 Feb","$0.34 USD","34","sale","Recoil Case","730","2","40094355658","302028390","4901046679","2","40094355658"
"Recoil Case","Counter-Strike 2","25 Feb","25 Feb","$0.34 USD","34","sale","Recoil Case","730","2","40094356027","302028390","4901046679","2","40094356027"
"Recoil Case","Counter-Strike 2","25 Feb","25 Feb","$0.34 USD","34","sale","Recoil Case","730","2","40094356756","0","4901046679","2","40094356756"
"Recoil Case","Counter-Strike 2","25 Feb","25 Feb","$0.34 USD","34","sale","Recoil Case","730","2","40094113103","302028390","4901046679","2","40094113103"
"Recoil Case","Counter-Strike 2","25 Feb","25 Feb","$0.34 USD","34","sale","Recoil Case","730","2","40094113727","302028390","4901046679","2","40094113727"
"Recoil Case","Counter-Strike 2","25 Feb","25 Feb","$0.34 USD","34","sale","Recoil Case","730","2","40094108495","302028390","4901046679","2","40094108495"
"Recoil Case","Counter-Strike 2","25 Feb","25 Feb","$0.34 USD","34","sale","Recoil Case","730","2","40094111455","302028390","4901046679","2","40094111455"
"Recoil Case","Counter-Strike 2","25 Feb","25 Feb","$0.34 USD","34","sale","Recoil Case","730","2","40094114553","302028390","4901046679","2","40094114553"
"Recoil Case","Counter-Strike 2","25 Feb","25 Feb","$0.34 USD","34","sale","Recoil Case","730","2","40094125485","302028390","4901046679","2","40094125485"
"Recoil Case","Counter-Strike 2","25 Feb","25 Feb","$0.34 USD","34","sale","Recoil Case","730","2","40094125872","302028390","4901046679","2","40094125872"
"Recoil Case","Counter-Strike 2","25 Feb","25 Feb","$0.34 USD","34","sale","Recoil Case","730","2","40094133480","302028390","4901046679","2","40094133480"
"Recoil Case","Counter-Strike 2","25 Feb","25 Feb","$0.34 USD","34","sale","Recoil Case","730","2","40094139240","302028390","4901046679","2","40094139240"
"Recoil Case","Counter-Strike 2","25 Feb","25 Feb","$0.34 USD","34","sale","Recoil Case","730","2","40094156592","302028390","4901046679","2","40094156592"
"Recoil Case","Counter-Strike 2","25 Feb","25 Feb","$0.34 USD","34","sale","Recoil Case","730","2","40094176304","302028390","4901046679","2","40094176304"
"Recoil Case","Counter-Strike 2","25 Feb","25 Feb","$0.34 USD","34","sale","Recoil Case","730","2","40094174869","302028390","4901046679","2","40094174869"
"Recoil Case","Counter-Strike 2","25 Feb","25 Feb","$0.34 USD","34","sale","Recoil Case","730","2","40094182261","302028390","4901046679","2","40094182261"
"Recoil Case","Counter-Strike 2","25 Feb","25 Feb","$0.34 USD","34","sale","Recoil Case","730","2","40094179408","302028390","4901046679","2","40094179408"
"Recoil Case","Counter-Strike 2","25 Feb","25 Feb","$0.34 USD","34","sale","Recoil Case","730","2","40094183462","302028390","4901046679","2","40094183462"
"Recoil Case","Counter-Strike 2","25 Feb","25 Feb","$0.34 USD","34","sale","Recoil Case","730","2","40094202607","302028390","4901046679","2","40094202607"
"Recoil Case","Counter-Strike 2","25 Feb","25 Feb","$0.34 USD","34","sale","Recoil Case","730","2","40094202280","302028390","4901046679","2","40094202280"
"Recoil Case","Counter-Strike 2","25 Feb","25 Feb","$0.34 USD","34","sale","Recoil Case","730","2","40094207796","302028390","4901046679","2","40094207796"
"Recoil Case","Counter-Strike 2","25 Feb","25 Feb","$0.34 USD","34","sale","Recoil Case","730","2","40095362216","302028390","4901046679","2","40095362216"
"Recoil Case","Counter-Strike 2","25 Feb","25 Feb","$0.34 USD","34","sale","Recoil Case","730","2","40095353726","302028390","4901046679","2","40095353726"
"Recoil Case","Counter-Strike 2","25 Feb","25 Feb","$0.34 USD","34","sale","Recoil Case","730","2","40095343488","302028390","4901046679","2","40095343488"
"Recoil Case","Counter-Strike 2","25 Feb","25 Feb","$0.34 USD","34","sale","Recoil Case","730","2","40095350363","302028390","4901046679","2","40095350363"
"Recoil Case","Counter-Strike 2","25 Feb","25 Feb","$0.34 USD","34","sale","Recoil Case","730","2","40095369193","302028390","4901046679","2","40095369193"
"Recoil Case","Counter-Strike 2","25 Feb","25 Feb","$0.34 USD","34","sale","Recoil Case","730","2","40095372192","302028390","4901046679","2","40095372192"
"Recoil Case","Counter-Strike 2","25 Feb","25 Feb","$0.34 USD","34","sale","Recoil Case","730","2","40095349981","302028390","4901046679","2","40095349981"
"Recoil Case","Counter-Strike 2","25 Feb","25 Feb","$0.34 USD","34","sale","Recoil Case","730","2","40094209717","302028390","4901046679","2","40094209717"
"Recoil Case","Counter-Strike 2","25 Feb","25 Feb","$0.34 USD","34","sale","Recoil Case","730","2","40095344294","302028390","4901046679","2","40095344294"
"Recoil Case","Counter-Strike 2","25 Feb","25 Feb","$0.34 USD","34","sale","Recoil Case","730","2","40095243228","302028390","4901046679","2","40095243228"
"Recoil Case","Counter-Strike 2","25 Feb","25 Feb","$0.34 USD","34","sale","Recoil Case","730","2","40095319827","302028390","4901046679","2","40095319827"
"Recoil Case","Counter-Strike 2","25 Feb","25 Feb","$0.34 USD","34","sale","Recoil Case","730","2","40095328011","302028390","4901046679","2","40095328011"
"Recoil Case","Counter-Strike 2","25 Feb","25 Feb","$0.34 USD","34","sale","Recoil Case","730","2","40095336201","302028390","4901046679","2","40095336201"
"Recoil Case","Counter-Strike 2","25 Feb","25 Feb","$0.34 USD","34","sale","Recoil Case","730","2","40095305350","302028390","4901046679","2","40095305350"
"Recoil Case","Counter-Strike 2","25 Feb","25 Feb","$0.34 USD","34","sale","Recoil Case","730","2","40095305620","302028390","4901046679","2","40095305620"
"Recoil Case","Counter-Strike 2","25 Feb","25 Feb","$0.34 USD","34","sale","Recoil Case","730","2","40095231281","302028390","4901046679","2","40095231281"
"Recoil Case","Counter-Strike 2","25 Feb","25 Feb","$0.34 USD","34","sale","Recoil Case","730","2","40095311645","302028390","4901046679","2","40095311645"
"Recoil Case","Counter-Strike 2","25 Feb","25 Feb","$0.34 USD","34","sale","Recoil Case","730","2","40095242236","302028390","4901046679","2","40095242236"
"Recoil Case","Counter-Strike 2","25 Feb","25 Feb","$0.34 USD","34","sale","Recoil Case","730","2","40095320975","302028390","4901046679","2","40095320975"
"Recoil Case","Counter-Strike 2","25 Feb","25 Feb","$0.34 USD","34","sale","Recoil Case","730","2","40095184714","302028390","4901046679","2","40095184714"
"Recoil Case","Counter-Strike 2","25 Feb","25 Feb","$0.34 USD","34","sale","Recoil Case","730","2","40095212065","302028390","4901046679","2","40095212065"
"Recoil Case","Counter-Strike 2","25 Feb","25 Feb","$0.34 USD","34","sale","Recoil Case","730","2","40095223917","302028390","4901046679","2","40095223917"
"Recoil Case","Counter-Strike 2","25 Feb","25 Feb","$0.34 USD","34","sale","Recoil Case","730","2","40095225749","302028390","4901046679","2","40095225749"
"Recoil Case","Counter-Strike 2","25 Feb","25 Feb","$0.34 USD","34","sale","Recoil Case","730","2","40095238532","302028390","4901046679","2","40095238532"
"Recoil Case","Counter-Strike 2","25 Feb","25 Feb","$0.34 USD","34","sale","Recoil Case","730","2","40095232282","302028390","4901046679","2","40095232282"
"Recoil Case","Counter-Strike 2","25 Feb","25 Feb","$0.34 USD","34","sale","Recoil Case","730","2","40095041577","302028390","4901046679","2","40095041577"
"Recoil Case","Counter-Strike 2","25 Feb","25 Feb","$0.34 USD","34","sale","Recoil Case","730","2","40095019573","302028390","4901046679","2","40095019573"
"Recoil Case","Counter-Strike 2","25 Feb","25 Feb","$0.34 USD","34","sale","Recoil Case","730","2","40095002725","302028390","4901046679","2","40095002725"
"Recoil Case","Counter-Strike 2","25 Feb","25 Feb","$0.34 USD","34","sale","Recoil Case","730","2","40095039545","302028390","4901046679","2","40095039545"
"Recoil Case","Counter-Strike 2","25 Feb","25 Feb","$0.34 USD","34","sale","Recoil Case","730","2","40095041385","302028390","4901046679","2","40095041385"
"Recoil Case","Counter-Strike 2","25 Feb","25 Feb","$0.34 USD","34","sale","Recoil Case","730","2","40095012200","302028390","4901046679","2","40095012200"
"Recoil Case","Counter-Strike 2","25 Feb","25 Feb","$0.34 USD","34","sale","Recoil Case","730","2","40095035203","302028390","4901046679","2","40095035203"
"Recoil Case","Counter-Strike 2","25 Feb","25 Feb","$0.34 USD","34","sale","Recoil Case","730","2","40095014110","302028390","4901046679","2","40095014110"
"Recoil Case","Counter-Strike 2","25 Feb","25 Feb","$0.34 USD","34","sale","Recoil Case","730","2","40094683375","302028390","4901046679","2","40094683375"
"Recoil Case","Counter-Strike 2","25 Feb","25 Feb","$0.34 USD","34","sale","Recoil Case","730","2","40094684469","302028390","4901046679","2","40094684469"
"Recoil Case","Counter-Strike 2","25 Feb","25 Feb","$0.34 USD","34","sale","Recoil Case","730","2","40094676378","302028390","4901046679","2","40094676378"
"Recoil Case","Counter-Strike 2","25 Feb","25 Feb","$0.34 USD","34","sale","Recoil Case","730","2","40094955584","302028390","4901046679","2","40094955584"
"Recoil Case","Counter-Strike 2","25 Feb","25 Feb","$0.34 USD","34","sale","Recoil Case","730","2","40094682277","302028390","4901046679","2","40094682277"
"Recoil Case","Counter-Strike 2","25 Feb","25 Feb","$0.34 USD","34","sale","Recoil Case","730","2","40094678536","302028390","4901046679","2","40094678536"
"Recoil Case","Counter-Strike 2","25 Feb","25 Feb","$0.34 USD","34","sale","Recoil Case","730","2","40094994744","302028390","4901046679","2","40094994744"
"Recoil Case","Counter-Strike 2","25 Feb","25 Feb","$0.34 USD","34","sale","Recoil Case","730","2","40094965400","302028390","4901046679","2","40094965400"
"Recoil Case","Counter-Strike 2","25 Feb","25 Feb","$0.34 USD","34","sale","Recoil Case","730","2","40094219236","302028390","4901046679","2","40094219236"
"Recoil Case","Counter-Strike 2","25 Feb","25 Feb","$0.34 USD","34","sale","Recoil Case","730","2","40094604247","302028390","4901046679","2","40094604247"
"Recoil Case","Counter-Strike 2","25 Feb","25 Feb","$0.34 USD","34","sale","Recoil Case","730","2","40094599729","302028390","4901046679","2","40094599729"
"Recoil Case","Counter-Strike 2","25 Feb","25 Feb","$0.34 USD","34","sale","Recoil Case","730","2","40094604500","302028390","4901046679","2","40094604500"
"Recoil Case","Counter-Strike 2","25 Feb","25 Feb","$0.34 USD","34","sale","Recoil Case","730","2","40094611851","302028390","4901046679","2","40094611851"
"Recoil Case","Counter-Strike 2","25 Feb","25 Feb","$0.34 USD","34","sale","Recoil Case","730","2","40094604765","302028390","4901046679","2","40094604765"
"Recoil Case","Counter-Strike 2","25 Feb","25 Feb","$0.34 USD","34","sale","Recoil Case","730","2","40094610503","302028390","4901046679","2","40094610503"
"Recoil Case","Counter-Strike 2","25 Feb","25 Feb","$0.34 USD","34","sale","Recoil Case","730","2","40094673635","302028390","4901046679","2","40094673635"
"Recoil Case","Counter-Strike 2","25 Feb","25 Feb","$0.34 USD","34","sale","Recoil Case","730","2","40094612960","302028390","4901046679","2","40094612960"
"Recoil Case","Counter-Strike 2","25 Feb","25 Feb","$0.34 USD","34","sale","Recoil Case","730","2","40094462579","302028390","4901046679","2","40094462579"
"Recoil Case","Counter-Strike 2","25 Feb","25 Feb","$0.34 USD","34","sale","Recoil Case","730","2","40094470535","302028390","4901046679","2","40094470535"
"Recoil Case","Counter-Strike 2","25 Feb","25 Feb","$0.34 USD","34","sale","Recoil Case","730","2","40094465494","302028390","4901046679","2","40094465494"
"Recoil Case","Counter-Strike 2","25 Feb","25 Feb","$0.34 USD","34","sale","Recoil Case","730","2","40094557383","302028390","4901046679","2","40094557383"
"Recoil Case","Counter-Strike 2","25 Feb","25 Feb","$0.34 USD","34","sale","Recoil Case","730","2","40094560797","302028390","4901046679","2","40094560797"
"Recoil Case","Counter-Strike 2","25 Feb","25 Feb","$0.34 USD","34","sale","Recoil Case","730","2","40094563004","302028390","4901046679","2","40094563004"
"Recoil Case","Counter-Strike 2","25 Feb","25 Feb","$0.34 USD","34","sale","Recoil Case","730","2","40094563641","302028390","4901046679","2","40094563641"
"Recoil Case","Counter-Strike 2","25 Feb","25 Feb","$0.34 USD","34","sale","Recoil Case","730","2","40094591963","302028390","4901046679","2","40094591963"
"Recoil Case","Counter-Strike 2","25 Feb","25 Feb","$0.34 USD","34","sale","Recoil Case","730","2","40094370425","302028390","4901046679","2","40094370425"
"Recoil Case","Counter-Strike 2","25 Feb","25 Feb","$0.34 USD","34","sale","Recoil Case","730","2","40094437701","302028390","4901046679","2","40094437701"
"Recoil Case","Counter-Strike 2","25 Feb","25 Feb","$0.34 USD","34","sale","Recoil Case","730","2","40094436102","302028390","4901046679","2","40094436102"
"Recoil Case","Counter-Strike 2","25 Feb","25 Feb","$0.34 USD","34","sale","Recoil Case","730","2","40094447169","302028390","4901046679","2","40094447169"
"Recoil Case","Counter-Strike 2","25 Feb","25 Feb","$0.34 USD","34","sale","Recoil Case","730","2","40094368029","302028390","4901046679","2","40094368029"
"Recoil Case","Counter-Strike 2","25 Feb","25 Feb","$0.34 USD","34","sale","Recoil Case","730","2","40094450993","302028390","4901046679","2","40094450993"
"Recoil Case","Counter-Strike 2","25 Feb","25 Feb","$0.34 USD","34","sale","Recoil Case","730","2","40094223231","302028390","4901046679","2","40094223231"
"Recoil Case","Counter-Strike 2","25 Feb","25 Feb","$0.34 USD","34","sale","Recoil Case","730","2","40094448479","302028390","4901046679","2","40094448479"
"Recoil Case","Counter-Strike 2","25 Feb","25 Feb","$0.34 USD","34","sale","Recoil Case","730","2","40094400751","302028390","4901046679","2","40094400751"
"Recoil Case","Counter-Strike 2","25 Feb","25 Feb","$0.34 USD","34","sale","Recoil Case","730","2","40094324210","302028390","4901046679","2","40094324210"
"Recoil Case","Counter-Strike 2","25 Feb","25 Feb","$0.34 USD","34","sale","Recoil Case","730","2","40094307501","302028390","4901046679","2","40094307501"
"Recoil Case","Counter-Strike 2","25 Feb","25 Feb","$0.34 USD","34","sale","Recoil Case","730","2","40094329026","302028390","4901046679","2","40094329026"
"Recoil Case","Counter-Strike 2","25 Feb","25 Feb","$0.34 USD","34","sale","Recoil Case","730","2","40094330937","302028390","4901046679","2","40094330937"
"Recoil Case","Counter-Strike 2","25 Feb","25 Feb","$0.34 USD","34","sale","Recoil Case","730","2","40094336829","302028390","4901046679","2","40094336829"
"Recoil Case","Counter-Strike 2","25 Feb","25 Feb","$0.34 USD","34","sale","Recoil Case","730","2","40094365683","302028390","4901046679","2","40094365683"
"Recoil Case","Counter-Strike 2","25 Feb","25 Feb","$0.34 USD","34","sale","Recoil Case","730","2","40094338656","302028390","4901046679","2","40094338656"
"Recoil Case","Counter-Strike 2","25 Feb","25 Feb","$0.34 USD","34","sale","Recoil Case","730","2","40094354152","302028390","4901046679","2","40094354152"
"Recoil Case","Counter-Strike 2","25 Feb","25 Feb","$0.34 USD","34","sale","Recoil Case","730","2","40095417180","302028390","4901046679","2","40095417180"
"Recoil Case","Counter-Strike 2","25 Feb","25 Feb","$0.34 USD","34","sale","Recoil Case","730","2","40095427916","302028390","4901046679","2","40095427916"
"Recoil Case","Counter-Strike 2","25 Feb","25 Feb","$0.34 USD","34","sale","Recoil Case","730","2","40095427700","302028390","4901046679","2","40095427700"
"Recoil Case","Counter-Strike 2","25 Feb","25 Feb","$0.34 USD","34","sale","Recoil Case","730","2","40095431289","302028390","4901046679","2","40095431289"
"Recoil Case","Counter-Strike 2","25 Feb","25 Feb","$0.34 USD","34","sale","Recoil Case","730","2","40095432235","302028390","4901046679","2","40095432235"
"Recoil Case","Counter-Strike 2","25 Feb","25 Feb","$0.34 USD","34","sale","Recoil Case","730","2","40095439486","302028390","4901046679","2","40095439486"
"Recoil Case","Counter-Strike 2","25 Feb","25 Feb","$0.34 USD","34","sale","Recoil Case","730","2","40095441819","302028390","4901046679","2","40095441819"
"Recoil Case","Counter-Strike 2","25 Feb","25 Feb","$0.34 USD","34","sale","Recoil Case","730","2","40095456603","302028390","4901046679","2","40095456603"
"Recoil Case","Counter-Strike 2","25 Feb","25 Feb","$0.34 USD","34","sale","Recoil Case","730","2","40095447452","302028390","4901046679","2","40095447452"
"Recoil Case","Counter-Strike 2","25 Feb","25 Feb","$0.34 USD","34","sale","Recoil Case","730","2","40095459118","302028390","4901046679","2","40095459118"
"Recoil Case","Counter-Strike 2","25 Feb","25 Feb","$0.34 USD","34","sale","Recoil Case","730","2","40095463534","302028390","4901046679","2","40095463534"
"Recoil Case","Counter-Strike 2","25 Feb","25 Feb","$0.34 USD","34","sale","Recoil Case","730","2","40095479945","302028390","4901046679","2","40095479945"
"Recoil Case","Counter-Strike 2","25 Feb","25 Feb","$0.34 USD","34","sale","Recoil Case","730","2","40095472461","302028390","4901046679","2","40095472461"
"Recoil Case","Counter-Strike 2","25 Feb","25 Feb","$0.34 USD","34","sale","Recoil Case","730","2","40095480842","302028390","4901046679","2","40095480842"
"Recoil Case","Counter-Strike 2","25 Feb","25 Feb","$0.34 USD","34","sale","Recoil Case","730","2","40095493744","302028390","4901046679","2","40095493744"
"Recoil Case","Counter-Strike 2","25 Feb","25 Feb","$0.34 USD","34","sale","Recoil Case","730","2","40095487869","302028390","4901046679","2","40095487869"
"Recoil Case","Counter-Strike 2","25 Feb","25 Feb","$0.34 USD","34","sale","Recoil Case","730","2","40095482860","302028390","4901046679","2","40095482860"
"Snakebite Case","Counter-Strike 2","25 Feb","25 Feb","$0.41 USD","41","sale","Snakebite Case","730","2","30923593278","0","4418618853","2","30923593278"
"Snakebite Case","Counter-Strike 2","25 Feb","25 Feb","$0.41 USD","41","sale","Snakebite Case","730","2","31625887971","0","4418618853","2","31625887971"
"Snakebite Case","Counter-Strike 2","25 Feb","25 Feb","$0.41 USD","41","sale","Snakebite Case","730","2","32418696568","0","4418618853","2","32418696568"
"Snakebite Case","Counter-Strike 2","25 Feb","25 Feb","$0.41 USD","41","sale","Snakebite Case","730","2","32418718533","0","4418618853","2","32418718533"
"Snakebite Case","Counter-Strike 2","25 Feb","25 Feb","$0.41 USD","41","sale","Snakebite Case","730","2","32418888509","0","4418618853","2","32418888509"
"Snakebite Case","Counter-Strike 2","25 Feb","25 Feb","$0.41 USD","41","sale","Snakebite Case","730","2","32418895650","0","4418618853","2","32418895650"
"Snakebite Case","Counter-Strike 2","25 Feb","25 Feb","$0.41 USD","41","sale","Snakebite Case","730","2","32418905131","0","4418618853","2","32418905131"
"Snakebite Case","Counter-Strike 2","25 Feb","25 Feb","$0.41 USD","41","sale","Snakebite Case","730","2","32418911591","0","4418618853","2","32418911591"
"Snakebite Case","Counter-Strike 2","25 Feb","25 Feb","$0.41 USD","41","sale","Snakebite Case","730","2","32418911673","0","4418618853","2","32418911673"
"Snakebite Case","Counter-Strike 2","25 Feb","25 Feb","$0.41 USD","41","sale","Snakebite Case","730","2","32418915907","0","4418618853","2","32418915907"
"Snakebite Case","Counter-Strike 2","25 Feb","25 Feb","$0.41 USD","41","sale","Snakebite Case","730","2","32418916662","0","4418618853","2","32418916662"
"Snakebite Case","Counter-Strike 2","25 Feb","25 Feb","$0.41 USD","41","sale","Snakebite Case","730","2","32418927089","0","4418618853","2","32418927089"
"Snakebite Case","Counter-Strike 2","25 Feb","25 Feb","$0.41 USD","41","sale","Snakebite Case","730","2","32418934318","0","4418618853","2","32418934318"
"Snakebite Case","Counter-Strike 2","25 Feb","25 Feb","$0.41 USD","41","sale","Snakebite Case","730","2","32418936606","0","4418618853","2","32418936606"
"Snakebite Case","Counter-Strike 2","25 Feb","25 Feb","$0.41 USD","41","sale","Snakebite Case","730","2","32418978210","0","4418618853","2","32418978210"
"Snakebite Case","Counter-Strike 2","25 Feb","25 Feb","$0.41 USD","41","sale","Snakebite Case","730","2","32418983532","0","4418618853","2","32418983532"
"Snakebite Case","Counter-Strike 2","25 Feb","25 Feb","$0.41 USD","41","sale","Snakebite Case","730","2","32419003272","0","4418618853","2","32419003272"
"Snakebite Case","Counter-Strike 2","25 Feb","25 Feb","$0.41 USD","41","sale","Snakebite Case","730","2","32419015775","0","4418618853","2","32419015775"
"Snakebite Case","Counter-Strike 2","25 Feb","25 Feb","$0.41 USD","41","sale","Snakebite Case","730","2","32419024901","0","4418618853","2","32419024901"
"Snakebite Case","Counter-Strike 2","25 Feb","25 Feb","$0.41 USD","41","sale","Snakebite Case","730","2","32419027183","0","4418618853","2","32419027183"
"Snakebite Case","Counter-Strike 2","25 Feb","25 Feb","$0.41 USD","41","sale","Snakebite Case","730","2","32419027537","0","4418618853","2","32419027537"
"Snakebite Case","Counter-Strike 2","25 Feb","25 Feb","$0.41 USD","41","sale","Snakebite Case","730","2","32419036964","0","4418618853","2","32419036964"
"Snakebite Case","Counter-Strike 2","25 Feb","25 Feb","$0.41 USD","41","sale","Snakebite Case","730","2","32419042060","0","4418618853","2","32419042060"
"Snakebite Case","Counter-Strike 2","25 Feb","25 Feb","$0.41 USD","41","sale","Snakebite Case","730","2","32419060676","0","4418618853","2","32419060676"
"Snakebite Case","Counter-Strike 2","25 Feb","25 Feb","$0.41 USD","41","sale","Snakebite Case","730","2","32419071775","0","4418618853","2","32419071775"
"Snakebite Case","Counter-Strike 2","25 Feb","25 Feb","$0.41 USD","41","sale","Snakebite Case","730","2","32419087459","0","4418618853","2","32419087459"
"Snakebite Case","Counter-Strike 2","25 Feb","25 Feb","$0.41 USD","41","sale","Snakebite Case","730","2","32419093568","0","4418618853","2","32419093568"
"Snakebite Case","Counter-Strike 2","25 Feb","25 Feb","$0.41 USD","41","sale","Snakebite Case","730","2","32419096606","0","4418618853","2","32419096606"
"Snakebite Case","Counter-Strike 2","25 Feb","25 Feb","$0.41 USD","41","sale","Snakebite Case","730","2","32419099569","0","4418618853","2","32419099569"
"Snakebite Case","Counter-Strike 2","25 Feb","25 Feb","$0.41 USD","41","sale","Snakebite Case","730","2","32419100182","0","4418618853","2","32419100182"
"Snakebite Case","Counter-Strike 2","25 Feb","25 Feb","$0.41 USD","41","sale","Snakebite Case","730","2","32419110755","0","4418618853","2","32419110755"
"Snakebite Case","Counter-Strike 2","25 Feb","25 Feb","$0.41 USD","41","sale","Snakebite Case","730","2","32419112207","0","4418618853","2","32419112207"
"Snakebite Case","Counter-Strike 2","25 Feb","25 Feb","$0.41 USD","41","sale","Snakebite Case","730","2","32419119305","0","4418618853","2","32419119305"
"Snakebite Case","Counter-Strike 2","25 Feb","25 Feb","$0.41 USD","41","sale","Snakebite Case","730","2","32419127699","0","4418618853","2","32419127699"
"Snakebite Case","Counter-Strike 2","25 Feb","25 Feb","$0.41 USD","41","sale","Snakebite Case","730","2","32419129126","0","4418618853","2","32419129126"
"Snakebite Case","Counter-Strike 2","25 Feb","25 Feb","$0.41 USD","41","sale","Snakebite Case","730","2","32419129626","0","4418618853","2","32419129626"
"Snakebite Case","Counter-Strike 2","25 Feb","25 Feb","$0.41 USD","41","sale","Snakebite Case","730","2","32419135698","0","4418618853","2","32419135698"
"Snakebite Case","Counter-Strike 2","25 Feb","25 Feb","$0.41 USD","41","sale","Snakebite Case","730","2","32419145300","0","4418618853","2","32419145300"
"Snakebite Case","Counter-Strike 2","25 Feb","25 Feb","$0.41 USD","41","sale","Snakebite Case","730","2","32419145969","0","4418618853","2","32419145969"
"Snakebite Case","Counter-Strike 2","25 Feb","25 Feb","$0.41 USD","41","sale","Snakebite Case","730","2","32419148867","0","4418618853","2","32419148867"
"Snakebite Case","Counter-Strike 2","25 Feb","25 Feb","$0.41 USD","41","sale","Snakebite Case","730","2","32419152558","0","4418618853","2","32419152558"
"Snakebite Case","Counter-Strike 2","25 Feb","25 Feb","$0.41 USD","41","sale","Snakebite Case","730","2","32419153010","0","4418618853","2","32419153010"
"Snakebite Case","Counter-Strike 2","25 Feb","25 Feb","$0.41 USD","41","sale","Snakebite Case","730","2","32419156059","0","4418618853","2","32419156059"
"Snakebite Case","Counter-Strike 2","25 Feb","25 Feb","$0.41 USD","41","sale","Snakebite Case","730","2","32419158593","0","4418618853","2","32419158593"
"Snakebite Case","Counter-Strike 2","25 Feb","25 Feb","$0.41 USD","41","sale","Snakebite Case","730","2","32419163541","0","4418618853","2","32419163541"
"Snakebite Case","Counter-Strike 2","25 Feb","25 Feb","$0.41 USD","41","sale","Snakebite Case","730","2","32419168796","0","4418618853","2","32419168796"
"Snakebite Case","Counter-Strike 2","25 Feb","25 Feb","$0.41 USD","41","sale","Snakebite Case","730","2","32419169831","0","4418618853","2","32419169831"
"Snakebite Case","Counter-Strike 2","25 Feb","25 Feb","$0.41 USD","41","sale","Snakebite Case","730","2","32419185579","0","4418618853","2","32419185579"
"Snakebite Case","Counter-Strike 2","25 Feb","25 Feb","$0.41 USD","41","sale","Snakebite Case","730","2","32419193447","0","4418618853","2","32419193447"
"Snakebite Case","Counter-Strike 2","25 Feb","25 Feb","$0.41 USD","41","sale","Snakebite Case","730","2","32419194850","0","4418618853","2","32419194850"
"Snakebite Case","Counter-Strike 2","25 Feb","25 Feb","$0.41 USD","41","sale","Snakebite Case","730","2","32419195902","0","4418618853","2","32419195902"
"Snakebite Case","Counter-Strike 2","25 Feb","25 Feb","$0.41 USD","41","sale","Snakebite Case","730","2","32419208446","0","4418618853","2","32419208446"
"Snakebite Case","Counter-Strike 2","25 Feb","25 Feb","$0.41 USD","41","sale","Snakebite Case","730","2","32419209246","0","4418618853","2","32419209246"
"Snakebite Case","Counter-Strike 2","25 Feb","25 Feb","$0.41 USD","41","sale","Snakebite Case","730","2","32419209975","0","4418618853","2","32419209975"
"Snakebite Case","Counter-Strike 2","25 Feb","25 Feb","$0.41 USD","41","sale","Snakebite Case","730","2","32419229580","0","4418618853","2","32419229580"
"Snakebite Case","Counter-Strike 2","25 Feb","25 Feb","$0.41 USD","41","sale","Snakebite Case","730","2","32419239668","0","4418618853","2","32419239668"
"Snakebite Case","Counter-Strike 2","25 Feb","25 Feb","$0.41 USD","41","sale","Snakebite Case","730","2","32419241101","0","4418618853","2","32419241101"
"Snakebite Case","Counter-Strike 2","25 Feb","25 Feb","$0.41 USD","41","sale","Snakebite Case","730","2","32419249087","0","4418618853","2","32419249087"
"Snakebite Case","Counter-Strike 2","25 Feb","25 Feb","$0.41 USD","41","sale","Snakebite Case","730","2","32419252795","0","4418618853","2","32419252795"
"Snakebite Case","Counter-Strike 2","25 Feb","25 Feb","$0.41 USD","41","sale","Snakebite Case","730","2","32419256933","0","4418618853","2","32419256933"
"Snakebite Case","Counter-Strike 2","25 Feb","25 Feb","$0.41 USD","41","sale","Snakebite Case","730","2","32419260970","0","4418618853","2","32419260970"
"Snakebite Case","Counter-Strike 2","25 Feb","25 Feb","$0.41 USD","41","sale","Snakebite Case","730","2","32419268243","0","4418618853","2","32419268243"
"Snakebite Case","Counter-Strike 2","25 Feb","25 Feb","$0.41 USD","41","sale","Snakebite Case","730","2","32419270909","0","4418618853","2","32419270909"
"Snakebite Case","Counter-Strike 2","25 Feb","25 Feb","$0.41 USD","41","sale","Snakebite Case","730","2","32419271048","0","4418618853","2","32419271048"
"Snakebite Case","Counter-Strike 2","25 Feb","25 Feb","$0.41 USD","41","sale","Snakebite Case","730","2","32432662947","0","4418618853","2","32432662947"
"Snakebite Case","Counter-Strike 2","25 Feb","25 Feb","$0.41 USD","41","sale","Snakebite Case","730","2","32432730531","0","4418618853","2","32432730531"
"Snakebite Case","Counter-Strike 2","25 Feb","25 Feb","$0.41 USD","41","sale","Snakebite Case","730","2","32432765514","0","4418618853","2","32432765514"
"Snakebite Case","Counter-Strike 2","25 Feb","25 Feb","$0.41 USD","41","sale","Snakebite Case","730","2","32432839264","0","4418618853","2","32432839264"
"Snakebite Case","Counter-Strike 2","25 Feb","25 Feb","$0.41 USD","41","sale","Snakebite Case","730","2","32432864574","0","4418618853","2","32432864574"
"Snakebite Case","Counter-Strike 2","25 Feb","25 Feb","$0.41 USD","41","sale","Snakebite Case","730","2","32432986478","0","4418618853","2","32432986478"
"Snakebite Case","Counter-Strike 2","25 Feb","25 Feb","$0.41 USD","41","sale","Snakebite Case","730","2","32432999947","0","4418618853","2","32432999947"
"Snakebite Case","Counter-Strike 2","25 Feb","25 Feb","$0.41 USD","41","sale","Snakebite Case","730","2","32433001177","0","4418618853","2","32433001177"
"Snakebite Case","Counter-Strike 2","25 Feb","25 Feb","$0.41 USD","41","sale","Snakebite Case","730","2","32433013301","0","4418618853","2","32433013301"
"Snakebite Case","Counter-Strike 2","25 Feb","25 Feb","$0.41 USD","41","sale","Snakebite Case","730","2","32433048619","0","4418618853","2","32433048619"
"Snakebite Case","Counter-Strike 2","25 Feb","25 Feb","$0.41 USD","41","sale","Snakebite Case","730","2","32433072424","0","4418618853","2","32433072424"
"Snakebite Case","Counter-Strike 2","25 Feb","25 Feb","$0.41 USD","41","sale","Snakebite Case","730","2","32433072951","0","4418618853","2","32433072951"
"Snakebite Case","Counter-Strike 2","25 Feb","25 Feb","$0.41 USD","41","sale","Snakebite Case","730","2","32433075973","0","4418618853","2","32433075973"
"Snakebite Case","Counter-Strike 2","25 Feb","25 Feb","$0.41 USD","41","sale","Snakebite Case","730","2","32433081407","0","4418618853","2","32433081407"
"Snakebite Case","Counter-Strike 2","25 Feb","25 Feb","$0.41 USD","41","sale","Snakebite Case","730","2","32433083863","0","4418618853","2","32433083863"
"Snakebite Case","Counter-Strike 2","25 Feb","25 Feb","$0.41 USD","41","sale","Snakebite Case","730","2","32433085298","0","4418618853","2","32433085298"
"Snakebite Case","Counter-Strike 2","25 Feb","25 Feb","$0.41 USD","41","sale","Snakebite Case","730","2","32433085711","0","4418618853","2","32433085711"
"Snakebite Case","Counter-Strike 2","25 Feb","25 Feb","$0.41 USD","41","sale","Snakebite Case","730","2","32433089661","0","4418618853","2","32433089661"
"Snakebite Case","Counter-Strike 2","25 Feb","25 Feb","$0.41 USD","41","sale","Snakebite Case","730","2","32433091259","0","4418618853","2","32433091259"
"Snakebite Case","Counter-Strike 2","25 Feb","25 Feb","$0.41 USD","41","sale","Snakebite Case","730","2","32433096569","0","4418618853","2","32433096569"
"Snakebite Case","Counter-Strike 2","25 Feb","25 Feb","$0.41 USD","41","sale","Snakebite Case","730","2","32433101251","0","4418618853","2","32433101251"
"Snakebite Case","Counter-Strike 2","25 Feb","25 Feb","$0.41 USD","41","sale","Snakebite Case","730","2","32433103132","0","4418618853","2","32433103132"
"Snakebite Case","Counter-Strike 2","25 Feb","25 Feb","$0.41 USD","41","sale","Snakebite Case","730","2","32433105414","0","4418618853","2","32433105414"
"Snakebite Case","Counter-Strike 2","25 Feb","25 Feb","$0.41 USD","41","sale","Snakebite Case","730","2","32433112358","0","4418618853","2","32433112358"
"Snakebite Case","Counter-Strike 2","25 Feb","25 Feb","$0.41 USD","41","sale","Snakebite Case","730","2","32433116670","0","4418618853","2","32433116670"
"Snakebite Case","Counter-Strike 2","25 Feb","25 Feb","$0.41 USD","41","sale","Snakebite Case","730","2","32433121911","0","4418618853","2","32433121911"
"Snakebite Case","Counter-Strike 2","25 Feb","25 Feb","$0.41 USD","41","sale","Snakebite Case","730","2","32433124146","0","4418618853","2","32433124146"
"Snakebite Case","Counter-Strike 2","25 Feb","25 Feb","$0.41 USD","41","sale","Snakebite Case","730","2","32433128637","0","4418618853","2","32433128637"
"Snakebite Case","Counter-Strike 2","25 Feb","25 Feb","$0.41 USD","41","sale","Snakebite Case","730","2","32433131504","0","4418618853","2","32433131504"
"Snakebite Case","Counter-Strike 2","25 Feb","25 Feb","$0.41 USD","41","sale","Snakebite Case","730","2","32433134017","0","4418618853","2","32433134017"
"Snakebite Case","Counter-Strike 2","25 Feb","25 Feb","$0.41 USD","41","sale","Snakebite Case","730","2","32433137387","0","4418618853","2","32433137387"
"Snakebite Case","Counter-Strike 2","25 Feb","25 Feb","$0.41 USD","41","sale","Snakebite Case","730","2","32433139166","0","4418618853","2","32433139166"
"Snakebite Case","Counter-Strike 2","25 Feb","25 Feb","$0.41 USD","41","sale","Snakebite Case","730","2","32433141211","0","4418618853","2","32433141211"
"Snakebite Case","Counter-Strike 2","25 Feb","25 Feb","$0.41 USD","41","sale","Snakebite Case","730","2","32433142351","0","4418618853","2","32433142351"
"Snakebite Case","Counter-Strike 2","25 Feb","25 Feb","$0.41 USD","41","sale","Snakebite Case","730","2","32433152609","0","4418618853","2","32433152609"
"Snakebite Case","Counter-Strike 2","25 Feb","25 Feb","$0.41 USD","41","sale","Snakebite Case","730","2","32433152620","0","4418618853","2","32433152620"
"Snakebite Case","Counter-Strike 2","25 Feb","25 Feb","$0.41 USD","41","sale","Snakebite Case","730","2","32433154826","0","4418618853","2","32433154826"
"Snakebite Case","Counter-Strike 2","25 Feb","25 Feb","$0.41 USD","41","sale","Snakebite Case","730","2","32433179232","0","4418618853","2","32433179232"
"Snakebite Case","Counter-Strike 2","25 Feb","25 Feb","$0.41 USD","41","sale","Snakebite Case","730","2","33473970934","0","4418618853","2","33473970934"
"Snakebite Case","Counter-Strike 2","25 Feb","25 Feb","$0.41 USD","41","sale","Snakebite Case","730","2","33473971007","0","4418618853","2","33473971007"
"Snakebite Case","Counter-Strike 2","25 Feb","25 Feb","$0.41 USD","41","sale","Snakebite Case","730","2","33548704740","302028390","4418618853","2","33548704740"
"Snakebite Case","Counter-Strike 2","25 Feb","25 Feb","$0.41 USD","41","sale","Snakebite Case","730","2","33981372101","0","4418618853","2","33981372101"
"Snakebite Case","Counter-Strike 2","25 Feb","25 Feb","$0.41 USD","41","sale","Snakebite Case","730","2","35034199301","302028390","4418618853","2","35034199301"
"Gallery Case","Counter-Strike 2","24 Nov","24 Nov","$0.87 USD","87","sale","Gallery Case","730","2","40297631465","519977179","6210138906","2","40297631465"
"Gallery Case","Counter-Strike 2","24 Nov","24 Nov","$0.87 USD","87","sale","Gallery Case","730","2","40322046747","519977179","6210138906","2","40322046747"
"Gallery Case","Counter-Strike 2","24 Nov","24 Nov","$0.87 USD","87","sale","Gallery Case","730","2","40322062412","519977179","6210138906","2","40322062412"
"Gallery Case","Counter-Strike 2","24 Nov","24 Nov","$0.87 USD","87","sale","Gallery Case","730","2","40322069252","519977179","6210138906","2","40322069252"
"Gallery Case","Counter-Strike 2","24 Nov","24 Nov","$0.87 USD","87","sale","Gallery Case","730","2","40297630228","519977179","6210138906","2","40297630228"
"Gallery Case","Counter-Strike 2","24 Nov","24 Nov","$0.87 USD","87","sale","Gallery Case","730","2","40297630849","519977179","6210138906","2","40297630849"
"Gallery Case","Counter-Strike 2","24 Nov","24 Nov","$0.87 USD","87","sale","Gallery Case","730","2","40322048107","519977179","6210138906","2","40322048107"
"Gallery Case","Counter-Strike 2","24 Nov","24 Nov","$0.87 USD","87","sale","Gallery Case","730","2","40322067873","519977179","6210138906","2","40322067873"
"Gallery Case","Counter-Strike 2","24 Nov","24 Nov","$0.87 USD","87","sale","Gallery Case","730","2","40270258525","519977179","6210138906","2","40270258525"
"Gallery Case","Counter-Strike 2","24 Nov","24 Nov","$0.87 USD","87","sale","Gallery Case","730","2","40189166412","519977179","6210138906","2","40189166412"
"Gallery Case","Counter-Strike 2","24 Nov","24 Nov","$0.87 USD","87","sale","Gallery Case","730","2","40189164559","519977179","6210138906","2","40189164559"
"Gallery Case","Counter-Strike 2","24 Nov","24 Nov","$0.87 USD","87","sale","Gallery Case","730","2","40189163833","519977179","6210138906","2","40189163833"
"Gallery Case","Counter-Strike 2","24 Nov","24 Nov","$0.87 USD","87","sale","Gallery Case","730","2","40189165341","519977179","6210138906","2","40189165341"
"Gallery Case","Counter-Strike 2","24 Nov","24 Nov","$0.87 USD","87","sale","Gallery Case","730","2","40270259276","519977179","6210138906","2","40270259276"
"Gallery Case","Counter-Strike 2","24 Nov","24 Nov","$0.87 USD","87","sale","Gallery Case","730","2","40280051749","519977179","6210138906","2","40280051749"
"Gallery Case","Counter-Strike 2","24 Nov","24 Nov","$0.87 USD","87","sale","Gallery Case","730","2","40189162944","519977179","6210138906","2","40189162944"
"Gallery Case","Counter-Strike 2","24 Nov","24 Nov","$0.87 USD","87","sale","Gallery Case","730","2","40130086860","519977179","6210138906","2","40130086860"
"Gallery Case","Counter-Strike 2","24 Nov","24 Nov","$0.87 USD","87","sale","Gallery Case","730","2","40064386980","519977179","6210138906","2","40064386980"
"Gallery Case","Counter-Strike 2","24 Nov","24 Nov","$0.87 USD","87","sale","Gallery Case","730","2","40064385969","519977179","6210138906","2","40064385969"
"Gallery Case","Counter-Strike 2","24 Nov","24 Nov","$0.87 USD","87","sale","Gallery Case","730","2","40091116646","519977179","6210138906","2","40091116646"
"Gallery Case","Counter-Strike 2","24 Nov","24 Nov","$0.87 USD","87","sale","Gallery Case","730","2","40091115364","519977179","6210138906","2","40091115364"
"Gallery Case","Counter-Strike 2","24 Nov","24 Nov","$0.87 USD","87","sale","Gallery Case","730","2","40091114417","519977179","6210138906","2","40091114417"
"Gallery Case","Counter-Strike 2","24 Nov","24 Nov","$0.87 USD","87","sale","Gallery Case","730","2","40091113087","519977179","6210138906","2","40091113087"
"Gallery Case","Counter-Strike 2","24 Nov","24 Nov","$0.87 USD","87","sale","Gallery Case","730","2","40071299132","519977179","6210138906","2","40071299132"
"Gallery Case","Counter-Strike 2","24 Nov","24 Nov","$0.87 USD","87","sale","Gallery Case","730","2","40130088766","519977179","6210138906","2","40130088766"
"Gallery Case","Counter-Strike 2","24 Nov","24 Nov","$0.87 USD","87","sale","Gallery Case","730","2","40130090797","519977179","6210138906","2","40130090797"
"Gallery Case","Counter-Strike 2","24 Nov","24 Nov","$0.87 USD","87","sale","Gallery Case","730","2","40165969646","519977179","6210138906","2","40165969646"
"Gallery Case","Counter-Strike 2","24 Nov","24 Nov","$0.87 USD","87","sale","Gallery Case","730","2","40165970559","519977179","6210138906","2","40165970559"
"Gallery Case","Counter-Strike 2","24 Nov","24 Nov","$0.87 USD","87","sale","Gallery Case","730","2","40189162177","519977179","6210138906","2","40189162177"
"Gallery Case","Counter-Strike 2","24 Nov","24 Nov","$0.87 USD","87","sale","Gallery Case","730","2","40337397685","519977179","6210138906","2","40337397685"
"Gallery Case","Counter-Strike 2","24 Nov","24 Nov","$0.87 USD","87","sale","Gallery Case","730","2","40337399768","519977179","6210138906","2","40337399768"
"Gallery Case","Counter-Strike 2","24 Nov","24 Nov","$0.87 USD","87","sale","Gallery Case","730","2","40358088461","519977179","6210138906","2","40358088461"
"Gallery Case","Counter-Strike 2","24 Nov","24 Nov","$0.87 USD","87","sale","Gallery Case","730","2","40358087376","519977179","6210138906","2","40358087376"
"Gallery Case","Counter-Strike 2","24 Nov","24 Nov","$0.87 USD","87","sale","Gallery Case","730","2","40337400728","519977179","6210138906","2","40337400728"
"Gallery Case","Counter-Strike 2","24 Nov","24 Nov","$0.87 USD","87","sale","Gallery Case","730","2","40337398910","519977179","6210138906","2","40337398910"
"Gallery Case","Counter-Strike 2","24 Nov","24 Nov","$0.87 USD","87","sale","Gallery Case","730","2","40358575906","519977179","6210138906","2","40358575906"
"Gallery Case","Counter-Strike 2","24 Nov","24 Nov","$0.87 USD","87","sale","Gallery Case","730","2","40358576787","519977179","6210138906","2","40358576787"
"Gallery Case","Counter-Strike 2","24 Nov","24 Nov","$0.87 USD","87","sale","Gallery Case","730","2","40358577469","519977179","6210138906","2","40358577469"
"Gallery Case","Counter-Strike 2","24 Nov","24 Nov","$0.87 USD","87","sale","Gallery Case","730","2","40358578255","519977179","6210138906","2","40358578255"
"Gallery Case","Counter-Strike 2","24 Nov","24 Nov","$0.87 USD","87","sale","Gallery Case","730","2","40358578988","519977179","6210138906","2","40358578988"
"Safecracker Voltzmann | The Professionals","Counter-Strike 2","22 Nov","22 Nov","$22.69 USD","2269","purchase","Safecracker Voltzmann | The Professionals","730","2","40367523449","519977179","4141780734","2","40367523449"
"Safecracker Voltzmann | The Professionals","Counter-Strike 2","22 Nov","22 Nov","$22.69 USD","2269","purchase","Safecracker Voltzmann | The Professionals","730","2","40367523532","519977179","4141780734","2","40367523532"
"Safecracker Voltzmann | The Professionals","Counter-Strike 2","22 Nov","22 Nov","$22.69 USD","2269","purchase","Safecracker Voltzmann | The Professionals","730","2","40367523504","519977179","4141780734","2","40367523504"
"Safecracker Voltzmann | The Professionals","Counter-Strike 2","22 Nov","22 Nov","$22.69 USD","2269","purchase","Safecracker Voltzmann | The Professionals","730","2","40367523479","519977179","4141780734","2","40367523479"
"50 Sack of Gems","Steam Gems","25 Oct","27 Oct","$18.00 USD","1800","purchase","753-Sack of Gems","753","6","19741929879","0","667933237","6","31961271183"
"Recoil Case","Counter-Strike 2","21 Oct","21 Oct","$0.17 USD","17","purchase","Recoil Case","730","2","37942612998","302028390","4901046679","2","37942612998"
"Recoil Case","Counter-Strike 2","21 Oct","21 Oct","$0.17 USD","17","purchase","Recoil Case","730","2","39916433590","302028390","4901046679","2","39916433590"
"Recoil Case","Counter-Strike 2","21 Oct","21 Oct","$0.17 USD","17","purchase","Recoil Case","730","2","39817565783","302028390","4901046679","2","39817565783"
"Recoil Case","Counter-Strike 2","21 Oct","21 Oct","$0.17 USD","17","purchase","Recoil Case","730","2","40095475869","302028390","4901046679","2","40095475869"
"Recoil Case","Counter-Strike 2","21 Oct","21 Oct","$0.17 USD","17","purchase","Recoil Case","730","2","40094699837","302028390","4901046679","2","40094699837"
"Recoil Case","Counter-Strike 2","21 Oct","21 Oct","$0.17 USD","17","purchase","Recoil Case","730","2","40095465883","302028390","4901046679","2","40095465883"
"Recoil Case","Counter-Strike 2","21 Oct","21 Oct","$0.17 USD","17","purchase","Recoil Case","730","2","40067084118","302028390","4901046679","2","40067084118"
"Recoil Case","Counter-Strike 2","21 Oct","21 Oct","$0.17 USD","17","purchase","Recoil Case","730","2","40095453399","302028390","4901046679","2","40095453399"
"Recoil Case","Counter-Strike 2","21 Oct","21 Oct","$0.17 USD","17","purchase","Recoil Case","730","2","40095424054","302028390","4901046679","2","40095424054"
"Recoil Case","Counter-Strike 2","21 Oct","21 Oct","$0.17 USD","17","purchase","Recoil Case","730","2","39731385269","302028390","4901046679","2","39731385269"
"Recoil Case","Counter-Strike 2","21 Oct","21 Oct","$0.17 USD","17","purchase","Recoil Case","730","2","39985147013","302028390","4901046679","2","39985147013"
"Recoil Case","Counter-Strike 2","21 Oct","21 Oct","$0.17 USD","17","purchase","Recoil Case","730","2","39300519004","302028390","4901046679","2","39300519004"
"Recoil Case","Counter-Strike 2","21 Oct","21 Oct","$0.17 USD","17","purchase","Recoil Case","730","2","40043055321","302028390","4901046679","2","40043055321"
"Recoil Case","Counter-Strike 2","21 Oct","21 Oct","$0.17 USD","17","purchase","Recoil Case","730","2","39921097799","302028390","4901046679","2","39921097799"
"Recoil Case","Counter-Strike 2","21 Oct","21 Oct","$0.17 USD","17","purchase","Recoil Case","730","2","39708960407","302028390","4901046679","2","39708960407"
"Recoil Case","Counter-Strike 2","21 Oct","21 Oct","$0.17 USD","17","purchase","Recoil Case","730","2","40068703460","302028390","4901046679","2","40068703460"
"Recoil Case","Counter-Strike 2","21 Oct","21 Oct","$0.17 USD","17","purchase","Recoil Case","730","2","39951366008","302028390","4901046679","2","39951366008"
"Recoil Case","Counter-Strike 2","21 Oct","21 Oct","$0.17 USD","17","purchase","Recoil Case","730","2","38229772510","302028390","4901046679","2","38229772510"
"Recoil Case","Counter-Strike 2","21 Oct","21 Oct","$0.17 USD","17","purchase","Recoil Case","730","2","40095406070","302028390","4901046679","2","40095406070"
"Recoil Case","Counter-Strike 2","21 Oct","21 Oct","$0.17 USD","17","purchase","Recoil Case","730","2","40095399098","302028390","4901046679","2","40095399098"
"Recoil Case","Counter-Strike 2","21 Oct","21 Oct","$0.17 USD","17","purchase","Recoil Case","730","2","39952981987","302028390","4901046679","2","39952981987"
"Recoil Case","Counter-Strike 2","21 Oct","21 Oct","$0.17 USD","17","purchase","Recoil Case","730","2","40095403591","302028390","4901046679","2","40095403591"
"Recoil Case","Counter-Strike 2","21 Oct","21 Oct","$0.17 USD","17","purchase","Recoil Case","730","2","40091591447","302028390","4901046679","2","40091591447"
"Recoil Case","Counter-Strike 2","21 Oct","21 Oct","$0.17 USD","17","purchase","Recoil Case","730","2","39827640678","302028390","4901046679","2","39827640678"
"Recoil Case","Counter-Strike 2","21 Oct","21 Oct","$0.17 USD","17","purchase","Recoil Case","730","2","39840357518","302028390","4901046679","2","39840357518"
"Recoil Case","Counter-Strike 2","21 Oct","21 Oct","$0.17 USD","17","purchase","Recoil Case","730","2","39506755374","302028390","4901046679","2","39506755374"
"Recoil Case","Counter-Strike 2","21 Oct","21 Oct","$0.17 USD","17","purchase","Recoil Case","730","2","39868605424","302028390","4901046679","2","39868605424"
"Recoil Case","Counter-Strike 2","21 Oct","21 Oct","$0.17 USD","17","purchase","Recoil Case","730","2","40095380274","302028390","4901046679","2","40095380274"
"Recoil Case","Counter-Strike 2","21 Oct","21 Oct","$0.17 USD","17","purchase","Recoil Case","730","2","40095045375","302028390","4901046679","2","40095045375"
"Recoil Case","Counter-Strike 2","21 Oct","21 Oct","$0.17 USD","17","purchase","Recoil Case","730","2","40095224973","302028390","4901046679","2","40095224973"
"Recoil Case","Counter-Strike 2","21 Oct","21 Oct","$0.17 USD","17","purchase","Recoil Case","730","2","40095367149","302028390","4901046679","2","40095367149"
"Recoil Case","Counter-Strike 2","21 Oct","21 Oct","$0.17 USD","17","purchase","Recoil Case","730","2","39259726524","302028390","4901046679","2","39259726524"
"Recoil Case","Counter-Strike 2","21 Oct","21 Oct","$0.17 USD","17","purchase","Recoil Case","730","2","40060214351","302028390","4901046679","2","40060214351"
"Recoil Case","Counter-Strike 2","21 Oct","21 Oct","$0.17 USD","17","purchase","Recoil Case","730","2","39833487152","302028390","4901046679","2","39833487152"
"Recoil Case","Counter-Strike 2","21 Oct","21 Oct","$0.17 USD","17","purchase","Recoil Case","730","2","39916844553","302028390","4901046679","2","39916844553"
"Recoil Case","Counter-Strike 2","21 Oct","21 Oct","$0.17 USD","17","purchase","Recoil Case","730","2","39820825520","302028390","4901046679","2","39820825520"
"Recoil Case","Counter-Strike 2","21 Oct","21 Oct","$0.17 USD","17","purchase","Recoil Case","730","2","39881503062","302028390","4901046679","2","39881503062"
"Recoil Case","Counter-Strike 2","21 Oct","21 Oct","$0.17 USD","17","purchase","Recoil Case","730","2","38581156703","302028390","4901046679","2","38581156703"
"Recoil Case","Counter-Strike 2","21 Oct","21 Oct","$0.17 USD","17","purchase","Recoil Case","730","2","39704625438","302028390","4901046679","2","39704625438"
"Recoil Case","Counter-Strike 2","21 Oct","21 Oct","$0.17 USD","17","purchase","Recoil Case","730","2","34966369854","302028390","4901046679","2","34966369854"
"Recoil Case","Counter-Strike 2","21 Oct","21 Oct","$0.17 USD","17","purchase","Recoil Case","730","2","39012942237","302028390","4901046679","2","39012942237"
"Recoil Case","Counter-Strike 2","21 Oct","21 Oct","$0.17 USD","17","purchase","Recoil Case","730","2","38096493903","302028390","4901046679","2","38096493903"
"Recoil Case","Counter-Strike 2","21 Oct","21 Oct","$0.17 USD","17","purchase","Recoil Case","730","2","39952404162","302028390","4901046679","2","39952404162"
"Recoil Case","Counter-Strike 2","21 Oct","21 Oct","$0.17 USD","17","purchase","Recoil Case","730","2","40095330187","302028390","4901046679","2","40095330187"
"Recoil Case","Counter-Strike 2","21 Oct","21 Oct","$0.17 USD","17","purchase","Recoil Case","730","2","40095321413","302028390","4901046679","2","40095321413"
"Recoil Case","Counter-Strike 2","21 Oct","21 Oct","$0.17 USD","17","purchase","Recoil Case","730","2","40075205725","302028390","4901046679","2","40075205725"
"Recoil Case","Counter-Strike 2","21 Oct","21 Oct","$0.17 USD","17","purchase","Recoil Case","730","2","40095315300","302028390","4901046679","2","40095315300"
"Recoil Case","Counter-Strike 2","21 Oct","21 Oct","$0.17 USD","17","purchase","Recoil Case","730","2","40023782038","302028390","4901046679","2","40023782038"
"Recoil Case","Counter-Strike 2","21 Oct","21 Oct","$0.17 USD","17","purchase","Recoil Case","730","2","40095300567","302028390","4901046679","2","40095300567"
"Recoil Case","Counter-Strike 2","21 Oct","21 Oct","$0.17 USD","17","purchase","Recoil Case","730","2","39915503786","302028390","4901046679","2","39915503786"
"Recoil Case","Counter-Strike 2","21 Oct","21 Oct","$0.17 USD","17","purchase","Recoil Case","730","2","40095273794","302028390","4901046679","2","40095273794"
"Recoil Case","Counter-Strike 2","21 Oct","21 Oct","$0.17 USD","17","purchase","Recoil Case","730","2","40091123251","302028390","4901046679","2","40091123251"
"Recoil Case","Counter-Strike 2","21 Oct","21 Oct","$0.17 USD","17","purchase","Recoil Case","730","2","39915807037","302028390","4901046679","2","39915807037"
"Recoil Case","Counter-Strike 2","21 Oct","21 Oct","$0.17 USD","17","purchase","Recoil Case","730","2","40095252784","302028390","4901046679","2","40095252784"
"Recoil Case","Counter-Strike 2","21 Oct","21 Oct","$0.17 USD","17","purchase","Recoil Case","730","2","40095245669","302028390","4901046679","2","40095245669"
"Recoil Case","Counter-Strike 2","21 Oct","21 Oct","$0.17 USD","17","purchase","Recoil Case","730","2","40095219950","302028390","4901046679","2","40095219950"
"Recoil Case","Counter-Strike 2","21 Oct","21 Oct","$0.17 USD","17","purchase","Recoil Case","730","2","40031865847","302028390","4901046679","2","40031865847"
"Recoil Case","Counter-Strike 2","21 Oct","21 Oct","$0.17 USD","17","purchase","Recoil Case","730","2","38742649571","302028390","4901046679","2","38742649571"
"Recoil Case","Counter-Strike 2","21 Oct","21 Oct","$0.17 USD","17","purchase","Recoil Case","730","2","39907899338","302028390","4901046679","2","39907899338"
"Recoil Case","Counter-Strike 2","21 Oct","21 Oct","$0.17 USD","17","purchase","Recoil Case","730","2","39896989757","302028390","4901046679","2","39896989757"
"Recoil Case","Counter-Strike 2","21 Oct","21 Oct","$0.17 USD","17","purchase","Recoil Case","730","2","40084019014","302028390","4901046679","2","40084019014"
"Recoil Case","Counter-Strike 2","21 Oct","21 Oct","$0.17 USD","17","purchase","Recoil Case","730","2","39539799542","302028390","4901046679","2","39539799542"
"Recoil Case","Counter-Strike 2","21 Oct","21 Oct","$0.17 USD","17","purchase","Recoil Case","730","2","39703789298","302028390","4901046679","2","39703789298"
"Recoil Case","Counter-Strike 2","21 Oct","21 Oct","$0.17 USD","17","purchase","Recoil Case","730","2","40094662473","302028390","4901046679","2","40094662473"
"Recoil Case","Counter-Strike 2","21 Oct","21 Oct","$0.17 USD","17","purchase","Recoil Case","730","2","39525366528","302028390","4901046679","2","39525366528"
"Recoil Case","Counter-Strike 2","21 Oct","21 Oct","$0.17 USD","17","purchase","Recoil Case","730","2","39540137852","302028390","4901046679","2","39540137852"
"Recoil Case","Counter-Strike 2","21 Oct","21 Oct","$0.17 USD","17","purchase","Recoil Case","730","2","40095150551","302028390","4901046679","2","40095150551"
"Recoil Case","Counter-Strike 2","21 Oct","21 Oct","$0.17 USD","17","purchase","Recoil Case","730","2","40095146494","302028390","4901046679","2","40095146494"
"Recoil Case","Counter-Strike 2","21 Oct","21 Oct","$0.17 USD","17","purchase","Recoil Case","730","2","40022735095","302028390","4901046679","2","40022735095"
"Recoil Case","Counter-Strike 2","20 Oct","20 Oct","$0.17 USD","17","purchase","Recoil Case","730","2","39245472894","302028390","4901046679","2","39245472894"
"Recoil Case","Counter-Strike 2","20 Oct","20 Oct","$0.17 USD","17","purchase","Recoil Case","730","2","39964939075","302028390","6214229365","2","39964939075"
"Recoil Case","Counter-Strike 2","20 Oct","20 Oct","$0.17 USD","17","purchase","Recoil Case","730","2","40095114019","302028390","4901046679","2","40095114019"
"Recoil Case","Counter-Strike 2","20 Oct","20 Oct","$0.17 USD","17","purchase","Recoil Case","730","2","28671886959","0","4901046679","2","28671886959"
"Recoil Case","Counter-Strike 2","20 Oct","20 Oct","$0.17 USD","17","purchase","Recoil Case","730","2","31491927478","0","4901046679","2","31491927478"
"Recoil Case","Counter-Strike 2","20 Oct","20 Oct","$0.17 USD","17","purchase","Recoil Case","730","2","40094784204","302028390","4901046679","2","40094784204"
"Recoil Case","Counter-Strike 2","20 Oct","20 Oct","$0.17 USD","17","purchase","Recoil Case","730","2","33404423103","0","4901046679","2","33404423103"
"Recoil Case","Counter-Strike 2","20 Oct","20 Oct","$0.17 USD","17","purchase","Recoil Case","730","2","39812909684","302028390","4901046679","2","39812909684"
"Recoil Case","Counter-Strike 2","20 Oct","20 Oct","$0.17 USD","17","purchase","Recoil Case","730","2","39986329253","302028390","4901046679","2","39986329253"
"Recoil Case","Counter-Strike 2","20 Oct","20 Oct","$0.17 USD","17","purchase","Recoil Case","730","2","40031557789","302028390","4901046679","2","40031557789"
"Recoil Case","Counter-Strike 2","20 Oct","20 Oct","$0.17 USD","17","purchase","Recoil Case","730","2","40093775282","302028390","4901046679","2","40093775282"
"Recoil Case","Counter-Strike 2","20 Oct","20 Oct","$0.17 USD","17","purchase","Recoil Case","730","2","40095041114","302028390","4901046679","2","40095041114"
"Recoil Case","Counter-Strike 2","20 Oct","20 Oct","$0.17 USD","17","purchase","Recoil Case","730","2","36163659657","302028390","4901046679","2","36163659657"
"Recoil Case","Counter-Strike 2","20 Oct","20 Oct","$0.17 USD","17","purchase","Recoil Case","730","2","37155925449","302028390","4901046679","2","37155925449"
"Recoil Case","Counter-Strike 2","20 Oct","20 Oct","$0.17 USD","17","purchase","Recoil Case","730","2","38145370141","302028390","4901046679","2","38145370141"
"Recoil Case","Counter-Strike 2","20 Oct","20 Oct","$0.17 USD","17","purchase","Recoil Case","730","2","39883503617","302028390","4901046679","2","39883503617"
"Recoil Case","Counter-Strike 2","20 Oct","20 Oct","$0.17 USD","17","purchase","Recoil Case","730","2","39883503626","302028390","4901046679","2","39883503626"
"Recoil Case","Counter-Strike 2","20 Oct","20 Oct","$0.17 USD","17","purchase","Recoil Case","730","2","39883503640","302028390","4901046679","2","39883503640"
"Recoil Case","Counter-Strike 2","20 Oct","20 Oct","$0.17 USD","17","purchase","Recoil Case","730","2","40011000465","302028390","4901046679","2","40011000465"
"Recoil Case","Counter-Strike 2","20 Oct","20 Oct","$0.17 USD","17","purchase","Recoil Case","730","2","40095019844","302028390","4901046679","2","40095019844"
"Recoil Case","Counter-Strike 2","20 Oct","20 Oct","$0.17 USD","17","purchase","Recoil Case","730","2","39933889372","302028390","4901046679","2","39933889372"
"Recoil Case","Counter-Strike 2","20 Oct","20 Oct","$0.17 USD","17","purchase","Recoil Case","730","2","39863947053","302028390","4901046679","2","39863947053"
"Recoil Case","Counter-Strike 2","20 Oct","20 Oct","$0.17 USD","17","purchase","Recoil Case","730","2","36656936921","302028390","4901046679","2","36656936921"
"Recoil Case","Counter-Strike 2","20 Oct","20 Oct","$0.17 USD","17","purchase","Recoil Case","730","2","39561810387","302028390","4901046679","2","39561810387"
"Recoil Case","Counter-Strike 2","20 Oct","20 Oct","$0.17 USD","17","purchase","Recoil Case","730","2","39186557156","302028390","4901046679","2","39186557156"
"Recoil Case","Counter-Strike 2","20 Oct","20 Oct","$0.17 USD","17","purchase","Recoil Case","730","2","36593563644","302028390","4901046679","2","36593563644"
"Recoil Case","Counter-Strike 2","20 Oct","20 Oct","$0.17 USD","17","purchase","Recoil Case","730","2","39863257498","302028390","4901046679","2","39863257498"
"Recoil Case","Counter-Strike 2","20 Oct","20 Oct","$0.17 USD","17","purchase","Recoil Case","730","2","39689611456","302028390","4901046679","2","39689611456"
"Recoil Case","Counter-Strike 2","20 Oct","20 Oct","$0.17 USD","17","purchase","Recoil Case","730","2","40013442384","302028390","4901046679","2","40013442384"
"Recoil Case","Counter-Strike 2","20 Oct","20 Oct","$0.17 USD","17","purchase","Recoil Case","730","2","39699393693","302028390","4901046679","2","39699393693"
"Recoil Case","Counter-Strike 2","20 Oct","20 Oct","$0.17 USD","17","purchase","Recoil Case","730","2","38606778520","302028390","4901046679","2","38606778520"
"Recoil Case","Counter-Strike 2","20 Oct","20 Oct","$0.17 USD","17","purchase","Recoil Case","730","2","40094982256","302028390","4901046679","2","40094982256"
"Recoil Case","Counter-Strike 2","20 Oct","20 Oct","$0.17 USD","17","purchase","Recoil Case","730","2","39786013924","302028390","4901046679","2","39786013924"
"Recoil Case","Counter-Strike 2","20 Oct","20 Oct","$0.17 USD","17","purchase","Recoil Case","730","2","38989431839","302028390","4901046679","2","38989431839"
"Recoil Case","Counter-Strike 2","20 Oct","20 Oct","$0.17 USD","17","purchase","Recoil Case","730","2","40023295445","302028390","4901046679","2","40023295445"
"Recoil Case","Counter-Strike 2","20 Oct","20 Oct","$0.17 USD","17","purchase","Recoil Case","730","2","40064682690","302028390","4901046679","2","40064682690"
"Recoil Case","Counter-Strike 2","20 Oct","20 Oct","$0.17 USD","17","purchase","Recoil Case","730","2","40032335451","302028390","4901046679","2","40032335451"
"Recoil Case","Counter-Strike 2","20 Oct","20 Oct","$0.17 USD","17","purchase","Recoil Case","730","2","40036219170","302028390","4901046679","2","40036219170"
"Recoil Case","Counter-Strike 2","20 Oct","20 Oct","$0.17 USD","17","purchase","Recoil Case","730","2","40089183611","302028390","4901046679","2","40089183611"
"Recoil Case","Counter-Strike 2","20 Oct","20 Oct","$0.17 USD","17","purchase","Recoil Case","730","2","40067991118","302028390","4901046679","2","40067991118"
"Recoil Case","Counter-Strike 2","20 Oct","20 Oct","$0.17 USD","17","purchase","Recoil Case","730","2","39522712705","302028390","4901046679","2","39522712705"
"Recoil Case","Counter-Strike 2","20 Oct","20 Oct","$0.17 USD","17","purchase","Recoil Case","730","2","40094921630","302028390","4901046679","2","40094921630"
"Recoil Case","Counter-Strike 2","20 Oct","20 Oct","$0.17 USD","17","purchase","Recoil Case","730","2","26978864350","0","4901046679","2","26978864350"
"Recoil Case","Counter-Strike 2","20 Oct","20 Oct","$0.17 USD","17","purchase","Recoil Case","730","2","39730471338","302028390","4901046679","2","39730471338"
"Recoil Case","Counter-Strike 2","20 Oct","20 Oct","$0.17 USD","17","purchase","Recoil Case","730","2","39435697185","302028390","4901046679","2","39435697185"
"Recoil Case","Counter-Strike 2","20 Oct","20 Oct","$0.17 USD","17","purchase","Recoil Case","730","2","39965116851","302028390","4901046679","2","39965116851"
"Recoil Case","Counter-Strike 2","20 Oct","20 Oct","$0.17 USD","17","purchase","Recoil Case","730","2","39914260327","302028390","4901046679","2","39914260327"
"Recoil Case","Counter-Strike 2","20 Oct","20 Oct","$0.17 USD","17","purchase","Recoil Case","730","2","39793284518","302028390","4901046679","2","39793284518"
"Recoil Case","Counter-Strike 2","20 Oct","20 Oct","$0.17 USD","17","purchase","Recoil Case","730","2","37423255901","302028390","4901046679","2","37423255901"
"Recoil Case","Counter-Strike 2","20 Oct","20 Oct","$0.17 USD","17","purchase","Recoil Case","730","2","38023454610","302028390","4901046679","2","38023454610"
"Recoil Case","Counter-Strike 2","20 Oct","20 Oct","$0.17 USD","17","purchase","Recoil Case","730","2","39600109140","302028390","4901046679","2","39600109140"
"Recoil Case","Counter-Strike 2","20 Oct","20 Oct","$0.17 USD","17","purchase","Recoil Case","730","2","39371869526","302028390","4901046679","2","39371869526"
"Recoil Case","Counter-Strike 2","20 Oct","20 Oct","$0.17 USD","17","purchase","Recoil Case","730","2","39853376180","302028390","4901046679","2","39853376180"
"Recoil Case","Counter-Strike 2","20 Oct","20 Oct","$0.17 USD","17","purchase","Recoil Case","730","2","40094833285","302028390","4901046679","2","40094833285"
"Recoil Case","Counter-Strike 2","20 Oct","20 Oct","$0.17 USD","17","purchase","Recoil Case","730","2","39971328059","302028390","4901046679","2","39971328059"
"Recoil Case","Counter-Strike 2","20 Oct","20 Oct","$0.17 USD","17","purchase","Recoil Case","730","2","39073634201","302028390","4901046679","2","39073634201"
"Recoil Case","Counter-Strike 2","20 Oct","20 Oct","$0.17 USD","17","purchase","Recoil Case","730","2","38942123467","302028390","4901046679","2","38942123467"
"Recoil Case","Counter-Strike 2","20 Oct","20 Oct","$0.17 USD","17","purchase","Recoil Case","730","2","39856010294","302028390","4901046679","2","39856010294"
"Recoil Case","Counter-Strike 2","20 Oct","20 Oct","$0.17 USD","17","purchase","Recoil Case","730","2","40094831824","302028390","4901046679","2","40094831824"
"Recoil Case","Counter-Strike 2","20 Oct","20 Oct","$0.17 USD","17","purchase","Recoil Case","730","2","40033797406","302028390","4901046679","2","40033797406"
"Recoil Case","Counter-Strike 2","20 Oct","20 Oct","$0.17 USD","17","purchase","Recoil Case","730","2","39904024595","302028390","4901046679","2","39904024595"
"Recoil Case","Counter-Strike 2","20 Oct","20 Oct","$0.17 USD","17","purchase","Recoil Case","730","2","40029232159","302028390","4901046679","2","40029232159"
"Recoil Case","Counter-Strike 2","20 Oct","20 Oct","$0.17 USD","17","purchase","Recoil Case","730","2","39518158141","302028390","4901046679","2","39518158141"
"Recoil Case","Counter-Strike 2","20 Oct","20 Oct","$0.17 USD","17","purchase","Recoil Case","730","2","39844002628","302028390","4901046679","2","39844002628"
"Recoil Case","Counter-Strike 2","20 Oct","20 Oct","$0.17 USD","17","purchase","Recoil Case","730","2","39702995078","302028390","4901046679","2","39702995078"
"Recoil Case","Counter-Strike 2","20 Oct","20 Oct","$0.17 USD","17","purchase","Recoil Case","730","2","40094752286","302028390","4901046679","2","40094752286"
"Recoil Case","Counter-Strike 2","20 Oct","20 Oct","$0.17 USD","17","purchase","Recoil Case","730","2","40094751390","302028390","4901046679","2","40094751390"
"Recoil Case","Counter-Strike 2","20 Oct","20 Oct","$0.17 USD","17","purchase","Recoil Case","730","2","40093029057","302028390","4901046679","2","40093029057"
"Recoil Case","Counter-Strike 2","20 Oct","20 Oct","$0.17 USD","17","purchase","Recoil Case","730","2","40094742885","302028390","4901046679","2","40094742885"
"Recoil Case","Counter-Strike 2","20 Oct","20 Oct","$0.17 USD","17","purchase","Recoil Case","730","2","40094743210","302028390","4901046679","2","40094743210"
"Recoil Case","Counter-Strike 2","20 Oct","20 Oct","$0.17 USD","17","purchase","Recoil Case","730","2","34871983668","302028390","4901046679","2","34871983668"
"Recoil Case","Counter-Strike 2","20 Oct","20 Oct","$0.17 USD","17","purchase","Recoil Case","730","2","39910521363","302028390","4901046679","2","39910521363"
"Recoil Case","Counter-Strike 2","20 Oct","20 Oct","$0.17 USD","17","purchase","Recoil Case","730","2","40035192389","302028390","4901046679","2","40035192389"
"Recoil Case","Counter-Strike 2","20 Oct","20 Oct","$0.17 USD","17","purchase","Recoil Case","730","2","40094732025","302028390","4901046679","2","40094732025"
"Recoil Case","Counter-Strike 2","20 Oct","20 Oct","$0.17 USD","17","purchase","Recoil Case","730","2","39979631553","302028390","4901046679","2","39979631553"
"Recoil Case","Counter-Strike 2","20 Oct","20 Oct","$0.17 USD","17","purchase","Recoil Case","730","2","40094713877","302028390","4901046679","2","40094713877"
"Recoil Case","Counter-Strike 2","20 Oct","20 Oct","$0.17 USD","17","purchase","Recoil Case","730","2","40048020331","302028390","4901046679","2","40048020331"
"Recoil Case","Counter-Strike 2","20 Oct","20 Oct","$0.17 USD","17","purchase","Recoil Case","730","2","39775263778","302028390","4901046679","2","39775263778"
"Recoil Case","Counter-Strike 2","20 Oct","20 Oct","$0.17 USD","17","purchase","Recoil Case","730","2","39614286941","302028390","4901046679","2","39614286941"
"Recoil Case","Counter-Strike 2","20 Oct","20 Oct","$0.17 USD","17","purchase","Recoil Case","730","2","39971638445","302028390","4901046679","2","39971638445"
"Recoil Case","Counter-Strike 2","20 Oct","20 Oct","$0.17 USD","17","purchase","Recoil Case","730","2","40094700058","302028390","4901046679","2","40094700058"
"Recoil Case","Counter-Strike 2","20 Oct","20 Oct","$0.17 USD","17","purchase","Recoil Case","730","2","39485475683","302028390","4901046679","2","39485475683"
"Recoil Case","Counter-Strike 2","20 Oct","20 Oct","$0.17 USD","17","purchase","Recoil Case","730","2","39026119630","302028390","4901046679","2","39026119630"
"Recoil Case","Counter-Strike 2","20 Oct","20 Oct","$0.17 USD","17","purchase","Recoil Case","730","2","36386952597","302028390","4901046679","2","36386952597"
"Recoil Case","Counter-Strike 2","20 Oct","20 Oct","$0.17 USD","17","purchase","Recoil Case","730","2","34494481056","302028390","4901046679","2","34494481056"
"Recoil Case","Counter-Strike 2","20 Oct","20 Oct","$0.17 USD","17","purchase","Recoil Case","730","2","40094366713","302028390","4901046679","2","40094366713"
"Recoil Case","Counter-Strike 2","20 Oct","20 Oct","$0.17 USD","17","purchase","Recoil Case","730","2","39775047980","302028390","4901046679","2","39775047980"
"Recoil Case","Counter-Strike 2","20 Oct","20 Oct","$0.17 USD","17","purchase","Recoil Case","730","2","40094680006","302028390","4901046679","2","40094680006"
"Recoil Case","Counter-Strike 2","20 Oct","20 Oct","$0.17 USD","17","purchase","Recoil Case","730","2","40078879707","302028390","4901046679","2","40078879707"
"Recoil Case","Counter-Strike 2","20 Oct","20 Oct","$0.17 USD","17","purchase","Recoil Case","730","2","39999037611","302028390","4901046679","2","39999037611"
"Recoil Case","Counter-Strike 2","20 Oct","20 Oct","$0.17 USD","17","purchase","Recoil Case","730","2","39791461931","302028390","4901046679","2","39791461931"
"Recoil Case","Counter-Strike 2","20 Oct","20 Oct","$0.17 USD","17","purchase","Recoil Case","730","2","39720796620","302028390","4901046679","2","39720796620"
"Recoil Case","Counter-Strike 2","20 Oct","20 Oct","$0.17 USD","17","purchase","Recoil Case","730","2","39952845691","302028390","6212076479","2","39952845691"
"Recoil Case","Counter-Strike 2","20 Oct","20 Oct","$0.17 USD","17","purchase","Recoil Case","730","2","39969666822","302028390","4901046679","2","39969666822"
"Recoil Case","Counter-Strike 2","20 Oct","20 Oct","$0.17 USD","17","purchase","Recoil Case","730","2","39952845695","302028390","6212076479","2","39952845695"
"Recoil Case","Counter-Strike 2","20 Oct","20 Oct","$0.17 USD","17","purchase","Recoil Case","730","2","39968148469","302028390","6214229365","2","39968148469"
"Recoil Case","Counter-Strike 2","20 Oct","20 Oct","$0.17 USD","17","purchase","Recoil Case","730","2","40094647111","302028390","4901046679","2","40094647111"
"Recoil Case","Counter-Strike 2","20 Oct","20 Oct","$0.17 USD","17","purchase","Recoil Case","730","2","40083631877","302028390","4901046679","2","40083631877"
"Recoil Case","Counter-Strike 2","20 Oct","20 Oct","$0.17 USD","17","purchase","Recoil Case","730","2","40094647233","302028390","4901046679","2","40094647233"
"Recoil Case","Counter-Strike 2","20 Oct","20 Oct","$0.17 USD","17","purchase","Recoil Case","730","2","40068700656","302028390","4901046679","2","40068700656"
"Recoil Case","Counter-Strike 2","20 Oct","20 Oct","$0.17 USD","17","purchase","Recoil Case","730","2","39104693003","302028390","4901046679","2","39104693003"
"Recoil Case","Counter-Strike 2","20 Oct","20 Oct","$0.17 USD","17","purchase","Recoil Case","730","2","38465403910","302028390","4901046679","2","38465403910"
"Recoil Case","Counter-Strike 2","20 Oct","20 Oct","$0.17 USD","17","purchase","Recoil Case","730","2","39919264953","302028390","4901046679","2","39919264953"
"Recoil Case","Counter-Strike 2","20 Oct","20 Oct","$0.17 USD","17","purchase","Recoil Case","730","2","40094618848","302028390","4901046679","2","40094618848"
"Recoil Case","Counter-Strike 2","20 Oct","20 Oct","$0.17 USD","17","purchase","Recoil Case","730","2","40036399731","302028390","4901046679","2","40036399731"
"Recoil Case","Counter-Strike 2","20 Oct","20 Oct","$0.17 USD","17","purchase","Recoil Case","730","2","39935095681","302028390","4901046679","2","39935095681"
"Recoil Case","Counter-Strike 2","20 Oct","20 Oct","$0.17 USD","17","purchase","Recoil Case","730","2","39820470309","302028390","4901046679","2","39820470309"
"Recoil Case","Counter-Strike 2","20 Oct","20 Oct","$0.17 USD","17","purchase","Recoil Case","730","2","36150764491","302028390","4901046679","2","36150764491"
"Recoil Case","Counter-Strike 2","20 Oct","20 Oct","$0.17 USD","17","purchase","Recoil Case","730","2","36378045862","302028390","4901046679","2","36378045862"
"Recoil Case","Counter-Strike 2","20 Oct","20 Oct","$0.17 USD","17","purchase","Recoil Case","730","2","39787025419","302028390","4901046679","2","39787025419"
"Recoil Case","Counter-Strike 2","20 Oct","20 Oct","$0.17 USD","17","purchase","Recoil Case","730","2","39870343410","302028390","4901046679","2","39870343410"
"Recoil Case","Counter-Strike 2","20 Oct","20 Oct","$0.17 USD","17","purchase","Recoil Case","730","2","40094616512","302028390","4901046679","2","40094616512"
"Recoil Case","Counter-Strike 2","20 Oct","20 Oct","$0.17 USD","17","purchase","Recoil Case","730","2","40094607509","302028390","4901046679","2","40094607509"
"Recoil Case","Counter-Strike 2","20 Oct","20 Oct","$0.17 USD","17","purchase","Recoil Case","730","2","36233049632","302028390","4901046679","2","36233049632"
"Recoil Case","Counter-Strike 2","20 Oct","20 Oct","$0.17 USD","17","purchase","Recoil Case","730","2","37918477434","302028390","4901046679","2","37918477434"
"Recoil Case","Counter-Strike 2","20 Oct","20 Oct","$0.17 USD","17","purchase","Recoil Case","730","2","34416728784","302028390","4901046679","2","34416728784"
"Recoil Case","Counter-Strike 2","20 Oct","20 Oct","$0.17 USD","17","purchase","Recoil Case","730","2","39568957128","302028390","4901046679","2","39568957128"
"Recoil Case","Counter-Strike 2","20 Oct","20 Oct","$0.17 USD","17","purchase","Recoil Case","730","2","39717872765","302028390","4901046679","2","39717872765"
"Recoil Case","Counter-Strike 2","20 Oct","20 Oct","$0.17 USD","17","purchase","Recoil Case","730","2","40056624345","302028390","4901046679","2","40056624345"
"Recoil Case","Counter-Strike 2","20 Oct","20 Oct","$0.17 USD","17","purchase","Recoil Case","730","2","38926577093","302028390","4901046679","2","38926577093"
"Recoil Case","Counter-Strike 2","20 Oct","20 Oct","$0.17 USD","17","purchase","Recoil Case","730","2","39387686547","302028390","4901046679","2","39387686547"
"Recoil Case","Counter-Strike 2","20 Oct","20 Oct","$0.17 USD","17","purchase","Recoil Case","730","2","39950985728","302028390","6212076479","2","39950985728"
"Recoil Case","Counter-Strike 2","20 Oct","20 Oct","$0.17 USD","17","purchase","Recoil Case","730","2","40034994734","302028390","4901046679","2","40034994734"
"Recoil Case","Counter-Strike 2","20 Oct","20 Oct","$0.17 USD","17","purchase","Recoil Case","730","2","39730057881","302028390","4901046679","2","39730057881"
"Recoil Case","Counter-Strike 2","20 Oct","20 Oct","$0.17 USD","17","purchase","Recoil Case","730","2","40094091122","302028390","4901046679","2","40094091122"
"Recoil Case","Counter-Strike 2","20 Oct","20 Oct","$0.17 USD","17","purchase","Recoil Case","730","2","40029818420","302028390","4901046679","2","40029818420"
"Recoil Case","Counter-Strike 2","20 Oct","20 Oct","$0.17 USD","17","purchase","Recoil Case","730","2","36668449206","302028390","4901046679","2","36668449206"
"Recoil Case","Counter-Strike 2","20 Oct","20 Oct","$0.17 USD","17","purchase","Recoil Case","730","2","39459150098","302028390","4901046679","2","39459150098"
"Recoil Case","Counter-Strike 2","20 Oct","20 Oct","$0.17 USD","17","purchase","Recoil Case","730","2","40094557898","302028390","4901046679","2","40094557898"
"Recoil Case","Counter-Strike 2","20 Oct","20 Oct","$0.17 USD","17","purchase","Recoil Case","730","2","37827317415","302028390","4901046679","2","37827317415"
"Recoil Case","Counter-Strike 2","20 Oct","20 Oct","$0.17 USD","17","purchase","Recoil Case","730","2","36850494473","302028390","4901046679","2","36850494473"
"Recoil Case","Counter-Strike 2","20 Oct","20 Oct","$0.17 USD","17","purchase","Recoil Case","730","2","39718648955","302028390","4901046679","2","39718648955"
"Recoil Case","Counter-Strike 2","20 Oct","20 Oct","$0.17 USD","17","purchase","Recoil Case","730","2","40030290675","302028390","4901046679","2","40030290675"
"Recoil Case","Counter-Strike 2","20 Oct","20 Oct","$0.17 USD","17","purchase","Recoil Case","730","2","40094098123","302028390","4901046679","2","40094098123"
"Recoil Case","Counter-Strike 2","20 Oct","20 Oct","$0.17 USD","17","purchase","Recoil Case","730","2","39564123474","302028390","4901046679","2","39564123474"
"Recoil Case","Counter-Strike 2","20 Oct","20 Oct","$0.17 USD","17","purchase","Recoil Case","730","2","40091794062","302028390","4901046679","2","40091794062"
"Recoil Case","Counter-Strike 2","20 Oct","20 Oct","$0.17 USD","17","purchase","Recoil Case","730","2","39864560114","302028390","4901046679","2","39864560114"
"Recoil Case","Counter-Strike 2","20 Oct","20 Oct","$0.17 USD","17","purchase","Recoil Case","730","2","39901853145","302028390","4901046679","2","39901853145"
"Recoil Case","Counter-Strike 2","20 Oct","20 Oct","$0.17 USD","17","purchase","Recoil Case","730","2","40094558530","302028390","4901046679","2","40094558530"
"Recoil Case","Counter-Strike 2","20 Oct","20 Oct","$0.17 USD","17","purchase","Recoil Case","730","2","38971762984","302028390","4901046679","2","38971762984"
"Recoil Case","Counter-Strike 2","20 Oct","20 Oct","$0.17 USD","17","purchase","Recoil Case","730","2","39541776993","302028390","4901046679","2","39541776993"
"Recoil Case","Counter-Strike 2","20 Oct","20 Oct","$0.17 USD","17","purchase","Recoil Case","730","2","40094539437","302028390","4901046679","2","40094539437"
"Recoil Case","Counter-Strike 2","20 Oct","20 Oct","$0.17 USD","17","purchase","Recoil Case","730","2","40023133419","302028390","4901046679","2","40023133419"
"Recoil Case","Counter-Strike 2","20 Oct","20 Oct","$0.17 USD","17","purchase","Recoil Case","730","2","40049248682","302028390","4901046679","2","40049248682"
"Recoil Case","Counter-Strike 2","20 Oct","20 Oct","$0.17 USD","17","purchase","Recoil Case","730","2","40093808044","302028390","4901046679","2","40093808044"
"Recoil Case","Counter-Strike 2","20 Oct","20 Oct","$0.17 USD","17","purchase","Recoil Case","730","2","39819649385","302028390","4901046679","2","39819649385"
"Recoil Case","Counter-Strike 2","20 Oct","20 Oct","$0.17 USD","17","purchase","Recoil Case","730","2","40029671402","302028390","4901046679","2","40029671402"
"Recoil Case","Counter-Strike 2","20 Oct","20 Oct","$0.17 USD","17","purchase","Recoil Case","730","2","40031834283","302028390","4901046679","2","40031834283"
"Recoil Case","Counter-Strike 2","20 Oct","20 Oct","$0.17 USD","17","purchase","Recoil Case","730","2","39567935388","302028390","4901046679","2","39567935388"
"Recoil Case","Counter-Strike 2","20 Oct","20 Oct","$0.17 USD","17","purchase","Recoil Case","730","2","40094540038","302028390","4901046679","2","40094540038"
"Recoil Case","Counter-Strike 2","20 Oct","20 Oct","$0.17 USD","17","purchase","Recoil Case","730","2","40042781703","302028390","4901046679","2","40042781703"
"Recoil Case","Counter-Strike 2","20 Oct","20 Oct","$0.17 USD","17","purchase","Recoil Case","730","2","39783148641","302028390","4901046679","2","39783148641"
"Recoil Case","Counter-Strike 2","20 Oct","20 Oct","$0.17 USD","17","purchase","Recoil Case","730","2","40024778749","302028390","4901046679","2","40024778749"
"Recoil Case","Counter-Strike 2","20 Oct","20 Oct","$0.17 USD","17","purchase","Recoil Case","730","2","40094498310","302028390","4901046679","2","40094498310"
"Recoil Case","Counter-Strike 2","20 Oct","20 Oct","$0.17 USD","17","purchase","Recoil Case","730","2","40094490675","302028390","4901046679","2","40094490675"
"Recoil Case","Counter-Strike 2","20 Oct","20 Oct","$0.17 USD","17","purchase","Recoil Case","730","2","40094483839","302028390","4901046679","2","40094483839"
"Recoil Case","Counter-Strike 2","20 Oct","20 Oct","$0.17 USD","17","purchase","Recoil Case","730","2","40094468748","302028390","4901046679","2","40094468748"
"Recoil Case","Counter-Strike 2","20 Oct","20 Oct","$0.17 USD","17","purchase","Recoil Case","730","2","39978994341","302028390","4901046679","2","39978994341"
"Recoil Case","Counter-Strike 2","20 Oct","20 Oct","$0.17 USD","17","purchase","Recoil Case","730","2","40094452351","302028390","4901046679","2","40094452351"
"Recoil Case","Counter-Strike 2","20 Oct","20 Oct","$0.17 USD","17","purchase","Recoil Case","730","2","40094459218","302028390","4901046679","2","40094459218"
"Recoil Case","Counter-Strike 2","20 Oct","20 Oct","$0.17 USD","17","purchase","Recoil Case","730","2","39730204413","302028390","4901046679","2","39730204413"
"Recoil Case","Counter-Strike 2","20 Oct","20 Oct","$0.17 USD","17","purchase","Recoil Case","730","2","40032707045","302028390","4901046679","2","40032707045"
"Recoil Case","Counter-Strike 2","20 Oct","20 Oct","$0.17 USD","17","purchase","Recoil Case","730","2","38969085007","302028390","4901046679","2","38969085007"
"Recoil Case","Counter-Strike 2","20 Oct","20 Oct","$0.17 USD","17","purchase","Recoil Case","730","2","39467594340","302028390","4901046679","2","39467594340"
"Recoil Case","Counter-Strike 2","20 Oct","20 Oct","$0.17 USD","17","purchase","Recoil Case","730","2","38579903037","302028390","4901046679","2","38579903037"
"Recoil Case","Counter-Strike 2","20 Oct","20 Oct","$0.17 USD","17","purchase","Recoil Case","730","2","37387324329","302028390","4901046679","2","37387324329"
"Recoil Case","Counter-Strike 2","20 Oct","20 Oct","$0.17 USD","17","purchase","Recoil Case","730","2","39949031766","302028390","4901046679","2","39949031766"
"Recoil Case","Counter-Strike 2","20 Oct","20 Oct","$0.17 USD","17","purchase","Recoil Case","730","2","39803776536","302028390","4901046679","2","39803776536"
"Recoil Case","Counter-Strike 2","20 Oct","20 Oct","$0.17 USD","17","purchase","Recoil Case","730","2","40050462395","302028390","4901046679","2","40050462395"
"Recoil Case","Counter-Strike 2","20 Oct","20 Oct","$0.17 USD","17","purchase","Recoil Case","730","2","35729528066","302028390","4901046679","2","35729528066"
"Recoil Case","Counter-Strike 2","20 Oct","20 Oct","$0.17 USD","17","purchase","Recoil Case","730","2","39791345090","302028390","4901046679","2","39791345090"
"Recoil Case","Counter-Strike 2","20 Oct","20 Oct","$0.17 USD","17","purchase","Recoil Case","730","2","40029373966","302028390","4901046679","2","40029373966"
"Recoil Case","Counter-Strike 2","20 Oct","20 Oct","$0.17 USD","17","purchase","Recoil Case","730","2","40094413817","302028390","4901046679","2","40094413817"
"Recoil Case","Counter-Strike 2","20 Oct","20 Oct","$0.17 USD","17","purchase","Recoil Case","730","2","40021537401","302028390","4901046679","2","40021537401"
"Recoil Case","Counter-Strike 2","20 Oct","20 Oct","$0.17 USD","17","purchase","Recoil Case","730","2","39705288434","302028390","4901046679","2","39705288434"
"Recoil Case","Counter-Strike 2","20 Oct","20 Oct","$0.17 USD","17","purchase","Recoil Case","730","2","40094395767","302028390","4901046679","2","40094395767"
"Recoil Case","Counter-Strike 2","20 Oct","20 Oct","$0.17 USD","17","purchase","Recoil Case","730","2","40082849383","302028390","4901046679","2","40082849383"
"Recoil Case","Counter-Strike 2","20 Oct","20 Oct","$0.17 USD","17","purchase","Recoil Case","730","2","40094388148","302028390","4901046679","2","40094388148"
"Recoil Case","Counter-Strike 2","20 Oct","20 Oct","$0.17 USD","17","purchase","Recoil Case","730","2","39635451635","302028390","4901046679","2","39635451635"
"Recoil Case","Counter-Strike 2","20 Oct","20 Oct","$0.17 USD","17","purchase","Recoil Case","730","2","39731033966","302028390","4901046679","2","39731033966"
"Recoil Case","Counter-Strike 2","20 Oct","20 Oct","$0.17 USD","17","purchase","Recoil Case","730","2","40094376560","302028390","4901046679","2","40094376560"
"Recoil Case","Counter-Strike 2","20 Oct","20 Oct","$0.17 USD","17","purchase","Recoil Case","730","2","40094375436","302028390","4901046679","2","40094375436"
"Recoil Case","Counter-Strike 2","20 Oct","20 Oct","$0.17 USD","17","purchase","Recoil Case","730","2","39788956005","302028390","4901046679","2","39788956005"
"Recoil Case","Counter-Strike 2","20 Oct","20 Oct","$0.17 USD","17","purchase","Recoil Case","730","2","40094377341","302028390","4901046679","2","40094377341"
"Recoil Case","Counter-Strike 2","20 Oct","20 Oct","$0.17 USD","17","purchase","Recoil Case","730","2","40029753425","302028390","4901046679","2","40029753425"
"Recoil Case","Counter-Strike 2","20 Oct","20 Oct","$0.17 USD","17","purchase","Recoil Case","730","2","40094362835","302028390","4901046679","2","40094362835"
"Recoil Case","Counter-Strike 2","20 Oct","20 Oct","$0.17 USD","17","purchase","Recoil Case","730","2","40094361086","302028390","4901046679","2","40094361086"
"Recoil Case","Counter-Strike 2","20 Oct","20 Oct","$0.17 USD","17","purchase","Recoil Case","730","2","29084505403","0","4901046679","2","29084505403"
"Recoil Case","Counter-Strike 2","20 Oct","20 Oct","$0.17 USD","17","purchase","Recoil Case","730","2","35569849589","302028390","4901046679","2","35569849589"
"Recoil Case","Counter-Strike 2","20 Oct","20 Oct","$0.17 USD","17","purchase","Recoil Case","730","2","39983870033","302028390","4901046679","2","39983870033"
"Recoil Case","Counter-Strike 2","20 Oct","20 Oct","$0.17 USD","17","purchase","Recoil Case","730","2","40052631402","302028390","4901046679","2","40052631402"
"Recoil Case","Counter-Strike 2","20 Oct","20 Oct","$0.17 USD","17","purchase","Recoil Case","730","2","40094329238","302028390","4901046679","2","40094329238"
"Recoil Case","Counter-Strike 2","20 Oct","20 Oct","$0.17 USD","17","purchase","Recoil Case","730","2","38826954829","302028390","4901046679","2","38826954829"
"Recoil Case","Counter-Strike 2","20 Oct","20 Oct","$0.17 USD","17","purchase","Recoil Case","730","2","40081538995","302028390","4901046679","2","40081538995"
"Recoil Case","Counter-Strike 2","20 Oct","20 Oct","$0.17 USD","17","purchase","Recoil Case","730","2","39944049458","302028390","4901046679","2","39944049458"
"Recoil Case","Counter-Strike 2","20 Oct","20 Oct","$0.17 USD","17","purchase","Recoil Case","730","2","39981103231","302028390","4901046679","2","39981103231"
"Recoil Case","Counter-Strike 2","20 Oct","20 Oct","$0.17 USD","17","purchase","Recoil Case","730","2","40094323935","302028390","4901046679","2","40094323935"
"Recoil Case","Counter-Strike 2","20 Oct","20 Oct","$0.17 USD","17","purchase","Recoil Case","730","2","37387235369","302028390","4901046679","2","37387235369"
"Recoil Case","Counter-Strike 2","20 Oct","20 Oct","$0.17 USD","17","purchase","Recoil Case","730","2","39938190400","302028390","4901046679","2","39938190400"
"Recoil Case","Counter-Strike 2","20 Oct","20 Oct","$0.17 USD","17","purchase","Recoil Case","730","2","39915052999","302028390","4901046679","2","39915052999"
"Recoil Case","Counter-Strike 2","20 Oct","20 Oct","$0.17 USD","17","purchase","Recoil Case","730","2","31675367078","0","4901046679","2","31675367078"
"Recoil Case","Counter-Strike 2","20 Oct","20 Oct","$0.17 USD","17","purchase","Recoil Case","730","2","32439576885","0","4901046679","2","32439576885"
"Recoil Case","Counter-Strike 2","20 Oct","20 Oct","$0.17 USD","17","purchase","Recoil Case","730","2","33290090947","0","4901046679","2","33290090947"
"Recoil Case","Counter-Strike 2","20 Oct","20 Oct","$0.17 USD","17","purchase","Recoil Case","730","2","38326881622","302028390","4901046679","2","38326881622"
"Recoil Case","Counter-Strike 2","20 Oct","20 Oct","$0.17 USD","17","purchase","Recoil Case","730","2","38302424884","302028390","4901046679","2","38302424884"
"Recoil Case","Counter-Strike 2","20 Oct","20 Oct","$0.17 USD","17","purchase","Recoil Case","730","2","38971762990","302028390","4901046679","2","38971762990"
"Recoil Case","Counter-Strike 2","20 Oct","20 Oct","$0.17 USD","17","purchase","Recoil Case","730","2","38288324100","302028390","4901046679","2","38288324100"
"Recoil Case","Counter-Strike 2","20 Oct","20 Oct","$0.17 USD","17","purchase","Recoil Case","730","2","40064075315","302028390","4901046679","2","40064075315"
"Recoil Case","Counter-Strike 2","20 Oct","20 Oct","$0.17 USD","17","purchase","Recoil Case","730","2","34107096472","302028390","4901046679","2","34107096472"
"Recoil Case","Counter-Strike 2","20 Oct","20 Oct","$0.17 USD","17","purchase","Recoil Case","730","2","35790372691","302028390","4901046679","2","35790372691"
"Recoil Case","Counter-Strike 2","20 Oct","20 Oct","$0.17 USD","17","purchase","Recoil Case","730","2","39970624559","302028390","6214229365","2","39970624559"
"Recoil Case","Counter-Strike 2","20 Oct","20 Oct","$0.17 USD","17","purchase","Recoil Case","730","2","40094144418","302028390","4901046679","2","40094144418"
"Recoil Case","Counter-Strike 2","20 Oct","20 Oct","$0.17 USD","17","purchase","Recoil Case","730","2","38723697022","302028390","4901046679","2","38723697022"
"Recoil Case","Counter-Strike 2","20 Oct","20 Oct","$0.17 USD","17","purchase","Recoil Case","730","2","39178133701","302028390","4901046679","2","39178133701"
"Recoil Case","Counter-Strike 2","20 Oct","20 Oct","$0.17 USD","17","purchase","Recoil Case","730","2","39231254628","302028390","4901046679","2","39231254628"
"Recoil Case","Counter-Strike 2","20 Oct","20 Oct","$0.17 USD","17","purchase","Recoil Case","730","2","38258043300","302028390","4901046679","2","38258043300"
"Recoil Case","Counter-Strike 2","20 Oct","20 Oct","$0.17 USD","17","purchase","Recoil Case","730","2","40066321732","302028390","4901046679","2","40066321732"
"Recoil Case","Counter-Strike 2","20 Oct","20 Oct","$0.17 USD","17","purchase","Recoil Case","730","2","39701249176","302028390","4901046679","2","39701249176"
"Recoil Case","Counter-Strike 2","20 Oct","20 Oct","$0.17 USD","17","purchase","Recoil Case","730","2","39816830042","302028390","4901046679","2","39816830042"
"Recoil Case","Counter-Strike 2","20 Oct","20 Oct","$0.17 USD","17","purchase","Recoil Case","730","2","39999192478","302028390","4901046679","2","39999192478"
"Recoil Case","Counter-Strike 2","20 Oct","20 Oct","$0.17 USD","17","purchase","Recoil Case","730","2","39950005683","302028390","4901046679","2","39950005683"
"Recoil Case","Counter-Strike 2","20 Oct","20 Oct","$0.17 USD","17","purchase","Recoil Case","730","2","39626827964","302028390","4901046679","2","39626827964"
"Recoil Case","Counter-Strike 2","20 Oct","20 Oct","$0.17 USD","17","purchase","Recoil Case","730","2","39607759281","302028390","4901046679","2","39607759281"
"Recoil Case","Counter-Strike 2","20 Oct","20 Oct","$0.17 USD","17","purchase","Recoil Case","730","2","39886018090","302028390","4901046679","2","39886018090"
"Recoil Case","Counter-Strike 2","20 Oct","20 Oct","$0.17 USD","17","purchase","Recoil Case","730","2","39895905544","302028390","4901046679","2","39895905544"
"Recoil Case","Counter-Strike 2","20 Oct","20 Oct","$0.17 USD","17","purchase","Recoil Case","730","2","39615818752","302028390","4901046679","2","39615818752"
"Recoil Case","Counter-Strike 2","20 Oct","20 Oct","$0.17 USD","17","purchase","Recoil Case","730","2","39853295923","302028390","4901046679","2","39853295923"
"Recoil Case","Counter-Strike 2","20 Oct","20 Oct","$0.17 USD","17","purchase","Recoil Case","730","2","39566282099","302028390","4901046679","2","39566282099"
"Recoil Case","Counter-Strike 2","20 Oct","20 Oct","$0.17 USD","17","purchase","Recoil Case","730","2","39714829301","302028390","4901046679","2","39714829301"
"Recoil Case","Counter-Strike 2","20 Oct","20 Oct","$0.17 USD","17","purchase","Recoil Case","730","2","39612719366","302028390","4901046679","2","39612719366"
"Recoil Case","Counter-Strike 2","20 Oct","20 Oct","$0.17 USD","17","purchase","Recoil Case","730","2","38850015596","302028390","4901046679","2","38850015596"
"Recoil Case","Counter-Strike 2","20 Oct","20 Oct","$0.17 USD","17","purchase","Recoil Case","730","2","39288071201","302028390","4901046679","2","39288071201"
"Recoil Case","Counter-Strike 2","20 Oct","20 Oct","$0.17 USD","17","purchase","Recoil Case","730","2","40049668964","302028390","4901046679","2","40049668964"
"Recoil Case","Counter-Strike 2","20 Oct","20 Oct","$0.17 USD","17","purchase","Recoil Case","730","2","39643074313","302028390","4901046679","2","39643074313"
"Recoil Case","Counter-Strike 2","20 Oct","20 Oct","$0.17 USD","17","purchase","Recoil Case","730","2","40094062172","302028390","4901046679","2","40094062172"
"Recoil Case","Counter-Strike 2","20 Oct","20 Oct","$0.17 USD","17","purchase","Recoil Case","730","2","39246021250","302028390","4901046679","2","39246021250"
"Recoil Case","Counter-Strike 2","20 Oct","20 Oct","$0.17 USD","17","purchase","Recoil Case","730","2","40080089450","302028390","4901046679","2","40080089450"
"Recoil Case","Counter-Strike 2","20 Oct","20 Oct","$0.17 USD","17","purchase","Recoil Case","730","2","38662686356","302028390","4901046679","2","38662686356"
"Recoil Case","Counter-Strike 2","20 Oct","20 Oct","$0.17 USD","17","purchase","Recoil Case","730","2","40066546727","302028390","4901046679","2","40066546727"
"Recoil Case","Counter-Strike 2","20 Oct","20 Oct","$0.17 USD","17","purchase","Recoil Case","730","2","39910841166","302028390","4901046679","2","39910841166"
"Recoil Case","Counter-Strike 2","20 Oct","20 Oct","$0.17 USD","17","purchase","Recoil Case","730","2","40066963956","302028390","4901046679","2","40066963956"
"Recoil Case","Counter-Strike 2","20 Oct","20 Oct","$0.17 USD","17","purchase","Recoil Case","730","2","40023170237","302028390","4901046679","2","40023170237"
"Recoil Case","Counter-Strike 2","20 Oct","20 Oct","$0.17 USD","17","purchase","Recoil Case","730","2","38430852374","302028390","4901046679","2","38430852374"
"Recoil Case","Counter-Strike 2","20 Oct","20 Oct","$0.17 USD","17","purchase","Recoil Case","730","2","40094007949","302028390","4901046679","2","40094007949"
"Recoil Case","Counter-Strike 2","20 Oct","20 Oct","$0.17 USD","17","purchase","Recoil Case","730","2","40093991148","302028390","4901046679","2","40093991148"
"Recoil Case","Counter-Strike 2","20 Oct","20 Oct","$0.17 USD","17","purchase","Recoil Case","730","2","40093982328","302028390","4901046679","2","40093982328"
"Recoil Case","Counter-Strike 2","20 Oct","20 Oct","$0.17 USD","17","purchase","Recoil Case","730","2","40093987475","302028390","4901046679","2","40093987475"
"Recoil Case","Counter-Strike 2","20 Oct","20 Oct","$0.17 USD","17","purchase","Recoil Case","730","2","40093975917","302028390","4901046679","2","40093975917"
"Recoil Case","Counter-Strike 2","20 Oct","20 Oct","$0.17 USD","17","purchase","Recoil Case","730","2","35556511312","302028390","4901046679","2","35556511312"
"Recoil Case","Counter-Strike 2","20 Oct","20 Oct","$0.17 USD","17","purchase","Recoil Case","730","2","40093951041","302028390","4901046679","2","40093951041"
"Recoil Case","Counter-Strike 2","20 Oct","20 Oct","$0.17 USD","17","purchase","Recoil Case","730","2","40093955090","302028390","4901046679","2","40093955090"
"Recoil Case","Counter-Strike 2","20 Oct","20 Oct","$0.17 USD","17","purchase","Recoil Case","730","2","39954362935","302028390","4901046679","2","39954362935"
"Recoil Case","Counter-Strike 2","20 Oct","20 Oct","$0.17 USD","17","purchase","Recoil Case","730","2","40093940268","302028390","4901046679","2","40093940268"
"Recoil Case","Counter-Strike 2","20 Oct","20 Oct","$0.17 USD","17","purchase","Recoil Case","730","2","40093944070","302028390","4901046679","2","40093944070"
"Recoil Case","Counter-Strike 2","20 Oct","20 Oct","$0.17 USD","17","purchase","Recoil Case","730","2","40082717273","302028390","4901046679","2","40082717273"
"Recoil Case","Counter-Strike 2","20 Oct","20 Oct","$0.17 USD","17","purchase","Recoil Case","730","2","39972183605","0","6214229365","2","39972183605"
"Recoil Case","Counter-Strike 2","20 Oct","20 Oct","$0.17 USD","17","purchase","Recoil Case","730","2","39970669778","302028390","6214229365","2","39970669778"
"Recoil Case","Counter-Strike 2","20 Oct","20 Oct","$0.17 USD","17","purchase","Recoil Case","730","2","40093929234","302028390","4901046679","2","40093929234"
"Recoil Case","Counter-Strike 2","20 Oct","20 Oct","$0.17 USD","17","purchase","Recoil Case","730","2","39932561004","302028390","4901046679","2","39932561004"
"Recoil Case","Counter-Strike 2","20 Oct","20 Oct","$0.17 USD","17","purchase","Recoil Case","730","2","39997975045","302028390","4901046679","2","39997975045"
"Recoil Case","Counter-Strike 2","20 Oct","20 Oct","$0.17 USD","17","purchase","Recoil Case","730","2","39598628618","302028390","4901046679","2","39598628618"
"Recoil Case","Counter-Strike 2","20 Oct","20 Oct","$0.17 USD","17","purchase","Recoil Case","730","2","39806510681","302028390","4901046679","2","39806510681"
"Recoil Case","Counter-Strike 2","20 Oct","20 Oct","$0.17 USD","17","purchase","Recoil Case","730","2","40093902867","302028390","4901046679","2","40093902867"
"Recoil Case","Counter-Strike 2","20 Oct","20 Oct","$0.17 USD","17","purchase","Recoil Case","730","2","40093896763","302028390","4901046679","2","40093896763"
"Recoil Case","Counter-Strike 2","20 Oct","20 Oct","$0.17 USD","17","purchase","Recoil Case","730","2","39972171293","302028390","6214229365","2","39972171293"
"Recoil Case","Counter-Strike 2","20 Oct","20 Oct","$0.17 USD","17","purchase","Recoil Case","730","2","39428400187","302028390","4901046679","2","39428400187"
"Recoil Case","Counter-Strike 2","20 Oct","20 Oct","$0.17 USD","17","purchase","Recoil Case","730","2","39972158602","302028390","6214229365","2","39972158602"
"Recoil Case","Counter-Strike 2","20 Oct","20 Oct","$0.17 USD","17","purchase","Recoil Case","730","2","39972158565","302028390","6214229365","2","39972158565"
"Recoil Case","Counter-Strike 2","20 Oct","20 Oct","$0.17 USD","17","purchase","Recoil Case","730","2","40093881869","302028390","4901046679","2","40093881869"
"Recoil Case","Counter-Strike 2","20 Oct","20 Oct","$0.17 USD","17","purchase","Recoil Case","730","2","39819706783","302028390","4901046679","2","39819706783"
"Recoil Case","Counter-Strike 2","20 Oct","20 Oct","$0.17 USD","17","purchase","Recoil Case","730","2","39913443631","302028390","4901046679","2","39913443631"
"Recoil Case","Counter-Strike 2","20 Oct","20 Oct","$0.17 USD","17","purchase","Recoil Case","730","2","34354249800","302028390","4901046679","2","34354249800"
"Recoil Case","Counter-Strike 2","20 Oct","20 Oct","$0.17 USD","17","purchase","Recoil Case","730","2","39711571075","302028390","4901046679","2","39711571075"
"Recoil Case","Counter-Strike 2","20 Oct","20 Oct","$0.17 USD","17","purchase","Recoil Case","730","2","39743543145","302028390","4901046679","2","39743543145"
"Recoil Case","Counter-Strike 2","20 Oct","20 Oct","$0.17 USD","17","purchase","Recoil Case","730","2","35759463684","302028390","4901046679","2","35759463684"
"Recoil Case","Counter-Strike 2","20 Oct","20 Oct","$0.17 USD","17","purchase","Recoil Case","730","2","40093788382","302028390","4901046679","2","40093788382"
"Recoil Case","Counter-Strike 2","20 Oct","20 Oct","$0.17 USD","17","purchase","Recoil Case","730","2","39918932568","302028390","4901046679","2","39918932568"
"Recoil Case","Counter-Strike 2","20 Oct","20 Oct","$0.17 USD","17","purchase","Recoil Case","730","2","40087546470","302028390","4901046679","2","40087546470"
"Recoil Case","Counter-Strike 2","20 Oct","20 Oct","$0.17 USD","17","purchase","Recoil Case","730","2","40008570708","302028390","4901046679","2","40008570708"
"Recoil Case","Counter-Strike 2","20 Oct","20 Oct","$0.17 USD","17","purchase","Recoil Case","730","2","40093753026","302028390","4901046679","2","40093753026"
"Recoil Case","Counter-Strike 2","20 Oct","20 Oct","$0.17 USD","17","purchase","Recoil Case","730","2","40081151725","302028390","4901046679","2","40081151725"
"Recoil Case","Counter-Strike 2","20 Oct","20 Oct","$0.17 USD","17","purchase","Recoil Case","730","2","40087446857","302028390","4901046679","2","40087446857"
"Recoil Case","Counter-Strike 2","20 Oct","20 Oct","$0.17 USD","17","purchase","Recoil Case","730","2","40082136443","302028390","4901046679","2","40082136443"
"Recoil Case","Counter-Strike 2","20 Oct","20 Oct","$0.17 USD","17","purchase","Recoil Case","730","2","39654556857","302028390","4901046679","2","39654556857"
"Recoil Case","Counter-Strike 2","20 Oct","20 Oct","$0.17 USD","17","purchase","Recoil Case","730","2","35346868375","302028390","4901046679","2","35346868375"
"Recoil Case","Counter-Strike 2","20 Oct","20 Oct","$0.17 USD","17","purchase","Recoil Case","730","2","40033755619","302028390","4901046679","2","40033755619"
"Recoil Case","Counter-Strike 2","20 Oct","20 Oct","$0.17 USD","17","purchase","Recoil Case","730","2","39429941378","302028390","4901046679","2","39429941378"
"Recoil Case","Counter-Strike 2","20 Oct","20 Oct","$0.17 USD","17","purchase","Recoil Case","730","2","40093661561","302028390","4901046679","2","40093661561"
"Recoil Case","Counter-Strike 2","20 Oct","20 Oct","$0.17 USD","17","purchase","Recoil Case","730","2","40093191031","302028390","4901046679","2","40093191031"
"Recoil Case","Counter-Strike 2","20 Oct","20 Oct","$0.17 USD","17","purchase","Recoil Case","730","2","39664172429","302028390","4901046679","2","39664172429"
"Recoil Case","Counter-Strike 2","20 Oct","20 Oct","$0.17 USD","17","purchase","Recoil Case","730","2","38867737490","302028390","4901046679","2","38867737490"
"Recoil Case","Counter-Strike 2","20 Oct","20 Oct","$0.17 USD","17","purchase","Recoil Case","730","2","39253553938","302028390","4901046679","2","39253553938"
"Recoil Case","Counter-Strike 2","20 Oct","20 Oct","$0.17 USD","17","purchase","Recoil Case","730","2","38001242028","302028390","4901046679","2","38001242028"
"Recoil Case","Counter-Strike 2","20 Oct","20 Oct","$0.17 USD","17","purchase","Recoil Case","730","2","39698259039","302028390","4901046679","2","39698259039"
"Recoil Case","Counter-Strike 2","20 Oct","20 Oct","$0.17 USD","17","purchase","Recoil Case","730","2","39928986905","302028390","6210134018","2","39928986905"
"Recoil Case","Counter-Strike 2","20 Oct","20 Oct","$0.17 USD","17","purchase","Recoil Case","730","2","39849290402","302028390","4901046679","2","39849290402"
"Recoil Case","Counter-Strike 2","20 Oct","20 Oct","$0.17 USD","17","purchase","Recoil Case","730","2","40093662726","302028390","4901046679","2","40093662726"
"Recoil Case","Counter-Strike 2","20 Oct","20 Oct","$0.17 USD","17","purchase","Recoil Case","730","2","40093659416","302028390","4901046679","2","40093659416"
"Recoil Case","Counter-Strike 2","20 Oct","20 Oct","$0.17 USD","17","purchase","Recoil Case","730","2","40083625608","302028390","4901046679","2","40083625608"
"Recoil Case","Counter-Strike 2","20 Oct","20 Oct","$0.17 USD","17","purchase","Recoil Case","730","2","39930658341","302028390","4901046679","2","39930658341"
"Recoil Case","Counter-Strike 2","20 Oct","20 Oct","$0.17 USD","17","purchase","Recoil Case","730","2","39961429072","302028390","6214229365","2","39961429072"
"Recoil Case","Counter-Strike 2","20 Oct","20 Oct","$0.17 USD","17","purchase","Recoil Case","730","2","39948055675","302028390","6212076479","2","39948055675"
"Recoil Case","Counter-Strike 2","20 Oct","20 Oct","$0.17 USD","17","purchase","Recoil Case","730","2","40090532845","302028390","4901046679","2","40090532845"
"Recoil Case","Counter-Strike 2","20 Oct","20 Oct","$0.17 USD","17","purchase","Recoil Case","730","2","40093628046","302028390","4901046679","2","40093628046"
"Recoil Case","Counter-Strike 2","20 Oct","20 Oct","$0.17 USD","17","purchase","Recoil Case","730","2","37246378750","302028390","4901046679","2","37246378750"
"Recoil Case","Counter-Strike 2","20 Oct","20 Oct","$0.17 USD","17","purchase","Recoil Case","730","2","39617798810","302028390","4901046679","2","39617798810"
"Recoil Case","Counter-Strike 2","20 Oct","20 Oct","$0.17 USD","17","purchase","Recoil Case","730","2","40093604789","302028390","4901046679","2","40093604789"
"Recoil Case","Counter-Strike 2","20 Oct","20 Oct","$0.17 USD","17","purchase","Recoil Case","730","2","29190362025","0","4901046679","2","29190362025"
"Recoil Case","Counter-Strike 2","20 Oct","20 Oct","$0.17 USD","17","purchase","Recoil Case","730","2","29705013855","0","4901046679","2","29705013855"
"Recoil Case","Counter-Strike 2","20 Oct","20 Oct","$0.17 USD","17","purchase","Recoil Case","730","2","35686811430","0","4901046679","2","35686811430"
"Recoil Case","Counter-Strike 2","20 Oct","20 Oct","$0.17 USD","17","purchase","Recoil Case","730","2","38719083048","302028390","4901046679","2","38719083048"
"Recoil Case","Counter-Strike 2","20 Oct","20 Oct","$0.17 USD","17","purchase","Recoil Case","730","2","37206977553","302028390","4901046679","2","37206977553"
"Recoil Case","Counter-Strike 2","20 Oct","20 Oct","$0.17 USD","17","purchase","Recoil Case","730","2","39727533607","302028390","4901046679","2","39727533607"
"Recoil Case","Counter-Strike 2","20 Oct","20 Oct","$0.17 USD","17","purchase","Recoil Case","730","2","39972183712","302028390","6214229365","2","39972183712"
"Recoil Case","Counter-Strike 2","20 Oct","20 Oct","$0.17 USD","17","purchase","Recoil Case","730","2","40093595531","302028390","4901046679","2","40093595531"
"Recoil Case","Counter-Strike 2","20 Oct","20 Oct","$0.17 USD","17","purchase","Recoil Case","730","2","39387417845","302028390","4901046679","2","39387417845"
"Recoil Case","Counter-Strike 2","20 Oct","20 Oct","$0.17 USD","17","purchase","Recoil Case","730","2","39847743391","302028390","4901046679","2","39847743391"
"Recoil Case","Counter-Strike 2","20 Oct","20 Oct","$0.17 USD","17","purchase","Recoil Case","730","2","39855309245","302028390","4901046679","2","39855309245"
"Recoil Case","Counter-Strike 2","20 Oct","20 Oct","$0.17 USD","17","purchase","Recoil Case","730","2","40048662290","302028390","4901046679","2","40048662290"
"Recoil Case","Counter-Strike 2","20 Oct","20 Oct","$0.17 USD","17","purchase","Recoil Case","730","2","36839575120","302028390","4901046679","2","36839575120"
"Recoil Case","Counter-Strike 2","20 Oct","20 Oct","$0.17 USD","17","purchase","Recoil Case","730","2","39953272323","302028390","4901046679","2","39953272323"
"Recoil Case","Counter-Strike 2","20 Oct","20 Oct","$0.17 USD","17","purchase","Recoil Case","730","2","40093559774","302028390","4901046679","2","40093559774"
"Recoil Case","Counter-Strike 2","20 Oct","20 Oct","$0.17 USD","17","purchase","Recoil Case","730","2","40093558824","302028390","4901046679","2","40093558824"
"Recoil Case","Counter-Strike 2","20 Oct","20 Oct","$0.17 USD","17","purchase","Recoil Case","730","2","39364665802","302028390","4901046679","2","39364665802"
"Recoil Case","Counter-Strike 2","20 Oct","20 Oct","$0.17 USD","17","purchase","Recoil Case","730","2","39829564676","302028390","4901046679","2","39829564676"
"Recoil Case","Counter-Strike 2","20 Oct","20 Oct","$0.17 USD","17","purchase","Recoil Case","730","2","39933102951","302028390","4901046679","2","39933102951"
"Recoil Case","Counter-Strike 2","20 Oct","20 Oct","$0.17 USD","17","purchase","Recoil Case","730","2","40093533669","302028390","4901046679","2","40093533669"
"Recoil Case","Counter-Strike 2","20 Oct","20 Oct","$0.17 USD","17","purchase","Recoil Case","730","2","38935440779","302028390","4901046679","2","38935440779"
"Recoil Case","Counter-Strike 2","20 Oct","20 Oct","$0.17 USD","17","purchase","Recoil Case","730","2","40093534513","302028390","4901046679","2","40093534513"
"Recoil Case","Counter-Strike 2","20 Oct","20 Oct","$0.17 USD","17","purchase","Recoil Case","730","2","40093525250","302028390","4901046679","2","40093525250"
"Recoil Case","Counter-Strike 2","20 Oct","20 Oct","$0.17 USD","17","purchase","Recoil Case","730","2","32599645388","0","4901046679","2","32599645388"
"Recoil Case","Counter-Strike 2","20 Oct","20 Oct","$0.17 USD","17","purchase","Recoil Case","730","2","40093499232","302028390","4901046679","2","40093499232"
"Recoil Case","Counter-Strike 2","20 Oct","20 Oct","$0.17 USD","17","purchase","Recoil Case","730","2","39915660754","302028390","4901046679","2","39915660754"
"Recoil Case","Counter-Strike 2","20 Oct","20 Oct","$0.17 USD","17","purchase","Recoil Case","730","2","39970290835","302028390","4901046679","2","39970290835"
"Recoil Case","Counter-Strike 2","20 Oct","20 Oct","$0.17 USD","17","purchase","Recoil Case","730","2","40093491069","302028390","4901046679","2","40093491069"
"Recoil Case","Counter-Strike 2","20 Oct","20 Oct","$0.17 USD","17","purchase","Recoil Case","730","2","39899187941","302028390","4901046679","2","39899187941"
"Recoil Case","Counter-Strike 2","20 Oct","20 Oct","$0.17 USD","17","purchase","Recoil Case","730","2","40092818918","302028390","4901046679","2","40092818918"
"Recoil Case","Counter-Strike 2","20 Oct","20 Oct","$0.17 USD","17","purchase","Recoil Case","730","2","39985773091","302028390","4901046679","2","39985773091"
"Recoil Case","Counter-Strike 2","20 Oct","20 Oct","$0.17 USD","17","purchase","Recoil Case","730","2","39732515411","302028390","4901046679","2","39732515411"
"Recoil Case","Counter-Strike 2","20 Oct","20 Oct","$0.17 USD","17","purchase","Recoil Case","730","2","39821086850","302028390","4901046679","2","39821086850"
"Recoil Case","Counter-Strike 2","20 Oct","20 Oct","$0.17 USD","17","purchase","Recoil Case","730","2","40093462066","302028390","4901046679","2","40093462066"
"Recoil Case","Counter-Strike 2","20 Oct","20 Oct","$0.17 USD","17","purchase","Recoil Case","730","2","40034234006","302028390","4901046679","2","40034234006"
"Recoil Case","Counter-Strike 2","20 Oct","20 Oct","$0.17 USD","17","purchase","Recoil Case","730","2","40093306668","302028390","4901046679","2","40093306668"
"Recoil Case","Counter-Strike 2","20 Oct","20 Oct","$0.17 USD","17","purchase","Recoil Case","730","2","40093420289","302028390","4901046679","2","40093420289"
"Recoil Case","Counter-Strike 2","20 Oct","20 Oct","$0.17 USD","17","purchase","Recoil Case","730","2","40093411292","302028390","4901046679","2","40093411292"
"Recoil Case","Counter-Strike 2","20 Oct","20 Oct","$0.17 USD","17","purchase","Recoil Case","730","2","40033938688","302028390","4901046679","2","40033938688"
"Recoil Case","Counter-Strike 2","20 Oct","20 Oct","$0.17 USD","17","purchase","Recoil Case","730","2","40093408424","302028390","4901046679","2","40093408424"
"Recoil Case","Counter-Strike 2","20 Oct","20 Oct","$0.17 USD","17","purchase","Recoil Case","730","2","36450576994","302028390","4901046679","2","36450576994"
"Recoil Case","Counter-Strike 2","20 Oct","20 Oct","$0.17 USD","17","purchase","Recoil Case","730","2","39932445074","302028390","4901046679","2","39932445074"
"Recoil Case","Counter-Strike 2","20 Oct","20 Oct","$0.17 USD","17","purchase","Recoil Case","730","2","26645932668","0","4901046679","2","26645932668"
"Recoil Case","Counter-Strike 2","20 Oct","20 Oct","$0.17 USD","17","purchase","Recoil Case","730","2","32950777529","0","4901046679","2","32950777529"
"Recoil Case","Counter-Strike 2","20 Oct","20 Oct","$0.17 USD","17","purchase","Recoil Case","730","2","40050259245","302028390","4901046679","2","40050259245"
"Recoil Case","Counter-Strike 2","20 Oct","20 Oct","$0.17 USD","17","purchase","Recoil Case","730","2","39931668275","302028390","4901046679","2","39931668275"
"Recoil Case","Counter-Strike 2","20 Oct","20 Oct","$0.17 USD","17","purchase","Recoil Case","730","2","39095555958","302028390","4901046679","2","39095555958"
"Recoil Case","Counter-Strike 2","20 Oct","20 Oct","$0.17 USD","17","purchase","Recoil Case","730","2","40093350009","302028390","4901046679","2","40093350009"
"Recoil Case","Counter-Strike 2","20 Oct","20 Oct","$0.17 USD","17","purchase","Recoil Case","730","2","40034529078","302028390","4901046679","2","40034529078"
"Recoil Case","Counter-Strike 2","20 Oct","20 Oct","$0.17 USD","17","purchase","Recoil Case","730","2","39997048067","302028390","4901046679","2","39997048067"
"Recoil Case","Counter-Strike 2","20 Oct","20 Oct","$0.17 USD","17","purchase","Recoil Case","730","2","39570499544","302028390","4901046679","2","39570499544"
"Recoil Case","Counter-Strike 2","20 Oct","20 Oct","$0.17 USD","17","purchase","Recoil Case","730","2","40093327249","302028390","4901046679","2","40093327249"
"Recoil Case","Counter-Strike 2","20 Oct","20 Oct","$0.17 USD","17","purchase","Recoil Case","730","2","39891838994","302028390","4901046679","2","39891838994"
"Recoil Case","Counter-Strike 2","20 Oct","20 Oct","$0.17 USD","17","purchase","Recoil Case","730","2","34870508068","302028390","4901046679","2","34870508068"
"Recoil Case","Counter-Strike 2","20 Oct","20 Oct","$0.17 USD","17","purchase","Recoil Case","730","2","40087419491","302028390","4901046679","2","40087419491"
"Recoil Case","Counter-Strike 2","20 Oct","20 Oct","$0.17 USD","17","purchase","Recoil Case","730","2","40093312814","302028390","4901046679","2","40093312814"
"Recoil Case","Counter-Strike 2","20 Oct","20 Oct","$0.17 USD","17","purchase","Recoil Case","730","2","40093303869","302028390","4901046679","2","40093303869"
"Recoil Case","Counter-Strike 2","20 Oct","20 Oct","$0.17 USD","17","purchase","Recoil Case","730","2","39820013933","302028390","4901046679","2","39820013933"
"Recoil Case","Counter-Strike 2","20 Oct","20 Oct","$0.17 USD","17","purchase","Recoil Case","730","2","39737944096","302028390","4901046679","2","39737944096"
"Recoil Case","Counter-Strike 2","20 Oct","20 Oct","$0.17 USD","17","purchase","Recoil Case","730","2","39742669076","302028390","4901046679","2","39742669076"
"Recoil Case","Counter-Strike 2","20 Oct","20 Oct","$0.17 USD","17","purchase","Recoil Case","730","2","40020861948","302028390","4901046679","2","40020861948"
"Recoil Case","Counter-Strike 2","20 Oct","20 Oct","$0.17 USD","17","purchase","Recoil Case","730","2","40008659199","302028390","4901046679","2","40008659199"
"Recoil Case","Counter-Strike 2","20 Oct","20 Oct","$0.17 USD","17","purchase","Recoil Case","730","2","40065943915","302028390","4901046679","2","40065943915"
"Recoil Case","Counter-Strike 2","20 Oct","20 Oct","$0.17 USD","17","purchase","Recoil Case","730","2","39963652535","302028390","6214229365","2","39963652535"
"Recoil Case","Counter-Strike 2","20 Oct","20 Oct","$0.17 USD","17","purchase","Recoil Case","730","2","40093189329","302028390","4901046679","2","40093189329"
"Recoil Case","Counter-Strike 2","20 Oct","20 Oct","$0.17 USD","17","purchase","Recoil Case","730","2","40093258973","302028390","4901046679","2","40093258973"
"Recoil Case","Counter-Strike 2","20 Oct","20 Oct","$0.17 USD","17","purchase","Recoil Case","730","2","39965772461","302028390","6214229365","2","39965772461"
"Recoil Case","Counter-Strike 2","20 Oct","20 Oct","$0.17 USD","17","purchase","Recoil Case","730","2","34145445221","302028390","4901046679","2","34145445221"
"Recoil Case","Counter-Strike 2","20 Oct","20 Oct","$0.17 USD","17","purchase","Recoil Case","730","2","35557829892","302028390","4901046679","2","35557829892"
"Recoil Case","Counter-Strike 2","20 Oct","20 Oct","$0.17 USD","17","purchase","Recoil Case","730","2","39893102923","302028390","4901046679","2","39893102923"
"Recoil Case","Counter-Strike 2","20 Oct","20 Oct","$0.17 USD","17","purchase","Recoil Case","730","2","40047284464","302028390","4901046679","2","40047284464"
"Recoil Case","Counter-Strike 2","20 Oct","20 Oct","$0.17 USD","17","purchase","Recoil Case","730","2","39947584337","302028390","4901046679","2","39947584337"
"Recoil Case","Counter-Strike 2","20 Oct","20 Oct","$0.17 USD","17","purchase","Recoil Case","730","2","39883604872","302028390","4901046679","2","39883604872"
"Recoil Case","Counter-Strike 2","20 Oct","20 Oct","$0.17 USD","17","purchase","Recoil Case","730","2","39915359952","302028390","4901046679","2","39915359952"
"Recoil Case","Counter-Strike 2","20 Oct","20 Oct","$0.17 USD","17","purchase","Recoil Case","730","2","40083189382","302028390","4901046679","2","40083189382"
"Recoil Case","Counter-Strike 2","20 Oct","20 Oct","$0.17 USD","17","purchase","Recoil Case","730","2","40022035563","302028390","4901046679","2","40022035563"
"Recoil Case","Counter-Strike 2","20 Oct","20 Oct","$0.17 USD","17","purchase","Recoil Case","730","2","39971667199","302028390","4901046679","2","39971667199"
"Recoil Case","Counter-Strike 2","20 Oct","20 Oct","$0.17 USD","17","purchase","Recoil Case","730","2","34180661666","302028390","4901046679","2","34180661666"
"Recoil Case","Counter-Strike 2","20 Oct","20 Oct","$0.17 USD","17","purchase","Recoil Case","730","2","40093194802","302028390","4901046679","2","40093194802"
"Recoil Case","Counter-Strike 2","20 Oct","20 Oct","$0.17 USD","17","purchase","Recoil Case","730","2","39855148652","302028390","4901046679","2","39855148652"
"Recoil Case","Counter-Strike 2","20 Oct","20 Oct","$0.17 USD","17","purchase","Recoil Case","730","2","39964407648","302028390","6214229365","2","39964407648"
"Recoil Case","Counter-Strike 2","20 Oct","20 Oct","$0.17 USD","17","purchase","Recoil Case","730","2","40093162147","302028390","4901046679","2","40093162147"
"Recoil Case","Counter-Strike 2","20 Oct","20 Oct","$0.17 USD","17","purchase","Recoil Case","730","2","40093170863","302028390","4901046679","2","40093170863"
"Recoil Case","Counter-Strike 2","20 Oct","20 Oct","$0.17 USD","17","purchase","Recoil Case","730","2","39524231152","302028390","4901046679","2","39524231152"
"Recoil Case","Counter-Strike 2","20 Oct","20 Oct","$0.17 USD","17","purchase","Recoil Case","730","2","40093152938","302028390","4901046679","2","40093152938"
"Recoil Case","Counter-Strike 2","20 Oct","20 Oct","$0.17 USD","17","purchase","Recoil Case","730","2","40034055998","302028390","4901046679","2","40034055998"
"Recoil Case","Counter-Strike 2","20 Oct","20 Oct","$0.17 USD","17","purchase","Recoil Case","730","2","32362252075","0","4901046679","2","32362252075"
"Recoil Case","Counter-Strike 2","20 Oct","20 Oct","$0.17 USD","17","purchase","Recoil Case","730","2","40093144826","302028390","4901046679","2","40093144826"
"Recoil Case","Counter-Strike 2","20 Oct","20 Oct","$0.17 USD","17","purchase","Recoil Case","730","2","34886308371","302028390","4901046679","2","34886308371"
"Recoil Case","Counter-Strike 2","20 Oct","20 Oct","$0.17 USD","17","purchase","Recoil Case","730","2","34959895841","302028390","4901046679","2","34959895841"
"Recoil Case","Counter-Strike 2","20 Oct","20 Oct","$0.17 USD","17","purchase","Recoil Case","730","2","40093143593","302028390","4901046679","2","40093143593"
"Recoil Case","Counter-Strike 2","20 Oct","20 Oct","$0.17 USD","17","purchase","Recoil Case","730","2","39963031848","302028390","6214229365","2","39963031848"
"Recoil Case","Counter-Strike 2","20 Oct","20 Oct","$0.17 USD","17","purchase","Recoil Case","730","2","39835087421","302028390","4901046679","2","39835087421"
"Recoil Case","Counter-Strike 2","20 Oct","20 Oct","$0.17 USD","17","purchase","Recoil Case","730","2","38632949763","302028390","4901046679","2","38632949763"
"Recoil Case","Counter-Strike 2","20 Oct","20 Oct","$0.17 USD","17","purchase","Recoil Case","730","2","38705436834","302028390","4901046679","2","38705436834"
"Recoil Case","Counter-Strike 2","20 Oct","20 Oct","$0.17 USD","17","purchase","Recoil Case","730","2","38719141668","302028390","4901046679","2","38719141668"
"Recoil Case","Counter-Strike 2","20 Oct","20 Oct","$0.17 USD","17","purchase","Recoil Case","730","2","38719141687","302028390","4901046679","2","38719141687"
"Recoil Case","Counter-Strike 2","20 Oct","20 Oct","$0.17 USD","17","purchase","Recoil Case","730","2","38719141704","302028390","4901046679","2","38719141704"
"Recoil Case","Counter-Strike 2","20 Oct","20 Oct","$0.17 USD","17","purchase","Recoil Case","730","2","39173487427","302028390","4901046679","2","39173487427"
"Recoil Case","Counter-Strike 2","20 Oct","20 Oct","$0.17 USD","17","purchase","Recoil Case","730","2","39173487436","302028390","4901046679","2","39173487436"
"Recoil Case","Counter-Strike 2","20 Oct","20 Oct","$0.17 USD","17","purchase","Recoil Case","730","2","40089813818","302028390","4901046679","2","40089813818"
"Recoil Case","Counter-Strike 2","20 Oct","20 Oct","$0.17 USD","17","purchase","Recoil Case","730","2","39521809077","302028390","4901046679","2","39521809077"
"Recoil Case","Counter-Strike 2","20 Oct","20 Oct","$0.17 USD","17","purchase","Recoil Case","730","2","39628173306","302028390","4901046679","2","39628173306"
"Recoil Case","Counter-Strike 2","20 Oct","20 Oct","$0.17 USD","17","purchase","Recoil Case","730","2","39701626923","302028390","4901046679","2","39701626923"
"Recoil Case","Counter-Strike 2","20 Oct","20 Oct","$0.17 USD","17","purchase","Recoil Case","730","2","39963034511","302028390","6214229365","2","39963034511"
"Recoil Case","Counter-Strike 2","20 Oct","20 Oct","$0.17 USD","17","purchase","Recoil Case","730","2","39669037945","302028390","4901046679","2","39669037945"
"Recoil Case","Counter-Strike 2","20 Oct","20 Oct","$0.17 USD","17","purchase","Recoil Case","730","2","40093124407","302028390","4901046679","2","40093124407"
"Recoil Case","Counter-Strike 2","20 Oct","20 Oct","$0.17 USD","17","purchase","Recoil Case","730","2","39936951332","302028390","6210134018","2","39936951332"
"Recoil Case","Counter-Strike 2","20 Oct","20 Oct","$0.17 USD","17","purchase","Recoil Case","730","2","39963034532","302028390","6214229365","2","39963034532"
"Recoil Case","Counter-Strike 2","20 Oct","20 Oct","$0.17 USD","17","purchase","Recoil Case","730","2","40021845275","302028390","4901046679","2","40021845275"
"Recoil Case","Counter-Strike 2","20 Oct","20 Oct","$0.17 USD","17","purchase","Recoil Case","730","2","39963034555","302028390","6214229365","2","39963034555"
"Recoil Case","Counter-Strike 2","20 Oct","20 Oct","$0.17 USD","17","purchase","Recoil Case","730","2","40093118212","302028390","4901046679","2","40093118212"
"Recoil Case","Counter-Strike 2","20 Oct","20 Oct","$0.17 USD","17","purchase","Recoil Case","730","2","40093028481","302028390","4901046679","2","40093028481"
"Recoil Case","Counter-Strike 2","20 Oct","20 Oct","$0.17 USD","17","purchase","Recoil Case","730","2","38176492278","302028390","4901046679","2","38176492278"
"Recoil Case","Counter-Strike 2","20 Oct","20 Oct","$0.17 USD","17","purchase","Recoil Case","730","2","40093028815","302028390","4901046679","2","40093028815"
"Recoil Case","Counter-Strike 2","20 Oct","20 Oct","$0.17 USD","17","purchase","Recoil Case","730","2","38387006389","302028390","4901046679","2","38387006389"
"Recoil Case","Counter-Strike 2","20 Oct","20 Oct","$0.17 USD","17","purchase","Recoil Case","730","2","39040145719","302028390","4901046679","2","39040145719"
"Recoil Case","Counter-Strike 2","20 Oct","20 Oct","$0.17 USD","17","purchase","Recoil Case","730","2","36413111837","302028390","4901046679","2","36413111837"
"Recoil Case","Counter-Strike 2","20 Oct","20 Oct","$0.17 USD","17","purchase","Recoil Case","730","2","36651120952","302028390","4901046679","2","36651120952"
"Recoil Case","Counter-Strike 2","20 Oct","20 Oct","$0.17 USD","17","purchase","Recoil Case","730","2","37447665113","302028390","4901046679","2","37447665113"
"Recoil Case","Counter-Strike 2","20 Oct","20 Oct","$0.17 USD","17","purchase","Recoil Case","730","2","39539053788","302028390","4901046679","2","39539053788"
"Recoil Case","Counter-Strike 2","20 Oct","20 Oct","$0.17 USD","17","purchase","Recoil Case","730","2","39132714270","302028390","4901046679","2","39132714270"
"Recoil Case","Counter-Strike 2","20 Oct","20 Oct","$0.17 USD","17","purchase","Recoil Case","730","2","39797743241","302028390","4901046679","2","39797743241"
"Recoil Case","Counter-Strike 2","20 Oct","20 Oct","$0.17 USD","17","purchase","Recoil Case","730","2","39243999555","302028390","4901046679","2","39243999555"
"Recoil Case","Counter-Strike 2","20 Oct","20 Oct","$0.17 USD","17","purchase","Recoil Case","730","2","39989447924","302028390","4901046679","2","39989447924"
"Recoil Case","Counter-Strike 2","20 Oct","20 Oct","$0.17 USD","17","purchase","Recoil Case","730","2","40066503723","302028390","4901046679","2","40066503723"
"Recoil Case","Counter-Strike 2","20 Oct","20 Oct","$0.17 USD","17","purchase","Recoil Case","730","2","37585992389","302028390","4901046679","2","37585992389"
"Recoil Case","Counter-Strike 2","20 Oct","20 Oct","$0.17 USD","17","purchase","Recoil Case","730","2","39822868565","302028390","4901046679","2","39822868565"
"Recoil Case","Counter-Strike 2","20 Oct","20 Oct","$0.17 USD","17","purchase","Recoil Case","730","2","38130125953","302028390","4901046679","2","38130125953"
"Recoil Case","Counter-Strike 2","20 Oct","20 Oct","$0.17 USD","17","purchase","Recoil Case","730","2","39521142174","302028390","4901046679","2","39521142174"
"Recoil Case","Counter-Strike 2","20 Oct","20 Oct","$0.17 USD","17","purchase","Recoil Case","730","2","35594065141","302028390","4901046679","2","35594065141"
"Recoil Case","Counter-Strike 2","20 Oct","20 Oct","$0.17 USD","17","purchase","Recoil Case","730","2","39357401196","302028390","4901046679","2","39357401196"
"Recoil Case","Counter-Strike 2","20 Oct","20 Oct","$0.17 USD","17","purchase","Recoil Case","730","2","39121619436","302028390","4901046679","2","39121619436"
"Recoil Case","Counter-Strike 2","20 Oct","20 Oct","$0.17 USD","17","purchase","Recoil Case","730","2","39628089920","302028390","4901046679","2","39628089920"
"Recoil Case","Counter-Strike 2","20 Oct","20 Oct","$0.17 USD","17","purchase","Recoil Case","730","2","36285167043","302028390","4901046679","2","36285167043"
"Recoil Case","Counter-Strike 2","20 Oct","20 Oct","$0.17 USD","17","purchase","Recoil Case","730","2","39971608347","302028390","6214229365","2","39971608347"
"Recoil Case","Counter-Strike 2","20 Oct","20 Oct","$0.17 USD","17","purchase","Recoil Case","730","2","40093075117","302028390","4901046679","2","40093075117"
"Recoil Case","Counter-Strike 2","20 Oct","20 Oct","$0.17 USD","17","purchase","Recoil Case","730","2","40093070929","302028390","4901046679","2","40093070929"
"Recoil Case","Counter-Strike 2","20 Oct","20 Oct","$0.17 USD","17","purchase","Recoil Case","730","2","40093027897","302028390","4901046679","2","40093027897"
"Recoil Case","Counter-Strike 2","20 Oct","20 Oct","$0.17 USD","17","purchase","Recoil Case","730","2","40093067666","302028390","4901046679","2","40093067666"
"Recoil Case","Counter-Strike 2","20 Oct","20 Oct","$0.17 USD","17","purchase","Recoil Case","730","2","40093057899","302028390","4901046679","2","40093057899"
"Recoil Case","Counter-Strike 2","20 Oct","20 Oct","$0.17 USD","17","purchase","Recoil Case","730","2","40028934427","302028390","4901046679","2","40028934427"
"Recoil Case","Counter-Strike 2","20 Oct","20 Oct","$0.17 USD","17","purchase","Recoil Case","730","2","40093052155","302028390","4901046679","2","40093052155"
"Recoil Case","Counter-Strike 2","20 Oct","20 Oct","$0.17 USD","17","purchase","Recoil Case","730","2","40053456768","302028390","4901046679","2","40053456768"
"Recoil Case","Counter-Strike 2","20 Oct","20 Oct","$0.17 USD","17","purchase","Recoil Case","730","2","33565563043","0","4901046679","2","33565563043"
"Recoil Case","Counter-Strike 2","20 Oct","20 Oct","$0.17 USD","17","purchase","Recoil Case","730","2","33565563061","0","4901046679","2","33565563061"
"Recoil Case","Counter-Strike 2","20 Oct","20 Oct","$0.17 USD","17","purchase","Recoil Case","730","2","33565563092","0","4901046679","2","33565563092"
"Recoil Case","Counter-Strike 2","20 Oct","20 Oct","$0.17 USD","17","purchase","Recoil Case","730","2","33565563116","0","4901046679","2","33565563116"
"Recoil Case","Counter-Strike 2","20 Oct","20 Oct","$0.17 USD","17","purchase","Recoil Case","730","2","38800021618","302028390","4901046679","2","38800021618"
"Recoil Case","Counter-Strike 2","20 Oct","20 Oct","$0.17 USD","17","purchase","Recoil Case","730","2","34113389236","302028390","4901046679","2","34113389236"
"Recoil Case","Counter-Strike 2","20 Oct","20 Oct","$0.17 USD","17","purchase","Recoil Case","730","2","40034156541","302028390","4901046679","2","40034156541"
"Recoil Case","Counter-Strike 2","20 Oct","20 Oct","$0.17 USD","17","purchase","Recoil Case","730","2","40093042007","302028390","4901046679","2","40093042007"
"Recoil Case","Counter-Strike 2","20 Oct","20 Oct","$0.17 USD","17","purchase","Recoil Case","730","2","33565789362","0","4901046679","2","33565789362"
"Recoil Case","Counter-Strike 2","20 Oct","20 Oct","$0.17 USD","17","purchase","Recoil Case","730","2","33565903279","0","4901046679","2","33565903279"
"Recoil Case","Counter-Strike 2","20 Oct","20 Oct","$0.17 USD","17","purchase","Recoil Case","730","2","39971954993","302028390","6214229365","2","39971954993"
"Recoil Case","Counter-Strike 2","20 Oct","20 Oct","$0.17 USD","17","purchase","Recoil Case","730","2","40055229430","302028390","4901046679","2","40055229430"
"Recoil Case","Counter-Strike 2","20 Oct","20 Oct","$0.17 USD","17","purchase","Recoil Case","730","2","33565903613","0","4901046679","2","33565903613"
"Recoil Case","Counter-Strike 2","20 Oct","20 Oct","$0.17 USD","17","purchase","Recoil Case","730","2","40093036829","302028390","4901046679","2","40093036829"
"Recoil Case","Counter-Strike 2","20 Oct","20 Oct","$0.17 USD","17","purchase","Recoil Case","730","2","39999941678","302028390","4901046679","2","39999941678"
"Recoil Case","Counter-Strike 2","20 Oct","20 Oct","$0.17 USD","17","purchase","Recoil Case","730","2","31757235696","0","4901046679","2","31757235696"
"Recoil Case","Counter-Strike 2","20 Oct","20 Oct","$0.17 USD","17","purchase","Recoil Case","730","2","33035005684","0","4901046679","2","33035005684"
"Recoil Case","Counter-Strike 2","20 Oct","20 Oct","$0.17 USD","17","purchase","Recoil Case","730","2","32829021311","0","4901046679","2","32829021311"
"Recoil Case","Counter-Strike 2","20 Oct","20 Oct","$0.17 USD","17","purchase","Recoil Case","730","2","38705441937","302028390","4901046679","2","38705441937"
"Recoil Case","Counter-Strike 2","20 Oct","20 Oct","$0.17 USD","17","purchase","Recoil Case","730","2","37131500215","302028390","4901046679","2","37131500215"
"Recoil Case","Counter-Strike 2","20 Oct","20 Oct","$0.17 USD","17","purchase","Recoil Case","730","2","39238720013","302028390","4901046679","2","39238720013"
"Recoil Case","Counter-Strike 2","20 Oct","20 Oct","$0.17 USD","17","purchase","Recoil Case","730","2","38491198689","302028390","4901046679","2","38491198689"
"Recoil Case","Counter-Strike 2","20 Oct","20 Oct","$0.17 USD","17","purchase","Recoil Case","730","2","40093008298","302028390","4901046679","2","40093008298"
"Recoil Case","Counter-Strike 2","20 Oct","20 Oct","$0.17 USD","17","purchase","Recoil Case","730","2","40032170456","302028390","4901046679","2","40032170456"
"Recoil Case","Counter-Strike 2","20 Oct","20 Oct","$0.17 USD","17","purchase","Recoil Case","730","2","40092998304","302028390","4901046679","2","40092998304"
"Recoil Case","Counter-Strike 2","20 Oct","20 Oct","$0.17 USD","17","purchase","Recoil Case","730","2","40093000135","302028390","4901046679","2","40093000135"
"Recoil Case","Counter-Strike 2","20 Oct","20 Oct","$0.17 USD","17","purchase","Recoil Case","730","2","40092744545","302028390","4901046679","2","40092744545"
"Recoil Case","Counter-Strike 2","20 Oct","20 Oct","$0.17 USD","17","purchase","Recoil Case","730","2","40092994926","302028390","4901046679","2","40092994926"
"Recoil Case","Counter-Strike 2","20 Oct","20 Oct","$0.17 USD","17","purchase","Recoil Case","730","2","29559186585","0","4901046679","2","29559186585"
"Recoil Case","Counter-Strike 2","20 Oct","20 Oct","$0.17 USD","17","purchase","Recoil Case","730","2","39796814839","302028390","4901046679","2","39796814839"
"Recoil Case","Counter-Strike 2","20 Oct","20 Oct","$0.17 USD","17","purchase","Recoil Case","730","2","27477510769","0","4901046679","2","27477510769"
"Recoil Case","Counter-Strike 2","20 Oct","20 Oct","$0.17 USD","17","purchase","Recoil Case","730","2","27770275631","0","4901046679","2","27770275631"
"Recoil Case","Counter-Strike 2","20 Oct","20 Oct","$0.17 USD","17","purchase","Recoil Case","730","2","26829328424","0","4901046679","2","26829328424"
"Recoil Case","Counter-Strike 2","20 Oct","20 Oct","$0.17 USD","17","purchase","Recoil Case","730","2","40069381054","302028390","4901046679","2","40069381054"
"Recoil Case","Counter-Strike 2","20 Oct","20 Oct","$0.17 USD","17","purchase","Recoil Case","730","2","40048222780","302028390","4901046679","2","40048222780"
"Recoil Case","Counter-Strike 2","20 Oct","20 Oct","$0.17 USD","17","purchase","Recoil Case","730","2","40060494069","302028390","4901046679","2","40060494069"
"Recoil Case","Counter-Strike 2","20 Oct","20 Oct","$0.17 USD","17","purchase","Recoil Case","730","2","40088409926","302028390","4901046679","2","40088409926"
"Recoil Case","Counter-Strike 2","20 Oct","20 Oct","$0.17 USD","17","purchase","Recoil Case","730","2","39902498472","302028390","4901046679","2","39902498472"
"Recoil Case","Counter-Strike 2","20 Oct","20 Oct","$0.17 USD","17","purchase","Recoil Case","730","2","39795192295","302028390","4901046679","2","39795192295"
"Recoil Case","Counter-Strike 2","20 Oct","20 Oct","$0.17 USD","17","purchase","Recoil Case","730","2","39908191375","302028390","4901046679","2","39908191375"
"Recoil Case","Counter-Strike 2","20 Oct","20 Oct","$0.17 USD","17","purchase","Recoil Case","730","2","36432855663","302028390","4901046679","2","36432855663"
"Recoil Case","Counter-Strike 2","20 Oct","20 Oct","$0.17 USD","17","purchase","Recoil Case","730","2","39199642691","302028390","4901046679","2","39199642691"
"Recoil Case","Counter-Strike 2","20 Oct","20 Oct","$0.17 USD","17","purchase","Recoil Case","730","2","40045072146","302028390","4901046679","2","40045072146"
"Recoil Case","Counter-Strike 2","20 Oct","20 Oct","$0.17 USD","17","purchase","Recoil Case","730","2","40027165531","302028390","4901046679","2","40027165531"
"Recoil Case","Counter-Strike 2","20 Oct","20 Oct","$0.17 USD","17","purchase","Recoil Case","730","2","38987783010","302028390","4901046679","2","38987783010"
"Recoil Case","Counter-Strike 2","20 Oct","20 Oct","$0.17 USD","17","purchase","Recoil Case","730","2","39913593178","302028390","4901046679","2","39913593178"
"Recoil Case","Counter-Strike 2","20 Oct","20 Oct","$0.17 USD","17","purchase","Recoil Case","730","2","39227722662","302028390","4901046679","2","39227722662"
"Recoil Case","Counter-Strike 2","20 Oct","20 Oct","$0.17 USD","17","purchase","Recoil Case","730","2","39110794590","302028390","4901046679","2","39110794590"
"Recoil Case","Counter-Strike 2","20 Oct","20 Oct","$0.17 USD","17","purchase","Recoil Case","730","2","38789340958","302028390","4901046679","2","38789340958"
"Recoil Case","Counter-Strike 2","20 Oct","20 Oct","$0.17 USD","17","purchase","Recoil Case","730","2","38898542723","302028390","4901046679","2","38898542723"
"Recoil Case","Counter-Strike 2","20 Oct","20 Oct","$0.17 USD","17","purchase","Recoil Case","730","2","39559645231","302028390","4901046679","2","39559645231"
"Recoil Case","Counter-Strike 2","20 Oct","20 Oct","$0.17 USD","17","purchase","Recoil Case","730","2","37678331100","302028390","4901046679","2","37678331100"
"Recoil Case","Counter-Strike 2","20 Oct","20 Oct","$0.17 USD","17","purchase","Recoil Case","730","2","36713273705","302028390","4901046679","2","36713273705"
"Recoil Case","Counter-Strike 2","20 Oct","20 Oct","$0.17 USD","17","purchase","Recoil Case","730","2","35079045785","302028390","4901046679","2","35079045785"
"Recoil Case","Counter-Strike 2","20 Oct","20 Oct","$0.17 USD","17","purchase","Recoil Case","730","2","40080629030","302028390","4901046679","2","40080629030"
"Recoil Case","Counter-Strike 2","20 Oct","20 Oct","$0.17 USD","17","purchase","Recoil Case","730","2","40074687503","302028390","4901046679","2","40074687503"
"Recoil Case","Counter-Strike 2","20 Oct","20 Oct","$0.17 USD","17","purchase","Recoil Case","730","2","39984031567","302028390","4901046679","2","39984031567"
"Recoil Case","Counter-Strike 2","20 Oct","20 Oct","$0.17 USD","17","purchase","Recoil Case","730","2","36377661601","302028390","4901046679","2","36377661601"
"Recoil Case","Counter-Strike 2","20 Oct","20 Oct","$0.17 USD","17","purchase","Recoil Case","730","2","40018581692","302028390","4901046679","2","40018581692"
"Recoil Case","Counter-Strike 2","20 Oct","20 Oct","$0.17 USD","17","purchase","Recoil Case","730","2","38504815230","302028390","4901046679","2","38504815230"
"Recoil Case","Counter-Strike 2","20 Oct","20 Oct","$0.17 USD","17","purchase","Recoil Case","730","2","40046714197","302028390","4901046679","2","40046714197"
"Recoil Case","Counter-Strike 2","20 Oct","20 Oct","$0.17 USD","17","purchase","Recoil Case","730","2","39167122770","302028390","4901046679","2","39167122770"
"Recoil Case","Counter-Strike 2","20 Oct","20 Oct","$0.17 USD","17","purchase","Recoil Case","730","2","39709631744","302028390","4901046679","2","39709631744"
"Recoil Case","Counter-Strike 2","20 Oct","20 Oct","$0.17 USD","17","purchase","Recoil Case","730","2","37356051475","302028390","4901046679","2","37356051475"
"Recoil Case","Counter-Strike 2","20 Oct","20 Oct","$0.17 USD","17","purchase","Recoil Case","730","2","39859142917","302028390","4901046679","2","39859142917"
"Recoil Case","Counter-Strike 2","20 Oct","20 Oct","$0.17 USD","17","purchase","Recoil Case","730","2","36672501292","302028390","4901046679","2","36672501292"
"Recoil Case","Counter-Strike 2","20 Oct","20 Oct","$0.17 USD","17","purchase","Recoil Case","730","2","35405844012","302028390","4901046679","2","35405844012"
"Recoil Case","Counter-Strike 2","20 Oct","20 Oct","$0.17 USD","17","purchase","Recoil Case","730","2","39682813235","302028390","4901046679","2","39682813235"
"Recoil Case","Counter-Strike 2","20 Oct","20 Oct","$0.17 USD","17","purchase","Recoil Case","730","2","39769069642","302028390","4901046679","2","39769069642"
"Recoil Case","Counter-Strike 2","20 Oct","20 Oct","$0.17 USD","17","purchase","Recoil Case","730","2","39008660735","302028390","4901046679","2","39008660735"
"Dreams & Nightmares Case","Counter-Strike 2","17 Sep","17 Sep","$1.25 USD","125","sale","Dreams & Nightmares Case","730","2","30272410971","0","4717330486","2","30272410971"
"Dreams & Nightmares Case","Counter-Strike 2","17 Sep","17 Sep","$1.25 USD","125","sale","Dreams & Nightmares Case","730","2","31451631936","0","4717330486","2","31451631936"
"Dreams & Nightmares Case","Counter-Strike 2","17 Sep","17 Sep","$1.25 USD","125","sale","Dreams & Nightmares Case","730","2","31451639058","0","4717330486","2","31451639058"
"Dreams & Nightmares Case","Counter-Strike 2","17 Sep","17 Sep","$1.25 USD","125","sale","Dreams & Nightmares Case","730","2","31451641057","0","4717330486","2","31451641057"
"Dreams & Nightmares Case","Counter-Strike 2","17 Sep","17 Sep","$1.25 USD","125","sale","Dreams & Nightmares Case","730","2","31451641413","0","4717330486","2","31451641413"
"Dreams & Nightmares Case","Counter-Strike 2","17 Sep","17 Sep","$1.25 USD","125","sale","Dreams & Nightmares Case","730","2","31451641463","0","4717330486","2","31451641463"
"Dreams & Nightmares Case","Counter-Strike 2","17 Sep","17 Sep","$1.25 USD","125","sale","Dreams & Nightmares Case","730","2","31451641432","0","4717330486","2","31451641432"
"Dreams & Nightmares Case","Counter-Strike 2","17 Sep","17 Sep","$1.23 USD","123","sale","Dreams & Nightmares Case","730","2","34548564423","0","4717330486","2","34548564423"
"Dreams & Nightmares Case","Counter-Strike 2","17 Sep","17 Sep","$1.23 USD","123","sale","Dreams & Nightmares Case","730","2","34548452516","302028390","4717330486","2","34548452516"
"Dreams & Nightmares Case","Counter-Strike 2","17 Sep","17 Sep","$1.23 USD","123","sale","Dreams & Nightmares Case","730","2","34548479505","302028390","4717330486","2","34548479505"
"Dreams & Nightmares Case","Counter-Strike 2","17 Sep","17 Sep","$1.23 USD","123","sale","Dreams & Nightmares Case","730","2","34548452059","0","4717330486","2","34548452059"
"Dreams & Nightmares Case","Counter-Strike 2","17 Sep","17 Sep","$1.23 USD","123","sale","Dreams & Nightmares Case","730","2","34548609304","302028390","4717330486","2","34548609304"
"Dreams & Nightmares Case","Counter-Strike 2","17 Sep","17 Sep","$1.23 USD","123","sale","Dreams & Nightmares Case","730","2","34548618557","302028390","4717330486","2","34548618557"
"Dreams & Nightmares Case","Counter-Strike 2","17 Sep","17 Sep","$1.23 USD","123","sale","Dreams & Nightmares Case","730","2","34548619758","302028390","4717330486","2","34548619758"
"Dreams & Nightmares Case","Counter-Strike 2","17 Sep","17 Sep","$1.23 USD","123","sale","Dreams & Nightmares Case","730","2","34548630255","302028390","4717330486","2","34548630255"
"Dreams & Nightmares Case","Counter-Strike 2","17 Sep","17 Sep","$1.23 USD","123","sale","Dreams & Nightmares Case","730","2","34548632309","302028390","4717330486","2","34548632309"
"Dreams & Nightmares Case","Counter-Strike 2","17 Sep","17 Sep","$1.23 USD","123","sale","Dreams & Nightmares Case","730","2","34548622990","302028390","4717330486","2","34548622990"
"Dreams & Nightmares Case","Counter-Strike 2","17 Sep","17 Sep","$1.23 USD","123","sale","Dreams & Nightmares Case","730","2","34548632046","302028390","4717330486","2","34548632046"
"Dreams & Nightmares Case","Counter-Strike 2","17 Sep","17 Sep","$1.23 USD","123","sale","Dreams & Nightmares Case","730","2","34548632416","302028390","4717330486","2","34548632416"
"Dreams & Nightmares Case","Counter-Strike 2","17 Sep","17 Sep","$1.23 USD","123","sale","Dreams & Nightmares Case","730","2","34548635156","302028390","4717330486","2","34548635156"
"Dreams & Nightmares Case","Counter-Strike 2","17 Sep","17 Sep","$1.23 USD","123","sale","Dreams & Nightmares Case","730","2","34548602794","302028390","4717330486","2","34548602794"
"Dreams & Nightmares Case","Counter-Strike 2","17 Sep","17 Sep","$1.23 USD","123","sale","Dreams & Nightmares Case","730","2","34548608058","302028390","4717330486","2","34548608058"
"Dreams & Nightmares Case","Counter-Strike 2","17 Sep","17 Sep","$1.23 USD","123","sale","Dreams & Nightmares Case","730","2","34548611585","302028390","4717330486","2","34548611585"
"Dreams & Nightmares Case","Counter-Strike 2","17 Sep","17 Sep","$1.23 USD","123","sale","Dreams & Nightmares Case","730","2","34548614635","302028390","4717330486","2","34548614635"
"Dreams & Nightmares Case","Counter-Strike 2","17 Sep","17 Sep","$1.23 USD","123","sale","Dreams & Nightmares Case","730","2","34548613972","302028390","4717330486","2","34548613972"
"Dreams & Nightmares Case","Counter-Strike 2","17 Sep","17 Sep","$1.23 USD","123","sale","Dreams & Nightmares Case","730","2","34548615190","302028390","4717330486","2","34548615190"
"Dreams & Nightmares Case","Counter-Strike 2","17 Sep","17 Sep","$1.23 USD","123","sale","Dreams & Nightmares Case","730","2","34548606260","302028390","4717330486","2","34548606260"
"Dreams & Nightmares Case","Counter-Strike 2","17 Sep","17 Sep","$1.23 USD","123","sale","Dreams & Nightmares Case","730","2","34548616024","0","4717330486","2","34548616024"
"Dreams & Nightmares Case","Counter-Strike 2","17 Sep","17 Sep","$1.23 USD","123","sale","Dreams & Nightmares Case","730","2","34548600534","302028390","4717330486","2","34548600534"
"Dreams & Nightmares Case","Counter-Strike 2","17 Sep","17 Sep","$1.23 USD","123","sale","Dreams & Nightmares Case","730","2","34548591999","302028390","4717330486","2","34548591999"
"Dreams & Nightmares Case","Counter-Strike 2","17 Sep","17 Sep","$1.23 USD","123","sale","Dreams & Nightmares Case","730","2","34548594738","302028390","4717330486","2","34548594738"
"Dreams & Nightmares Case","Counter-Strike 2","17 Sep","17 Sep","$1.23 USD","123","sale","Dreams & Nightmares Case","730","2","34548601536","0","4717330486","2","34548601536"
"Dreams & Nightmares Case","Counter-Strike 2","17 Sep","17 Sep","$1.23 USD","123","sale","Dreams & Nightmares Case","730","2","34548604721","302028390","4717330486","2","34548604721"
"Dreams & Nightmares Case","Counter-Strike 2","17 Sep","17 Sep","$1.23 USD","123","sale","Dreams & Nightmares Case","730","2","34548590841","302028390","4717330486","2","34548590841"
"Dreams & Nightmares Case","Counter-Strike 2","17 Sep","17 Sep","$1.23 USD","123","sale","Dreams & Nightmares Case","730","2","34548595462","302028390","4717330486","2","34548595462"
"Dreams & Nightmares Case","Counter-Strike 2","17 Sep","17 Sep","$1.23 USD","123","sale","Dreams & Nightmares Case","730","2","34548591304","302028390","4717330486","2","34548591304"
"Dreams & Nightmares Case","Counter-Strike 2","17 Sep","17 Sep","$1.23 USD","123","sale","Dreams & Nightmares Case","730","2","34548579193","302028390","4717330486","2","34548579193"
"Dreams & Nightmares Case","Counter-Strike 2","17 Sep","17 Sep","$1.23 USD","123","sale","Dreams & Nightmares Case","730","2","34548586918","302028390","4717330486","2","34548586918"
"Dreams & Nightmares Case","Counter-Strike 2","17 Sep","17 Sep","$1.23 USD","123","sale","Dreams & Nightmares Case","730","2","34548589312","302028390","4717330486","2","34548589312"
"Dreams & Nightmares Case","Counter-Strike 2","17 Sep","17 Sep","$1.23 USD","123","sale","Dreams & Nightmares Case","730","2","34548580991","302028390","4717330486","2","34548580991"
"Dreams & Nightmares Case","Counter-Strike 2","17 Sep","17 Sep","$1.23 USD","123","sale","Dreams & Nightmares Case","730","2","34548584930","302028390","4717330486","2","34548584930"
"Dreams & Nightmares Case","Counter-Strike 2","17 Sep","17 Sep","$1.23 USD","123","sale","Dreams & Nightmares Case","730","2","34548585554","302028390","4717330486","2","34548585554"
"Dreams & Nightmares Case","Counter-Strike 2","17 Sep","17 Sep","$1.23 USD","123","sale","Dreams & Nightmares Case","730","2","34548586095","302028390","4717330486","2","34548586095"
"Dreams & Nightmares Case","Counter-Strike 2","17 Sep","17 Sep","$1.23 USD","123","sale","Dreams & Nightmares Case","730","2","34548589765","302028390","4717330486","2","34548589765"
"Dreams & Nightmares Case","Counter-Strike 2","17 Sep","17 Sep","$1.23 USD","123","sale","Dreams & Nightmares Case","730","2","34548578944","302028390","4717330486","2","34548578944"
"Dreams & Nightmares Case","Counter-Strike 2","17 Sep","17 Sep","$1.23 USD","123","sale","Dreams & Nightmares Case","730","2","34548567952","302028390","4717330486","2","34548567952"
"Dreams & Nightmares Case","Counter-Strike 2","17 Sep","17 Sep","$1.23 USD","123","sale","Dreams & Nightmares Case","730","2","34548569239","302028390","4717330486","2","34548569239"
"Dreams & Nightmares Case","Counter-Strike 2","17 Sep","17 Sep","$1.23 USD","123","sale","Dreams & Nightmares Case","730","2","34548572676","302028390","4717330486","2","34548572676"
"Dreams & Nightmares Case","Counter-Strike 2","17 Sep","17 Sep","$1.23 USD","123","sale","Dreams & Nightmares Case","730","2","34548571717","302028390","4717330486","2","34548571717"
"Dreams & Nightmares Case","Counter-Strike 2","17 Sep","17 Sep","$1.23 USD","123","sale","Dreams & Nightmares Case","730","2","34548576468","302028390","4717330486","2","34548576468"
"Dreams & Nightmares Case","Counter-Strike 2","17 Sep","17 Sep","$1.23 USD","123","sale","Dreams & Nightmares Case","730","2","34548565514","302028390","4717330486","2","34548565514"
"Dreams & Nightmares Case","Counter-Strike 2","17 Sep","17 Sep","$1.23 USD","123","sale","Dreams & Nightmares Case","730","2","34548578139","302028390","4717330486","2","34548578139"
"Dreams & Nightmares Case","Counter-Strike 2","17 Sep","17 Sep","$1.23 USD","123","sale","Dreams & Nightmares Case","730","2","34548556078","302028390","4717330486","2","34548556078"
"Dreams & Nightmares Case","Counter-Strike 2","17 Sep","17 Sep","$1.23 USD","123","sale","Dreams & Nightmares Case","730","2","34548557571","302028390","4717330486","2","34548557571"
"Dreams & Nightmares Case","Counter-Strike 2","17 Sep","17 Sep","$1.23 USD","123","sale","Dreams & Nightmares Case","730","2","34548561068","302028390","4717330486","2","34548561068"
"Dreams & Nightmares Case","Counter-Strike 2","17 Sep","17 Sep","$1.23 USD","123","sale","Dreams & Nightmares Case","730","2","34548561778","302028390","4717330486","2","34548561778"
"Dreams & Nightmares Case","Counter-Strike 2","17 Sep","17 Sep","$1.23 USD","123","sale","Dreams & Nightmares Case","730","2","34548564125","302028390","4717330486","2","34548564125"
"Dreams & Nightmares Case","Counter-Strike 2","17 Sep","17 Sep","$1.23 USD","123","sale","Dreams & Nightmares Case","730","2","34548563521","302028390","4717330486","2","34548563521"
"Dreams & Nightmares Case","Counter-Strike 2","17 Sep","17 Sep","$1.23 USD","123","sale","Dreams & Nightmares Case","730","2","34548564235","302028390","4717330486","2","34548564235"
"Dreams & Nightmares Case","Counter-Strike 2","17 Sep","17 Sep","$1.23 USD","123","sale","Dreams & Nightmares Case","730","2","34548559522","302028390","4717330486","2","34548559522"
"Dreams & Nightmares Case","Counter-Strike 2","17 Sep","17 Sep","$1.23 USD","123","sale","Dreams & Nightmares Case","730","2","34548547627","302028390","4717330486","2","34548547627"
"Dreams & Nightmares Case","Counter-Strike 2","17 Sep","17 Sep","$1.23 USD","123","sale","Dreams & Nightmares Case","730","2","34548552825","302028390","4717330486","2","34548552825"
"Dreams & Nightmares Case","Counter-Strike 2","17 Sep","17 Sep","$1.23 USD","123","sale","Dreams & Nightmares Case","730","2","34548546115","302028390","4717330486","2","34548546115"
"Dreams & Nightmares Case","Counter-Strike 2","17 Sep","17 Sep","$1.23 USD","123","sale","Dreams & Nightmares Case","730","2","34548547804","302028390","4717330486","2","34548547804"
"Dreams & Nightmares Case","Counter-Strike 2","17 Sep","17 Sep","$1.23 USD","123","sale","Dreams & Nightmares Case","730","2","34548549372","302028390","4717330486","2","34548549372"
"Dreams & Nightmares Case","Counter-Strike 2","17 Sep","17 Sep","$1.23 USD","123","sale","Dreams & Nightmares Case","730","2","34548551077","302028390","4717330486","2","34548551077"
"Dreams & Nightmares Case","Counter-Strike 2","17 Sep","17 Sep","$1.23 USD","123","sale","Dreams & Nightmares Case","730","2","34548555148","302028390","4717330486","2","34548555148"
"Dreams & Nightmares Case","Counter-Strike 2","17 Sep","17 Sep","$1.23 USD","123","sale","Dreams & Nightmares Case","730","2","34548548578","302028390","4717330486","2","34548548578"
"Dreams & Nightmares Case","Counter-Strike 2","17 Sep","17 Sep","$1.23 USD","123","sale","Dreams & Nightmares Case","730","2","34548541691","302028390","4717330486","2","34548541691"
"Dreams & Nightmares Case","Counter-Strike 2","17 Sep","17 Sep","$1.23 USD","123","sale","Dreams & Nightmares Case","730","2","34548542330","0","4717330486","2","34548542330"
"Dreams & Nightmares Case","Counter-Strike 2","17 Sep","17 Sep","$1.23 USD","123","sale","Dreams & Nightmares Case","730","2","34548541960","302028390","4717330486","2","34548541960"
"Dreams & Nightmares Case","Counter-Strike 2","17 Sep","17 Sep","$1.23 USD","123","sale","Dreams & Nightmares Case","730","2","34548543023","302028390","4717330486","2","34548543023"
"Dreams & Nightmares Case","Counter-Strike 2","17 Sep","17 Sep","$1.23 USD","123","sale","Dreams & Nightmares Case","730","2","34548543598","302028390","4717330486","2","34548543598"
"Dreams & Nightmares Case","Counter-Strike 2","17 Sep","17 Sep","$1.23 USD","123","sale","Dreams & Nightmares Case","730","2","34548543928","302028390","4717330486","2","34548543928"
"Dreams & Nightmares Case","Counter-Strike 2","17 Sep","17 Sep","$1.23 USD","123","sale","Dreams & Nightmares Case","730","2","34548539133","0","4717330486","2","34548539133"
"Dreams & Nightmares Case","Counter-Strike 2","17 Sep","17 Sep","$1.23 USD","123","sale","Dreams & Nightmares Case","730","2","34548535274","302028390","4717330486","2","34548535274"
"Dreams & Nightmares Case","Counter-Strike 2","17 Sep","17 Sep","$1.23 USD","123","sale","Dreams & Nightmares Case","730","2","34548518065","302028390","4717330486","2","34548518065"
"Dreams & Nightmares Case","Counter-Strike 2","17 Sep","17 Sep","$1.23 USD","123","sale","Dreams & Nightmares Case","730","2","34548534896","302028390","4717330486","2","34548534896"
"Dreams & Nightmares Case","Counter-Strike 2","17 Sep","17 Sep","$1.23 USD","123","sale","Dreams & Nightmares Case","730","2","34548518227","302028390","4717330486","2","34548518227"
"Dreams & Nightmares Case","Counter-Strike 2","17 Sep","17 Sep","$1.23 USD","123","sale","Dreams & Nightmares Case","730","2","34548526343","302028390","4717330486","2","34548526343"
"Dreams & Nightmares Case","Counter-Strike 2","17 Sep","17 Sep","$1.23 USD","123","sale","Dreams & Nightmares Case","730","2","34548527431","302028390","4717330486","2","34548527431"
"Dreams & Nightmares Case","Counter-Strike 2","17 Sep","17 Sep","$1.23 USD","123","sale","Dreams & Nightmares Case","730","2","34548532453","302028390","4717330486","2","34548532453"
"Dreams & Nightmares Case","Counter-Strike 2","17 Sep","17 Sep","$1.23 USD","123","sale","Dreams & Nightmares Case","730","2","34548518489","302028390","4717330486","2","34548518489"
"Dreams & Nightmares Case","Counter-Strike 2","17 Sep","17 Sep","$1.23 USD","123","sale","Dreams & Nightmares Case","730","2","34548533137","302028390","4717330486","2","34548533137"
"Dreams & Nightmares Case","Counter-Strike 2","17 Sep","17 Sep","$1.23 USD","123","sale","Dreams & Nightmares Case","730","2","34548511944","302028390","4717330486","2","34548511944"
"Dreams & Nightmares Case","Counter-Strike 2","17 Sep","17 Sep","$1.23 USD","123","sale","Dreams & Nightmares Case","730","2","34548516118","302028390","4717330486","2","34548516118"
"Dreams & Nightmares Case","Counter-Strike 2","17 Sep","17 Sep","$1.23 USD","123","sale","Dreams & Nightmares Case","730","2","34548516666","302028390","4717330486","2","34548516666"
"Dreams & Nightmares Case","Counter-Strike 2","17 Sep","17 Sep","$1.23 USD","123","sale","Dreams & Nightmares Case","730","2","34548513235","302028390","4717330486","2","34548513235"
"Dreams & Nightmares Case","Counter-Strike 2","17 Sep","17 Sep","$1.23 USD","123","sale","Dreams & Nightmares Case","730","2","34548505649","302028390","4717330486","2","34548505649"
"Dreams & Nightmares Case","Counter-Strike 2","17 Sep","17 Sep","$1.23 USD","123","sale","Dreams & Nightmares Case","730","2","34548506042","302028390","4717330486","2","34548506042"
"Dreams & Nightmares Case","Counter-Strike 2","17 Sep","17 Sep","$1.23 USD","123","sale","Dreams & Nightmares Case","730","2","34548502596","302028390","4717330486","2","34548502596"
"Dreams & Nightmares Case","Counter-Strike 2","17 Sep","17 Sep","$1.23 USD","123","sale","Dreams & Nightmares Case","730","2","34548503791","302028390","4717330486","2","34548503791"
"Dreams & Nightmares Case","Counter-Strike 2","17 Sep","17 Sep","$1.23 USD","123","sale","Dreams & Nightmares Case","730","2","34548477743","302028390","4717330486","2","34548477743"
"Dreams & Nightmares Case","Counter-Strike 2","17 Sep","17 Sep","$1.23 USD","123","sale","Dreams & Nightmares Case","730","2","34548482425","0","4717330486","2","34548482425"
"Dreams & Nightmares Case","Counter-Strike 2","17 Sep","17 Sep","$1.23 USD","123","sale","Dreams & Nightmares Case","730","2","34548482700","302028390","4717330486","2","34548482700"
"Dreams & Nightmares Case","Counter-Strike 2","17 Sep","17 Sep","$1.23 USD","123","sale","Dreams & Nightmares Case","730","2","34548483640","302028390","4717330486","2","34548483640"
"Dreams & Nightmares Case","Counter-Strike 2","17 Sep","17 Sep","$1.23 USD","123","sale","Dreams & Nightmares Case","730","2","34548494067","302028390","4717330486","2","34548494067"
"Dreams & Nightmares Case","Counter-Strike 2","17 Sep","17 Sep","$1.23 USD","123","sale","Dreams & Nightmares Case","730","2","34548492480","302028390","4717330486","2","34548492480"
"Dreams & Nightmares Case","Counter-Strike 2","17 Sep","17 Sep","$1.23 USD","123","sale","Dreams & Nightmares Case","730","2","34548495052","302028390","4717330486","2","34548495052"
"Dreams & Nightmares Case","Counter-Strike 2","17 Sep","17 Sep","$1.23 USD","123","sale","Dreams & Nightmares Case","730","2","34548495846","302028390","4717330486","2","34548495846"
"Dreams & Nightmares Case","Counter-Strike 2","17 Sep","17 Sep","$1.23 USD","123","sale","Dreams & Nightmares Case","730","2","34548471185","302028390","4717330486","2","34548471185"
"Dreams & Nightmares Case","Counter-Strike 2","17 Sep","17 Sep","$1.23 USD","123","sale","Dreams & Nightmares Case","730","2","34548468793","302028390","4717330486","2","34548468793"
"Dreams & Nightmares Case","Counter-Strike 2","17 Sep","17 Sep","$1.23 USD","123","sale","Dreams & Nightmares Case","730","2","34548464819","302028390","4717330486","2","34548464819"
"Dreams & Nightmares Case","Counter-Strike 2","17 Sep","17 Sep","$1.23 USD","123","sale","Dreams & Nightmares Case","730","2","34548466837","302028390","4717330486","2","34548466837"
"Dreams & Nightmares Case","Counter-Strike 2","17 Sep","17 Sep","$1.23 USD","123","sale","Dreams & Nightmares Case","730","2","34548468042","302028390","4717330486","2","34548468042"
"Dreams & Nightmares Case","Counter-Strike 2","17 Sep","17 Sep","$1.23 USD","123","sale","Dreams & Nightmares Case","730","2","34548472444","302028390","4717330486","2","34548472444"
"Dreams & Nightmares Case","Counter-Strike 2","17 Sep","17 Sep","$1.23 USD","123","sale","Dreams & Nightmares Case","730","2","34548472886","302028390","4717330486","2","34548472886"
"Dreams & Nightmares Case","Counter-Strike 2","17 Sep","17 Sep","$1.23 USD","123","sale","Dreams & Nightmares Case","730","2","34548476834","302028390","4717330486","2","34548476834"
"Dreams & Nightmares Case","Counter-Strike 2","17 Sep","17 Sep","$1.23 USD","123","sale","Dreams & Nightmares Case","730","2","34548456544","302028390","4717330486","2","34548456544"
"Dreams & Nightmares Case","Counter-Strike 2","17 Sep","17 Sep","$1.23 USD","123","sale","Dreams & Nightmares Case","730","2","34548459536","302028390","4717330486","2","34548459536"
"Dreams & Nightmares Case","Counter-Strike 2","17 Sep","17 Sep","$1.23 USD","123","sale","Dreams & Nightmares Case","730","2","34548460036","302028390","4717330486","2","34548460036"
"Dreams & Nightmares Case","Counter-Strike 2","17 Sep","17 Sep","$1.23 USD","123","sale","Dreams & Nightmares Case","730","2","34548456015","302028390","4717330486","2","34548456015"
"Dreams & Nightmares Case","Counter-Strike 2","17 Sep","17 Sep","$1.23 USD","123","sale","Dreams & Nightmares Case","730","2","34548455616","302028390","4717330486","2","34548455616"
"Dreams & Nightmares Case","Counter-Strike 2","17 Sep","17 Sep","$1.23 USD","123","sale","Dreams & Nightmares Case","730","2","34548457504","302028390","4717330486","2","34548457504"
"Dreams & Nightmares Case","Counter-Strike 2","17 Sep","17 Sep","$1.23 USD","123","sale","Dreams & Nightmares Case","730","2","34548459672","302028390","4717330486","2","34548459672"
"Dreams & Nightmares Case","Counter-Strike 2","17 Sep","17 Sep","$1.23 USD","123","sale","Dreams & Nightmares Case","730","2","34548460184","302028390","4717330486","2","34548460184"
"Dreams & Nightmares Case","Counter-Strike 2","17 Sep","17 Sep","$1.23 USD","123","sale","Dreams & Nightmares Case","730","2","33981372116","0","4717330486","2","33981372116"
"Dreams & Nightmares Case","Counter-Strike 2","17 Sep","17 Sep","$1.23 USD","123","sale","Dreams & Nightmares Case","730","2","33981372240","0","4717330486","2","33981372240"
"Dreams & Nightmares Case","Counter-Strike 2","17 Sep","17 Sep","$1.23 USD","123","sale","Dreams & Nightmares Case","730","2","33981372262","0","4717330486","2","33981372262"
"Dreams & Nightmares Case","Counter-Strike 2","17 Sep","17 Sep","$1.23 USD","123","sale","Dreams & Nightmares Case","730","2","34548447797","302028390","4717330486","2","34548447797"
"Dreams & Nightmares Case","Counter-Strike 2","17 Sep","17 Sep","$1.23 USD","123","sale","Dreams & Nightmares Case","730","2","34548450447","302028390","4717330486","2","34548450447"
"Dreams & Nightmares Case","Counter-Strike 2","17 Sep","17 Sep","$1.23 USD","123","sale","Dreams & Nightmares Case","730","2","34548449517","302028390","4717330486","2","34548449517"
"Dreams & Nightmares Case","Counter-Strike 2","17 Sep","17 Sep","$1.23 USD","123","sale","Dreams & Nightmares Case","730","2","34548453286","302028390","4717330486","2","34548453286"
"Dreams & Nightmares Case","Counter-Strike 2","17 Sep","17 Sep","$1.23 USD","123","sale","Dreams & Nightmares Case","730","2","34548455083","302028390","4717330486","2","34548455083"
"Dreams & Nightmares Case","Counter-Strike 2","7 Sep","7 Sep","$1.10 USD","110","sale","Dreams & Nightmares Case","730","2","36965080224","302028390","4717330486","2","36965080224"
"Dreams & Nightmares Case","Counter-Strike 2","7 Sep","7 Sep","$1.10 USD","110","sale","Dreams & Nightmares Case","730","2","34548623983","302028390","4717330486","2","34548623983"
"Dreams & Nightmares Case","Counter-Strike 2","7 Sep","7 Sep","$1.10 USD","110","sale","Dreams & Nightmares Case","730","2","37328451051","302028390","4717330486","2","37328451051"
"Dreams & Nightmares Case","Counter-Strike 2","7 Sep","7 Sep","$1.10 USD","110","sale","Dreams & Nightmares Case","730","2","38113415195","302028390","4717330486","2","38113415195"
"Dreams & Nightmares Case","Counter-Strike 2","7 Sep","7 Sep","$1.10 USD","110","sale","Dreams & Nightmares Case","730","2","38216094520","302028390","4717330486","2","38216094520"
"Dreams & Nightmares Case","Counter-Strike 2","7 Sep","7 Sep","$1.10 USD","110","sale","Dreams & Nightmares Case","730","2","38323879477","302028390","4717330486","2","38323879477"
"Dreams & Nightmares Case","Counter-Strike 2","7 Sep","7 Sep","$1.09 USD","109","sale","Dreams & Nightmares Case","730","2","38628380761","302028390","4717330486","2","38628380761"
"Sticker | Team Liquid (Holo) | Paris 2023","Counter-Strike 2","28 Jun","28 Jun","$0.81 USD","81","sale","Sticker | Team Liquid (Holo) | Paris 2023","730","2","31670474257","188530139","5327976097","2","31670474257"
"Beach","Summer Sale 2024 Trading Card","28 Jun","28 Jun","$0.07 USD","7","purchase","2861690-Beach","753","6","30372091941","0","6008074444","6","30372722187"
"Existential Seagull","Summer Sale 2024 Trading Card","28 Jun","28 Jun","$0.06 USD","6","purchase","2861690-Existential Seagull","753","6","30372227035","0","6008074448","6","30372811871"
"Snacking Seagull","Summer Sale 2024 Trading Card","28 Jun","28 Jun","$0.07 USD","7","purchase","2861690-Snacking Seagull","753","6","30371976146","0","6008074447","6","30372721887"
"Thinking Seagull","Summer Sale 2024 Trading Card","28 Jun","28 Jun","$0.07 USD","7","purchase","2861690-Thinking Seagull","753","6","30371329693","0","6008074446","6","30372623785"
"Sand Castle","Summer Sale 2024 Trading Card","28 Jun","28 Jun","$0.07 USD","7","purchase","2861690-Sand Castle","753","6","30372092579","0","6008074445","6","30372729781"
"Playful Cat","Summer Sale 2024 Trading Card","28 Jun","28 Jun","$0.07 USD","7","purchase","2861690-Playful Cat","753","6","30372128112","0","6008074443","6","30372714405"
"Duo","Summer Sale 2024 Trading Card","28 Jun","28 Jun","$0.07 USD","7","purchase","2861690-Duo","753","6","30370861755","0","6008074442","6","30372360324"
"Happy Customer","Summer Sale 2024 Trading Card","28 Jun","28 Jun","$0.06 USD","6","purchase","2861690-Happy Customer","753","6","30372796589","0","6008074439","6","30372811833"
"Sticker | Team Liquid (Holo) | Paris 2023","Counter-Strike 2","28 Jun","28 Jun","$0.81 USD","81","sale","Sticker | Team Liquid (Holo) | Paris 2023","730","2","31670545184","188530139","5327976097","2","31670545184"
"Sticker | Team Liquid (Holo) | Paris 2023","Counter-Strike 2","28 Jun","28 Jun","$0.81 USD","81","sale","Sticker | Team Liquid (Holo) | Paris 2023","730","2","31670553102","188530139","5327976097","2","31670553102"
"Sticker | Team Liquid (Holo) | Paris 2023","Counter-Strike 2","28 Jun","28 Jun","$0.81 USD","81","sale","Sticker | Team Liquid (Holo) | Paris 2023","730","2","31681012138","188530139","5327976097","2","31681012138"
"Sticker | Team Liquid (Holo) | Paris 2023","Counter-Strike 2","28 Jun","28 Jun","$0.81 USD","81","sale","Sticker | Team Liquid (Holo) | Paris 2023","730","2","31681030412","188530139","5327976097","2","31681030412"
"Sticker | Team Liquid (Holo) | Paris 2023","Counter-Strike 2","28 Jun","28 Jun","$0.81 USD","81","sale","Sticker | Team Liquid (Holo) | Paris 2023","730","2","31681067212","188530139","5327976097","2","31681067212"
"Sticker | Team Liquid (Holo) | Paris 2023","Counter-Strike 2","28 Jun","28 Jun","$0.81 USD","81","sale","Sticker | Team Liquid (Holo) | Paris 2023","730","2","31681107874","188530139","5327976097","2","31681107874"
"Sticker | Vitality (Holo) | Paris 2023","Counter-Strike 2","28 Jun","28 Jun","$0.59 USD","59","sale","Sticker | Vitality (Holo) | Paris 2023","730","2","31738567275","188530139","5327976320","2","31738567275"
"Sticker | Vitality (Holo) | Paris 2023","Counter-Strike 2","28 Jun","28 Jun","$0.59 USD","59","sale","Sticker | Vitality (Holo) | Paris 2023","730","2","31738567313","188530139","5327976320","2","31738567313"
"Sticker | Vitality (Holo) | Paris 2023","Counter-Strike 2","28 Jun","28 Jun","$0.59 USD","59","sale","Sticker | Vitality (Holo) | Paris 2023","730","2","31738714681","188530139","5327976320","2","31738714681"
"Sticker | Vitality (Holo) | Paris 2023","Counter-Strike 2","28 Jun","28 Jun","$0.59 USD","59","sale","Sticker | Vitality (Holo) | Paris 2023","730","2","31738917372","188530139","5327976320","2","31738917372"
"Sticker | Vitality (Holo) | Paris 2023","Counter-Strike 2","28 Jun","28 Jun","$0.59 USD","59","sale","Sticker | Vitality (Holo) | Paris 2023","730","2","31739221914","188530139","5327976320","2","31739221914"
"Sticker | Vitality (Holo) | Paris 2023","Counter-Strike 2","28 Jun","28 Jun","$0.59 USD","59","sale","Sticker | Vitality (Holo) | Paris 2023","730","2","31739241831","188530139","5327976320","2","31739241831"
"Sticker | Vitality (Holo) | Paris 2023","Counter-Strike 2","28 Jun","28 Jun","$0.59 USD","59","sale","Sticker | Vitality (Holo) | Paris 2023","730","2","31739341071","188530139","5327976320","2","31739341071"
"Sticker | Vitality (Holo) | Paris 2023","Counter-Strike 2","28 Jun","28 Jun","$0.59 USD","59","sale","Sticker | Vitality (Holo) | Paris 2023","730","2","31739413194","188530139","5327976320","2","31739413194"
"Sticker | Vitality (Holo) | Paris 2023","Counter-Strike 2","28 Jun","28 Jun","$0.59 USD","59","sale","Sticker | Vitality (Holo) | Paris 2023","730","2","31739747250","188530139","5327976320","2","31739747250"
"Sticker | Vitality (Holo) | Paris 2023","Counter-Strike 2","28 Jun","28 Jun","$0.59 USD","59","sale","Sticker | Vitality (Holo) | Paris 2023","730","2","31739767759","188530139","5327976320","2","31739767759"
"Kilowatt Case","Counter-Strike 2","11 May","11 May","$1.07 USD","107","sale","Kilowatt Case","730","2","37426140462","302028390","5710094579","2","37426140462"
"Rio 2022 Contenders Sticker Capsule","Counter-Strike 2","5 May","6 May","$0.30 USD","30","sale","Rio 2022 Contenders Sticker Capsule","730","2","28017150711","143865972","5051655060","2","28017150711"
"Rio 2022 Contenders Sticker Capsule","Counter-Strike 2","5 May","6 May","$0.30 USD","30","sale","Rio 2022 Contenders Sticker Capsule","730","2","28017150709","143865972","5051655060","2","28017150709"
"Rio 2022 Contenders Sticker Capsule","Counter-Strike 2","5 May","6 May","$0.30 USD","30","sale","Rio 2022 Contenders Sticker Capsule","730","2","28017150708","143865972","5051655060","2","28017150708"
"Rio 2022 Contenders Sticker Capsule","Counter-Strike 2","5 May","6 May","$0.30 USD","30","sale","Rio 2022 Contenders Sticker Capsule","730","2","28017150710","143865972","5051655060","2","28017150710"
"Rio 2022 Contenders Sticker Capsule","Counter-Strike 2","5 May","5 May","$0.30 USD","30","sale","Rio 2022 Contenders Sticker Capsule","730","2","28017150705","143865972","5051655060","2","28017150705"
"Rio 2022 Contenders Sticker Capsule","Counter-Strike 2","5 May","5 May","$0.30 USD","30","sale","Rio 2022 Contenders Sticker Capsule","730","2","28017150703","143865972","5051655060","2","28017150703"
"Rio 2022 Contenders Sticker Capsule","Counter-Strike 2","5 May","5 May","$0.30 USD","30","sale","Rio 2022 Contenders Sticker Capsule","730","2","28017150704","143865972","5051655060","2","28017150704"
"Rio 2022 Contenders Sticker Capsule","Counter-Strike 2","5 May","5 May","$0.30 USD","30","sale","Rio 2022 Contenders Sticker Capsule","730","2","28017150706","143865972","5051655060","2","28017150706"
"Rio 2022 Contenders Sticker Capsule","Counter-Strike 2","5 May","5 May","$0.30 USD","30","sale","Rio 2022 Contenders Sticker Capsule","730","2","28017150707","143865972","5051655060","2","28017150707"
"Rio 2022 Contenders Sticker Capsule","Counter-Strike 2","5 May","5 May","$0.30 USD","30","sale","Rio 2022 Contenders Sticker Capsule","730","2","28017150700","143865972","5051655060","2","28017150700"
"Rio 2022 Contenders Sticker Capsule","Counter-Strike 2","5 May","5 May","$0.30 USD","30","sale","Rio 2022 Contenders Sticker Capsule","730","2","28017150701","143865972","5051655060","2","28017150701"
"Rio 2022 Contenders Sticker Capsule","Counter-Strike 2","5 May","5 May","$0.30 USD","30","sale","Rio 2022 Contenders Sticker Capsule","730","2","28017150702","143865972","5051655060","2","28017150702"
"Rio 2022 Contenders Sticker Capsule","Counter-Strike 2","5 May","5 May","$0.30 USD","30","sale","Rio 2022 Contenders Sticker Capsule","730","2","28017149571","143865972","5051655060","2","28017149571"
"Rio 2022 Contenders Sticker Capsule","Counter-Strike 2","5 May","5 May","$0.30 USD","30","sale","Rio 2022 Contenders Sticker Capsule","730","2","28017149572","143865972","5051655060","2","28017149572"
"Rio 2022 Contenders Sticker Capsule","Counter-Strike 2","5 May","5 May","$0.30 USD","30","sale","Rio 2022 Contenders Sticker Capsule","730","2","28017149574","143865972","5051655060","2","28017149574"
"Rio 2022 Contenders Sticker Capsule","Counter-Strike 2","5 May","5 May","$0.30 USD","30","sale","Rio 2022 Contenders Sticker Capsule","730","2","28017150696","143865972","5051655060","2","28017150696"
"Rio 2022 Contenders Sticker Capsule","Counter-Strike 2","5 May","5 May","$0.30 USD","30","sale","Rio 2022 Contenders Sticker Capsule","730","2","28017149573","143865972","5051655060","2","28017149573"
"Rio 2022 Contenders Sticker Capsule","Counter-Strike 2","5 May","5 May","$0.30 USD","30","sale","Rio 2022 Contenders Sticker Capsule","730","2","28017150697","143865972","5051655060","2","28017150697"
"Rio 2022 Contenders Sticker Capsule","Counter-Strike 2","5 May","5 May","$0.30 USD","30","sale","Rio 2022 Contenders Sticker Capsule","730","2","28017150698","143865972","5051655060","2","28017150698"
"Rio 2022 Contenders Sticker Capsule","Counter-Strike 2","5 May","5 May","$0.30 USD","30","sale","Rio 2022 Contenders Sticker Capsule","730","2","28017150699","143865972","5051655060","2","28017150699"
"Rio 2022 Contenders Sticker Capsule","Counter-Strike 2","5 May","5 May","$0.30 USD","30","sale","Rio 2022 Contenders Sticker Capsule","730","2","28017149563","143865972","5051655060","2","28017149563"
"Rio 2022 Contenders Sticker Capsule","Counter-Strike 2","5 May","5 May","$0.30 USD","30","sale","Rio 2022 Contenders Sticker Capsule","730","2","28017149570","143865972","5051655060","2","28017149570"
"Rio 2022 Contenders Sticker Capsule","Counter-Strike 2","5 May","5 May","$0.30 USD","30","sale","Rio 2022 Contenders Sticker Capsule","730","2","28017149565","143865972","5051655060","2","28017149565"
"Rio 2022 Contenders Sticker Capsule","Counter-Strike 2","5 May","5 May","$0.30 USD","30","sale","Rio 2022 Contenders Sticker Capsule","730","2","28017149566","143865972","5051655060","2","28017149566"
"Rio 2022 Contenders Sticker Capsule","Counter-Strike 2","5 May","5 May","$0.30 USD","30","sale","Rio 2022 Contenders Sticker Capsule","730","2","28017149567","143865972","5051655060","2","28017149567"
"Rio 2022 Contenders Sticker Capsule","Counter-Strike 2","5 May","5 May","$0.30 USD","30","sale","Rio 2022 Contenders Sticker Capsule","730","2","28017149569","143865972","5051655060","2","28017149569"
"Rio 2022 Contenders Sticker Capsule","Counter-Strike 2","5 May","5 May","$0.30 USD","30","sale","Rio 2022 Contenders Sticker Capsule","730","2","28017149564","143865972","5051655060","2","28017149564"
"Rio 2022 Contenders Sticker Capsule","Counter-Strike 2","5 May","5 May","$0.30 USD","30","sale","Rio 2022 Contenders Sticker Capsule","730","2","28017149568","143865972","5051655060","2","28017149568"
"Rio 2022 Contenders Sticker Capsule","Counter-Strike 2","5 May","5 May","$0.30 USD","30","sale","Rio 2022 Contenders Sticker Capsule","730","2","28017149555","143865972","5051655060","2","28017149555"
"Rio 2022 Contenders Sticker Capsule","Counter-Strike 2","5 May","5 May","$0.30 USD","30","sale","Rio 2022 Contenders Sticker Capsule","730","2","28017149558","143865972","5051655060","2","28017149558"
"Rio 2022 Contenders Sticker Capsule","Counter-Strike 2","5 May","5 May","$0.30 USD","30","sale","Rio 2022 Contenders Sticker Capsule","730","2","28017149560","143865972","5051655060","2","28017149560"
"Rio 2022 Contenders Sticker Capsule","Counter-Strike 2","5 May","5 May","$0.30 USD","30","sale","Rio 2022 Contenders Sticker Capsule","730","2","28017149559","143865972","5051655060","2","28017149559"
"Rio 2022 Contenders Sticker Capsule","Counter-Strike 2","5 May","5 May","$0.30 USD","30","sale","Rio 2022 Contenders Sticker Capsule","730","2","28017149557","143865972","5051655060","2","28017149557"
"Rio 2022 Contenders Sticker Capsule","Counter-Strike 2","5 May","5 May","$0.30 USD","30","sale","Rio 2022 Contenders Sticker Capsule","730","2","28017149556","143865972","5051655060","2","28017149556"
"Rio 2022 Contenders Sticker Capsule","Counter-Strike 2","5 May","5 May","$0.30 USD","30","sale","Rio 2022 Contenders Sticker Capsule","730","2","28017149561","143865972","5051655060","2","28017149561"
"Rio 2022 Contenders Sticker Capsule","Counter-Strike 2","5 May","5 May","$0.30 USD","30","sale","Rio 2022 Contenders Sticker Capsule","730","2","28017150712","143865972","5051655060","2","28017150712"
"Rio 2022 Contenders Sticker Capsule","Counter-Strike 2","5 May","5 May","$0.30 USD","30","sale","Rio 2022 Contenders Sticker Capsule","730","2","28017149562","143865972","5051655060","2","28017149562"
"Rio 2022 Contenders Sticker Capsule","Counter-Strike 2","5 May","5 May","$0.30 USD","30","sale","Rio 2022 Contenders Sticker Capsule","730","2","28017150713","143865972","5051655060","2","28017150713"
"Rio 2022 Contenders Sticker Capsule","Counter-Strike 2","5 May","5 May","$0.30 USD","30","sale","Rio 2022 Contenders Sticker Capsule","730","2","28017150714","143865972","5051655060","2","28017150714"
"Rio 2022 Contenders Sticker Capsule","Counter-Strike 2","5 May","5 May","$0.30 USD","30","sale","Rio 2022 Contenders Sticker Capsule","730","2","28017150715","143865972","5051655060","2","28017150715"
"Rio 2022 Contenders Sticker Capsule","Counter-Strike 2","5 May","5 May","$0.30 USD","30","sale","Rio 2022 Contenders Sticker Capsule","730","2","28017152758","143865972","5051655060","2","28017152758"
"Rio 2022 Contenders Sticker Capsule","Counter-Strike 2","5 May","5 May","$0.30 USD","30","sale","Rio 2022 Contenders Sticker Capsule","730","2","28017152759","143865972","5051655060","2","28017152759"
"Rio 2022 Contenders Sticker Capsule","Counter-Strike 2","5 May","5 May","$0.30 USD","30","sale","Rio 2022 Contenders Sticker Capsule","730","2","28017152760","143865972","5051655060","2","28017152760"
"Rio 2022 Contenders Sticker Capsule","Counter-Strike 2","5 May","5 May","$0.30 USD","30","sale","Rio 2022 Contenders Sticker Capsule","730","2","28017152761","143865972","5051655060","2","28017152761"
"Rio 2022 Contenders Sticker Capsule","Counter-Strike 2","5 May","5 May","$0.30 USD","30","sale","Rio 2022 Contenders Sticker Capsule","730","2","28017152762","143865972","5051655060","2","28017152762"
"Rio 2022 Contenders Sticker Capsule","Counter-Strike 2","5 May","5 May","$0.30 USD","30","sale","Rio 2022 Contenders Sticker Capsule","730","2","28017152763","143865972","5051655060","2","28017152763"
"Rio 2022 Contenders Sticker Capsule","Counter-Strike 2","5 May","5 May","$0.30 USD","30","sale","Rio 2022 Contenders Sticker Capsule","730","2","28017152764","143865972","5051655060","2","28017152764"
"Rio 2022 Contenders Sticker Capsule","Counter-Strike 2","5 May","5 May","$0.30 USD","30","sale","Rio 2022 Contenders Sticker Capsule","730","2","28017152768","143865972","5051655060","2","28017152768"
"Rio 2022 Contenders Sticker Capsule","Counter-Strike 2","5 May","5 May","$0.30 USD","30","sale","Rio 2022 Contenders Sticker Capsule","730","2","28017152767","143865972","5051655060","2","28017152767"
"Rio 2022 Contenders Sticker Capsule","Counter-Strike 2","5 May","5 May","$0.30 USD","30","sale","Rio 2022 Contenders Sticker Capsule","730","2","28017152769","143865972","5051655060","2","28017152769"
"Rio 2022 Contenders Sticker Capsule","Counter-Strike 2","5 May","5 May","$0.30 USD","30","sale","Rio 2022 Contenders Sticker Capsule","730","2","28017152766","143865972","5051655060","2","28017152766"
"Rio 2022 Contenders Sticker Capsule","Counter-Strike 2","5 May","5 May","$0.30 USD","30","sale","Rio 2022 Contenders Sticker Capsule","730","2","28017152765","143865972","5051655060","2","28017152765"
"Rio 2022 Contenders Sticker Capsule","Counter-Strike 2","5 May","5 May","$0.30 USD","30","sale","Rio 2022 Contenders Sticker Capsule","730","2","28017152770","143865972","5051655060","2","28017152770"
"Rio 2022 Contenders Sticker Capsule","Counter-Strike 2","5 May","5 May","$0.30 USD","30","sale","Rio 2022 Contenders Sticker Capsule","730","2","28017152772","143865972","5051655060","2","28017152772"
"Rio 2022 Contenders Sticker Capsule","Counter-Strike 2","5 May","5 May","$0.30 USD","30","sale","Rio 2022 Contenders Sticker Capsule","730","2","28017152771","143865972","5051655060","2","28017152771"
"Rio 2022 Dust II Souvenir Package","Counter-Strike 2","27 Apr","27 Apr","$3.56 USD","356","sale","Rio 2022 Dust II Souvenir Package","730","2","32394269459","236997301","5070479660","2","32394269459"
"Rio 2022 Dust II Souvenir Package","Counter-Strike 2","27 Apr","27 Apr","$3.56 USD","356","sale","Rio 2022 Dust II Souvenir Package","730","2","35934443286","236997301","5074379890","2","35934443286"
"Rio 2022 Dust II Souvenir Package","Counter-Strike 2","27 Apr","27 Apr","$3.56 USD","356","sale","Rio 2022 Dust II Souvenir Package","730","2","35934443799","236997301","5074379890","2","35934443799"
"Rio 2022 Dust II Souvenir Package","Counter-Strike 2","27 Apr","27 Apr","$3.56 USD","356","sale","Rio 2022 Dust II Souvenir Package","730","2","35934445327","236997301","5074379890","2","35934445327"
"Rio 2022 Dust II Souvenir Package","Counter-Strike 2","27 Apr","27 Apr","$3.56 USD","356","sale","Rio 2022 Dust II Souvenir Package","730","2","35934446228","236997301","5074379890","2","35934446228"
"Rio 2022 Dust II Souvenir Package","Counter-Strike 2","27 Apr","27 Apr","$3.56 USD","356","sale","Rio 2022 Dust II Souvenir Package","730","2","29963248418","236997301","5070479660","2","29963248418"
"Rio 2022 Dust II Souvenir Package","Counter-Strike 2","27 Apr","27 Apr","$3.56 USD","356","sale","Rio 2022 Dust II Souvenir Package","730","2","35934444353","236997301","5074379890","2","35934444353"
"Rio 2022 Dust II Souvenir Package","Counter-Strike 2","27 Apr","27 Apr","$3.56 USD","356","sale","Rio 2022 Dust II Souvenir Package","730","2","29963241218","236997301","5076869811","2","29963241218"
"Rio 2022 Dust II Souvenir Package","Counter-Strike 2","27 Apr","27 Apr","$3.56 USD","356","sale","Rio 2022 Dust II Souvenir Package","730","2","29963248374","236997301","5076869811","2","29963248374"
"Rio 2022 Dust II Souvenir Package","Counter-Strike 2","27 Apr","27 Apr","$3.56 USD","356","sale","Rio 2022 Dust II Souvenir Package","730","2","29963247686","236997301","5076869811","2","29963247686"
"Rio 2022 Dust II Souvenir Package","Counter-Strike 2","27 Apr","27 Apr","$3.56 USD","356","sale","Rio 2022 Dust II Souvenir Package","730","2","28753824403","236997301","5074353838","2","28753824403"
"Rio 2022 Dust II Souvenir Package","Counter-Strike 2","27 Apr","27 Apr","$3.56 USD","356","sale","Rio 2022 Dust II Souvenir Package","730","2","28753826425","236997301","5074353838","2","28753826425"
"Rio 2022 Dust II Souvenir Package","Counter-Strike 2","27 Apr","27 Apr","$3.56 USD","356","sale","Rio 2022 Dust II Souvenir Package","730","2","29962722136","236997301","5076869811","2","29962722136"
"Rio 2022 Dust II Souvenir Package","Counter-Strike 2","27 Apr","27 Apr","$3.56 USD","356","sale","Rio 2022 Dust II Souvenir Package","730","2","28753825187","236997301","5074353838","2","28753825187"
"Rio 2022 Dust II Souvenir Package","Counter-Strike 2","27 Apr","27 Apr","$3.56 USD","356","sale","Rio 2022 Dust II Souvenir Package","730","2","28753827254","236997301","5074353838","2","28753827254"
"Rio 2022 Dust II Souvenir Package","Counter-Strike 2","27 Apr","27 Apr","$3.56 USD","356","sale","Rio 2022 Dust II Souvenir Package","730","2","28698362322","236997301","5074353838","2","28698362322"
"Rio 2022 Dust II Souvenir Package","Counter-Strike 2","27 Apr","27 Apr","$3.56 USD","356","sale","Rio 2022 Dust II Souvenir Package","730","2","28698363171","236997301","5074353838","2","28698363171"
"Rio 2022 Dust II Souvenir Package","Counter-Strike 2","27 Apr","27 Apr","$3.56 USD","356","sale","Rio 2022 Dust II Souvenir Package","730","2","28698363630","236997301","5074353838","2","28698363630"
"Rio 2022 Dust II Souvenir Package","Counter-Strike 2","27 Apr","27 Apr","$3.56 USD","356","sale","Rio 2022 Dust II Souvenir Package","730","2","28753820492","236997301","5074353838","2","28753820492"
"Rio 2022 Dust II Souvenir Package","Counter-Strike 2","27 Apr","27 Apr","$3.56 USD","356","sale","Rio 2022 Dust II Souvenir Package","730","2","28753822174","236997301","5074353838","2","28753822174"
"Rio 2022 Dust II Souvenir Package","Counter-Strike 2","27 Apr","27 Apr","$3.56 USD","356","sale","Rio 2022 Dust II Souvenir Package","730","2","28753823005","236997301","5074353838","2","28753823005"
"Rio 2022 Dust II Souvenir Package","Counter-Strike 2","27 Apr","27 Apr","$3.56 USD","356","sale","Rio 2022 Dust II Souvenir Package","730","2","35934456811","236997301","5074379890","2","35934456811"
"Rio 2022 Dust II Souvenir Package","Counter-Strike 2","27 Apr","27 Apr","$3.56 USD","356","sale","Rio 2022 Dust II Souvenir Package","730","2","28753823745","236997301","5074353838","2","28753823745"
"Rio 2022 Dust II Souvenir Package","Counter-Strike 2","27 Apr","27 Apr","$3.56 USD","356","sale","Rio 2022 Dust II Souvenir Package","730","2","28753821516","236997301","5074353838","2","28753821516"
"Kilowatt Case","Counter-Strike 2","30 Mar","30 Mar","$1.93 USD","193","sale","Kilowatt Case","730","2","36748369999","302028390","5710094579","2","36748369999"
"Walter","Starfield Trading Card","15 Mar","17 Mar","$0.08 USD","8","purchase","1716740-Walter","753","6","29371058797","0","5516688251","6","29528415573"
"Vlad","Starfield Trading Card","16 Mar","17 Mar","$0.08 USD","8","purchase","1716740-Vlad","753","6","27422056722","0","5516688253","6","29536770951"
"Vasco","Starfield Trading Card","20 Feb","17 Mar","$0.09 USD","9","purchase","1716740-Vasco","753","6","27435195579","0","5516688249","6","29286232770"
"Sarah","Starfield Trading Card","15 Mar","17 Mar","$0.08 USD","8","purchase","1716740-Sarah","753","6","29357915610","0","5516688241","6","29521872881"
"Sam","Starfield Trading Card","14 Mar","17 Mar","$0.09 USD","9","purchase","1716740-Sam","753","6","29239330382","0","5516688252","6","29505714248"
"Noel","Starfield Trading Card","15 Mar","17 Mar","$0.08 USD","8","purchase","1716740-Noel","753","6","29382107730","0","5516688250","6","29521118678"
"Matteo","Starfield Trading Card","15 Mar","17 Mar","$0.08 USD","8","purchase","1716740-Matteo","753","6","29363768069","0","5516688243","6","29520993685"
"Barrett","Starfield Trading Card","17 Mar","17 Mar","$0.08 USD","8","purchase","1716740-Barrett","753","6","29538511637","0","5516688244","6","29549573153"
"Andreja","Starfield Trading Card","15 Mar","17 Mar","$0.10 USD","10","purchase","1716740-Andreja","753","6","29388764253","0","5516688232","6","29520159760"
"Walter","Starfield Trading Card","15 Mar","17 Mar","$0.08 USD","8","purchase","1716740-Walter","753","6","29460907154","0","5516688251","6","29528415566"
"Vlad","Starfield Trading Card","16 Mar","17 Mar","$0.08 USD","8","purchase","1716740-Vlad","753","6","27525325291","0","5516688253","6","29534477563"
"Vasco","Starfield Trading Card","20 Feb","17 Mar","$0.09 USD","9","purchase","1716740-Vasco","753","6","27444952363","0","5516688249","6","29286063852"
"Sarah","Starfield Trading Card","15 Mar","17 Mar","$0.08 USD","8","purchase","1716740-Sarah","753","6","29355892576","0","5516688241","6","29521872877"
"Sam","Starfield Trading Card","14 Mar","17 Mar","$0.09 USD","9","purchase","1716740-Sam","753","6","27540905148","0","5516688252","6","29496933363"
"Noel","Starfield Trading Card","15 Mar","17 Mar","$0.08 USD","8","purchase","1716740-Noel","753","6","29382107731","0","5516688250","6","29521118676"
"Matteo","Starfield Trading Card","15 Mar","17 Mar","$0.08 USD","8","purchase","1716740-Matteo","753","6","29363969147","0","5516688243","6","29520993686"
"Barrett","Starfield Trading Card","17 Mar","17 Mar","$0.08 USD","8","purchase","1716740-Barrett","753","6","29538320839","0","5516688244","6","29549573152"
"Andreja","Starfield Trading Card","15 Mar","17 Mar","$0.10 USD","10","purchase","1716740-Andreja","753","6","29459152263","0","5516688232","6","29520159756"
"Walter","Starfield Trading Card","15 Mar","17 Mar","$0.08 USD","8","purchase","1716740-Walter","753","6","29405457487","0","5516688251","6","29528415560"
"Vlad","Starfield Trading Card","16 Mar","17 Mar","$0.08 USD","8","purchase","1716740-Vlad","753","6","27603465860","0","5516688253","6","29532077793"
"Sarah","Starfield Trading Card","15 Mar","17 Mar","$0.08 USD","8","purchase","1716740-Sarah","753","6","29355270510","0","5516688241","6","29521872873"
"Matteo","Starfield Trading Card","15 Mar","17 Mar","$0.08 USD","8","purchase","1716740-Matteo","753","6","29366305715","0","5516688243","6","29520993683"
"Barrett","Starfield Trading Card","17 Mar","17 Mar","$0.08 USD","8","purchase","1716740-Barrett","753","6","27968766528","0","5516688244","6","29549445234"
"Andreja","Starfield Trading Card","15 Mar","17 Mar","$0.10 USD","10","purchase","1716740-Andreja","753","6","29459132044","0","5516688232","6","29520159752"
"Walter","Starfield Trading Card","15 Mar","17 Mar","$0.08 USD","8","purchase","1716740-Walter","753","6","29379292065","0","5516688251","6","29528415554"
"Vlad","Starfield Trading Card","16 Mar","17 Mar","$0.08 USD","8","purchase","1716740-Vlad","753","6","27485680052","0","5516688253","6","29531459518"
"Sarah","Starfield Trading Card","15 Mar","17 Mar","$0.08 USD","8","purchase","1716740-Sarah","753","6","29354467330","0","5516688241","6","29521872872"
"Matteo","Starfield Trading Card","15 Mar","17 Mar","$0.08 USD","8","purchase","1716740-Matteo","753","6","29367049716","0","5516688243","6","29520993682"
"Walter","Starfield Trading Card","15 Mar","17 Mar","$0.08 USD","8","purchase","1716740-Walter","753","6","29384835560","0","5516688251","6","29528415546"
"Vlad","Starfield Trading Card","16 Mar","17 Mar","$0.08 USD","8","purchase","1716740-Vlad","753","6","27423404794","0","5516688253","6","29530971874"
"Sarah","Starfield Trading Card","15 Mar","17 Mar","$0.08 USD","8","purchase","1716740-Sarah","753","6","29353994255","0","5516688241","6","29521872869"
"Sticker | FaZe Clan (Holo) | Paris 2023","Counter-Strike 2","15 Mar","15 Mar","$1.39 USD","139","sale","Sticker | FaZe Clan (Holo) | Paris 2023","730","2","34701914889","188530139","5327976203","2","34701914889"
"Sticker | FaZe Clan (Holo) | Paris 2023","Counter-Strike 2","15 Mar","15 Mar","$1.39 USD","139","sale","Sticker | FaZe Clan (Holo) | Paris 2023","730","2","34701914890","188530139","5327976203","2","34701914890"
"Sticker | FaZe Clan (Holo) | Paris 2023","Counter-Strike 2","15 Mar","15 Mar","$1.39 USD","139","sale","Sticker | FaZe Clan (Holo) | Paris 2023","730","2","34701914901","188530139","5327976203","2","34701914901"
"Sticker | FaZe Clan (Holo) | Paris 2023","Counter-Strike 2","15 Mar","15 Mar","$1.39 USD","139","sale","Sticker | FaZe Clan (Holo) | Paris 2023","730","2","34701914883","188530139","5327976203","2","34701914883"
"Sticker | FaZe Clan (Holo) | Paris 2023","Counter-Strike 2","15 Mar","15 Mar","$1.39 USD","139","sale","Sticker | FaZe Clan (Holo) | Paris 2023","730","2","34701914904","188530139","5327976203","2","34701914904"
"Rio 2022 Dust II Souvenir Package","Counter-Strike 2","29 Feb","4 Mar","$5.22 USD","522","sale","Rio 2022 Dust II Souvenir Package","730","2","35934457346","236997301","5074379890","2","35934457346"
"Rio 2022 Dust II Souvenir Package","Counter-Strike 2","29 Feb","4 Mar","$5.22 USD","522","sale","Rio 2022 Dust II Souvenir Package","730","2","35934461549","236997301","5074379890","2","35934461549"
"Rio 2022 Dust II Souvenir Package","Counter-Strike 2","29 Feb","4 Mar","$5.22 USD","522","sale","Rio 2022 Dust II Souvenir Package","730","2","35934461264","236997301","5074379890","2","35934461264"
"Rio 2022 Dust II Souvenir Package","Counter-Strike 2","29 Feb","4 Mar","$5.22 USD","522","sale","Rio 2022 Dust II Souvenir Package","730","2","35934459019","236997301","5074379890","2","35934459019"
"Rio 2022 Dust II Souvenir Package","Counter-Strike 2","29 Feb","4 Mar","$5.22 USD","522","sale","Rio 2022 Dust II Souvenir Package","730","2","35934459355","236997301","5074379890","2","35934459355"
"Rio 2022 Dust II Souvenir Package","Counter-Strike 2","29 Feb","4 Mar","$5.22 USD","522","sale","Rio 2022 Dust II Souvenir Package","730","2","35934462338","236997301","5074379890","2","35934462338"
"Rio 2022 Dust II Souvenir Package","Counter-Strike 2","29 Feb","4 Mar","$5.22 USD","522","sale","Rio 2022 Dust II Souvenir Package","730","2","35934462773","236997301","5074379890","2","35934462773"
"Rio 2022 Dust II Souvenir Package","Counter-Strike 2","29 Feb","4 Mar","$5.22 USD","522","sale","Rio 2022 Dust II Souvenir Package","730","2","35934460261","236997301","5074379890","2","35934460261"
"Rio 2022 Dust II Souvenir Package","Counter-Strike 2","29 Feb","4 Mar","$5.22 USD","522","sale","Rio 2022 Dust II Souvenir Package","730","2","35934457842","236997301","5074379890","2","35934457842"
"Rio 2022 Dust II Souvenir Package","Counter-Strike 2","29 Feb","4 Mar","$5.22 USD","522","sale","Rio 2022 Dust II Souvenir Package","730","2","35934460592","236997301","5074379890","2","35934460592"
"Rio 2022 Dust II Souvenir Package","Counter-Strike 2","29 Feb","4 Mar","$5.22 USD","522","sale","Rio 2022 Dust II Souvenir Package","730","2","35934458258","236997301","5074379890","2","35934458258"
"Rio 2022 Dust II Souvenir Package","Counter-Strike 2","29 Feb","4 Mar","$5.22 USD","522","sale","Rio 2022 Dust II Souvenir Package","730","2","35934459723","236997301","5074379890","2","35934459723"
"Rio 2022 Dust II Souvenir Package","Counter-Strike 2","29 Feb","4 Mar","$5.22 USD","522","sale","Rio 2022 Dust II Souvenir Package","730","2","35934461886","236997301","5074379890","2","35934461886"
"Rio 2022 Dust II Souvenir Package","Counter-Strike 2","29 Feb","4 Mar","$5.22 USD","522","sale","Rio 2022 Dust II Souvenir Package","730","2","35934460943","236997301","5074379890","2","35934460943"
"Dreams & Nightmares Case","Counter-Strike 2","3 Mar","4 Mar","$0.86 USD","86","sale","Dreams & Nightmares Case","730","2","35917930929","302028390","4717330486","2","35917930929"
"Dreams & Nightmares Case","Counter-Strike 2","3 Mar","4 Mar","$0.86 USD","86","sale","Dreams & Nightmares Case","730","2","35917925988","302028390","4717330486","2","35917925988"
"Dreams & Nightmares Case","Counter-Strike 2","3 Mar","4 Mar","$0.86 USD","86","sale","Dreams & Nightmares Case","730","2","35917861877","0","4717330486","2","35917861877"
"Dreams & Nightmares Case","Counter-Strike 2","3 Mar","4 Mar","$0.86 USD","86","sale","Dreams & Nightmares Case","730","2","35917886781","0","4717330486","2","35917886781"
"Dreams & Nightmares Case","Counter-Strike 2","3 Mar","4 Mar","$0.86 USD","86","sale","Dreams & Nightmares Case","730","2","35917916124","0","4717330486","2","35917916124"
"Dreams & Nightmares Case","Counter-Strike 2","3 Mar","4 Mar","$0.86 USD","86","sale","Dreams & Nightmares Case","730","2","35917888354","0","4717330486","2","35917888354"
"Dreams & Nightmares Case","Counter-Strike 2","3 Mar","4 Mar","$0.86 USD","86","sale","Dreams & Nightmares Case","730","2","35917857947","302028390","4717330486","2","35917857947"
"Dreams & Nightmares Case","Counter-Strike 2","3 Mar","4 Mar","$0.86 USD","86","sale","Dreams & Nightmares Case","730","2","35917891104","0","4717330486","2","35917891104"
"Dreams & Nightmares Case","Counter-Strike 2","3 Mar","4 Mar","$0.86 USD","86","sale","Dreams & Nightmares Case","730","2","35917860210","302028390","4717330486","2","35917860210"
"Dreams & Nightmares Case","Counter-Strike 2","3 Mar","4 Mar","$0.86 USD","86","sale","Dreams & Nightmares Case","730","2","35917924939","302028390","4717330486","2","35917924939"
"Dreams & Nightmares Case","Counter-Strike 2","3 Mar","4 Mar","$0.86 USD","86","sale","Dreams & Nightmares Case","730","2","35917783961","302028390","4717330486","2","35917783961"
"Dreams & Nightmares Case","Counter-Strike 2","3 Mar","4 Mar","$0.86 USD","86","sale","Dreams & Nightmares Case","730","2","35917793753","302028390","4717330486","2","35917793753"
"Dreams & Nightmares Case","Counter-Strike 2","3 Mar","4 Mar","$0.86 USD","86","sale","Dreams & Nightmares Case","730","2","35917827749","302028390","4717330486","2","35917827749"
"Dreams & Nightmares Case","Counter-Strike 2","3 Mar","4 Mar","$0.86 USD","86","sale","Dreams & Nightmares Case","730","2","35917795234","302028390","4717330486","2","35917795234"
"Dreams & Nightmares Case","Counter-Strike 2","3 Mar","4 Mar","$0.86 USD","86","sale","Dreams & Nightmares Case","730","2","35917812502","302028390","4717330486","2","35917812502"
"Dreams & Nightmares Case","Counter-Strike 2","3 Mar","4 Mar","$0.86 USD","86","sale","Dreams & Nightmares Case","730","2","35917854650","302028390","4717330486","2","35917854650"
"Dreams & Nightmares Case","Counter-Strike 2","3 Mar","4 Mar","$0.86 USD","86","sale","Dreams & Nightmares Case","730","2","35917687623","302028390","4717330486","2","35917687623"
"Dreams & Nightmares Case","Counter-Strike 2","3 Mar","4 Mar","$0.86 USD","86","sale","Dreams & Nightmares Case","730","2","35917722061","302028390","4717330486","2","35917722061"
"Dreams & Nightmares Case","Counter-Strike 2","3 Mar","4 Mar","$0.86 USD","86","sale","Dreams & Nightmares Case","730","2","35917646593","302028390","4717330486","2","35917646593"
"Dreams & Nightmares Case","Counter-Strike 2","3 Mar","4 Mar","$0.86 USD","86","sale","Dreams & Nightmares Case","730","2","35917827090","302028390","4717330486","2","35917827090"
"Dreams & Nightmares Case","Counter-Strike 2","3 Mar","4 Mar","$0.86 USD","86","sale","Dreams & Nightmares Case","730","2","35917791596","302028390","4717330486","2","35917791596"
"Dreams & Nightmares Case","Counter-Strike 2","3 Mar","4 Mar","$0.86 USD","86","sale","Dreams & Nightmares Case","730","2","35917770684","302028390","4717330486","2","35917770684"
"Dreams & Nightmares Case","Counter-Strike 2","3 Mar","4 Mar","$0.86 USD","86","sale","Dreams & Nightmares Case","730","2","35917781894","302028390","4717330486","2","35917781894"
"Dreams & Nightmares Case","Counter-Strike 2","3 Mar","4 Mar","$0.86 USD","86","sale","Dreams & Nightmares Case","730","2","35917643799","302028390","4717330486","2","35917643799"
"Dreams & Nightmares Case","Counter-Strike 2","3 Mar","4 Mar","$0.86 USD","86","sale","Dreams & Nightmares Case","730","2","35917646052","302028390","4717330486","2","35917646052"
"Dreams & Nightmares Case","Counter-Strike 2","3 Mar","4 Mar","$0.86 USD","86","sale","Dreams & Nightmares Case","730","2","35917647927","302028390","4717330486","2","35917647927"
"Dreams & Nightmares Case","Counter-Strike 2","3 Mar","4 Mar","$0.86 USD","86","sale","Dreams & Nightmares Case","730","2","35917423821","302028390","4717330486","2","35917423821"
"Dreams & Nightmares Case","Counter-Strike 2","3 Mar","4 Mar","$0.86 USD","86","sale","Dreams & Nightmares Case","730","2","35917424768","302028390","4717330486","2","35917424768"
"Dreams & Nightmares Case","Counter-Strike 2","3 Mar","4 Mar","$0.86 USD","86","sale","Dreams & Nightmares Case","730","2","35917635191","302028390","4717330486","2","35917635191"
"Dreams & Nightmares Case","Counter-Strike 2","3 Mar","4 Mar","$0.86 USD","86","sale","Dreams & Nightmares Case","730","2","35917638389","302028390","4717330486","2","35917638389"
"Dreams & Nightmares Case","Counter-Strike 2","3 Mar","4 Mar","$0.86 USD","86","sale","Dreams & Nightmares Case","730","2","35917641864","302028390","4717330486","2","35917641864"
"Dreams & Nightmares Case","Counter-Strike 2","3 Mar","4 Mar","$0.86 USD","86","sale","Dreams & Nightmares Case","730","2","35917586124","302028390","4717330486","2","35917586124"
"Dreams & Nightmares Case","Counter-Strike 2","3 Mar","4 Mar","$0.86 USD","86","sale","Dreams & Nightmares Case","730","2","35917614126","302028390","4717330486","2","35917614126"
"Dreams & Nightmares Case","Counter-Strike 2","3 Mar","4 Mar","$0.86 USD","86","sale","Dreams & Nightmares Case","730","2","35917543478","0","4717330486","2","35917543478"
"Dreams & Nightmares Case","Counter-Strike 2","3 Mar","4 Mar","$0.86 USD","86","sale","Dreams & Nightmares Case","730","2","35907524971","302028390","4717330486","2","35907524971"
"Dreams & Nightmares Case","Counter-Strike 2","3 Mar","4 Mar","$0.86 USD","86","sale","Dreams & Nightmares Case","730","2","35907427814","302028390","4717330486","2","35907427814"
"Dreams & Nightmares Case","Counter-Strike 2","3 Mar","4 Mar","$0.86 USD","86","sale","Dreams & Nightmares Case","730","2","35907493922","302028390","4717330486","2","35907493922"
"Dreams & Nightmares Case","Counter-Strike 2","3 Mar","4 Mar","$0.86 USD","86","sale","Dreams & Nightmares Case","730","2","35907523427","302028390","4717330486","2","35907523427"
"Dreams & Nightmares Case","Counter-Strike 2","3 Mar","4 Mar","$0.86 USD","86","sale","Dreams & Nightmares Case","730","2","35907532306","302028390","4717330486","2","35907532306"
"Dreams & Nightmares Case","Counter-Strike 2","3 Mar","4 Mar","$0.86 USD","86","sale","Dreams & Nightmares Case","730","2","35916690483","0","4717330486","2","35916690483"
"Dreams & Nightmares Case","Counter-Strike 2","3 Mar","4 Mar","$0.86 USD","86","sale","Dreams & Nightmares Case","730","2","35916959947","302028390","4717330486","2","35916959947"
"Dreams & Nightmares Case","Counter-Strike 2","3 Mar","4 Mar","$0.86 USD","86","sale","Dreams & Nightmares Case","730","2","35907347628","302028390","4717330486","2","35907347628"
"Dreams & Nightmares Case","Counter-Strike 2","3 Mar","4 Mar","$0.86 USD","86","sale","Dreams & Nightmares Case","730","2","35907337448","302028390","4717330486","2","35907337448"
"Dreams & Nightmares Case","Counter-Strike 2","3 Mar","4 Mar","$0.86 USD","86","sale","Dreams & Nightmares Case","730","2","35907328857","302028390","4717330486","2","35907328857"
"Dreams & Nightmares Case","Counter-Strike 2","3 Mar","4 Mar","$0.86 USD","86","sale","Dreams & Nightmares Case","730","2","35907326808","0","4717330486","2","35907326808"
"Dreams & Nightmares Case","Counter-Strike 2","3 Mar","4 Mar","$0.86 USD","86","sale","Dreams & Nightmares Case","730","2","35907344455","302028390","4717330486","2","35907344455"
"Dreams & Nightmares Case","Counter-Strike 2","3 Mar","4 Mar","$0.86 USD","86","sale","Dreams & Nightmares Case","730","2","35907340078","302028390","4717330486","2","35907340078"
"Dreams & Nightmares Case","Counter-Strike 2","3 Mar","4 Mar","$0.86 USD","86","sale","Dreams & Nightmares Case","730","2","35907333435","302028390","4717330486","2","35907333435"
"Dreams & Nightmares Case","Counter-Strike 2","3 Mar","4 Mar","$0.86 USD","86","sale","Dreams & Nightmares Case","730","2","35691184109","0","4717330486","2","35691184109"
"Dreams & Nightmares Case","Counter-Strike 2","3 Mar","4 Mar","$0.86 USD","86","sale","Dreams & Nightmares Case","730","2","35907342746","302028390","4717330486","2","35907342746"
"Dreams & Nightmares Case","Counter-Strike 2","3 Mar","4 Mar","$0.86 USD","86","sale","Dreams & Nightmares Case","730","2","35907345256","0","4717330486","2","35907345256"
"Dreams & Nightmares Case","Counter-Strike 2","3 Mar","4 Mar","$0.86 USD","86","sale","Dreams & Nightmares Case","730","2","35907323066","0","4717330486","2","35907323066"
"Dreams & Nightmares Case","Counter-Strike 2","3 Mar","4 Mar","$0.86 USD","86","sale","Dreams & Nightmares Case","730","2","35907313994","302028390","4717330486","2","35907313994"
"Dreams & Nightmares Case","Counter-Strike 2","3 Mar","4 Mar","$0.86 USD","86","sale","Dreams & Nightmares Case","730","2","35907287222","0","4717330486","2","35907287222"
"Dreams & Nightmares Case","Counter-Strike 2","3 Mar","4 Mar","$0.86 USD","86","sale","Dreams & Nightmares Case","730","2","35691158791","302028390","4717330486","2","35691158791"
"Dreams & Nightmares Case","Counter-Strike 2","3 Mar","4 Mar","$0.86 USD","86","sale","Dreams & Nightmares Case","730","2","35691179525","302028390","4717330486","2","35691179525"
"Dreams & Nightmares Case","Counter-Strike 2","3 Mar","4 Mar","$0.86 USD","86","sale","Dreams & Nightmares Case","730","2","35907297157","302028390","4717330486","2","35907297157"
"Dreams & Nightmares Case","Counter-Strike 2","3 Mar","4 Mar","$0.86 USD","86","sale","Dreams & Nightmares Case","730","2","35718710075","302028390","4717330486","2","35718710075"
"Dreams & Nightmares Case","Counter-Strike 2","3 Mar","4 Mar","$0.86 USD","86","sale","Dreams & Nightmares Case","730","2","35173274584","302028390","4717330486","2","35173274584"
"Dreams & Nightmares Case","Counter-Strike 2","3 Mar","4 Mar","$0.86 USD","86","sale","Dreams & Nightmares Case","730","2","35409010868","302028390","4717330486","2","35409010868"
"Dreams & Nightmares Case","Counter-Strike 2","3 Mar","4 Mar","$0.86 USD","86","sale","Dreams & Nightmares Case","730","2","35691123679","302028390","4717330486","2","35691123679"
"Dreams & Nightmares Case","Counter-Strike 2","3 Mar","4 Mar","$0.86 USD","86","sale","Dreams & Nightmares Case","730","2","35691136356","302028390","4717330486","2","35691136356"
"Dreams & Nightmares Case","Counter-Strike 2","3 Mar","4 Mar","$0.86 USD","86","sale","Dreams & Nightmares Case","730","2","35691137651","302028390","4717330486","2","35691137651"
"Dreams & Nightmares Case","Counter-Strike 2","3 Mar","4 Mar","$0.86 USD","86","sale","Dreams & Nightmares Case","730","2","35691145289","302028390","4717330486","2","35691145289"
"Dreams & Nightmares Case","Counter-Strike 2","3 Mar","4 Mar","$0.86 USD","86","sale","Dreams & Nightmares Case","730","2","35691147836","302028390","4717330486","2","35691147836"
"Dreams & Nightmares Case","Counter-Strike 2","3 Mar","4 Mar","$0.86 USD","86","sale","Dreams & Nightmares Case","730","2","35691178685","302028390","4717330486","2","35691178685"
"Dreams & Nightmares Case","Counter-Strike 2","3 Mar","4 Mar","$0.86 USD","86","sale","Dreams & Nightmares Case","730","2","34550120477","302028390","4717330486","2","34550120477"
"Dreams & Nightmares Case","Counter-Strike 2","3 Mar","4 Mar","$0.86 USD","86","sale","Dreams & Nightmares Case","730","2","35173272102","302028390","4717330486","2","35173272102"
"Dreams & Nightmares Case","Counter-Strike 2","3 Mar","4 Mar","$0.86 USD","86","sale","Dreams & Nightmares Case","730","2","34654983520","302028390","4717330486","2","34654983520"
"Dreams & Nightmares Case","Counter-Strike 2","3 Mar","4 Mar","$0.86 USD","86","sale","Dreams & Nightmares Case","730","2","35173272170","302028390","4717330486","2","35173272170"
"Dreams & Nightmares Case","Counter-Strike 2","3 Mar","4 Mar","$0.86 USD","86","sale","Dreams & Nightmares Case","730","2","35173272227","0","4717330486","2","35173272227"
"Dreams & Nightmares Case","Counter-Strike 2","3 Mar","4 Mar","$0.86 USD","86","sale","Dreams & Nightmares Case","730","2","34550133957","302028390","4717330486","2","34550133957"
"Dreams & Nightmares Case","Counter-Strike 2","3 Mar","4 Mar","$0.86 USD","86","sale","Dreams & Nightmares Case","730","2","34550111845","302028390","4717330486","2","34550111845"
"Dreams & Nightmares Case","Counter-Strike 2","3 Mar","4 Mar","$0.86 USD","86","sale","Dreams & Nightmares Case","730","2","34550114694","302028390","4717330486","2","34550114694"
"Dreams & Nightmares Case","Counter-Strike 2","3 Mar","4 Mar","$0.86 USD","86","sale","Dreams & Nightmares Case","730","2","34550080975","0","4717330486","2","34550080975"
"Dreams & Nightmares Case","Counter-Strike 2","3 Mar","4 Mar","$0.86 USD","86","sale","Dreams & Nightmares Case","730","2","34550100306","302028390","4717330486","2","34550100306"
"Dreams & Nightmares Case","Counter-Strike 2","3 Mar","4 Mar","$0.86 USD","86","sale","Dreams & Nightmares Case","730","2","34550068067","302028390","4717330486","2","34550068067"
"Dreams & Nightmares Case","Counter-Strike 2","3 Mar","4 Mar","$0.86 USD","86","sale","Dreams & Nightmares Case","730","2","34550081145","302028390","4717330486","2","34550081145"
"Dreams & Nightmares Case","Counter-Strike 2","3 Mar","4 Mar","$0.86 USD","86","sale","Dreams & Nightmares Case","730","2","34550100319","302028390","4717330486","2","34550100319"
"Dreams & Nightmares Case","Counter-Strike 2","3 Mar","4 Mar","$0.86 USD","86","sale","Dreams & Nightmares Case","730","2","34550110563","302028390","4717330486","2","34550110563"
"Dreams & Nightmares Case","Counter-Strike 2","3 Mar","4 Mar","$0.86 USD","86","sale","Dreams & Nightmares Case","730","2","34550031993","0","4717330486","2","34550031993"
"Dreams & Nightmares Case","Counter-Strike 2","3 Mar","4 Mar","$0.86 USD","86","sale","Dreams & Nightmares Case","730","2","34550111209","302028390","4717330486","2","34550111209"
"Dreams & Nightmares Case","Counter-Strike 2","3 Mar","4 Mar","$0.86 USD","86","sale","Dreams & Nightmares Case","730","2","34548638622","302028390","4717330486","2","34548638622"
"Dreams & Nightmares Case","Counter-Strike 2","3 Mar","4 Mar","$0.86 USD","86","sale","Dreams & Nightmares Case","730","2","34549988891","0","4717330486","2","34549988891"
"Dreams & Nightmares Case","Counter-Strike 2","3 Mar","4 Mar","$0.86 USD","86","sale","Dreams & Nightmares Case","730","2","34549901510","302028390","4717330486","2","34549901510"
"Dreams & Nightmares Case","Counter-Strike 2","3 Mar","4 Mar","$0.86 USD","86","sale","Dreams & Nightmares Case","730","2","34550004723","302028390","4717330486","2","34550004723"
"Dreams & Nightmares Case","Counter-Strike 2","3 Mar","4 Mar","$0.86 USD","86","sale","Dreams & Nightmares Case","730","2","34548625933","302028390","4717330486","2","34548625933"
"Dreams & Nightmares Case","Counter-Strike 2","3 Mar","4 Mar","$0.86 USD","86","sale","Dreams & Nightmares Case","730","2","34548635549","302028390","4717330486","2","34548635549"
"Dreams & Nightmares Case","Counter-Strike 2","3 Mar","4 Mar","$0.86 USD","86","sale","Dreams & Nightmares Case","730","2","34548626647","302028390","4717330486","2","34548626647"
"Dreams & Nightmares Case","Counter-Strike 2","3 Mar","4 Mar","$0.86 USD","86","sale","Dreams & Nightmares Case","730","2","34548636360","302028390","4717330486","2","34548636360"
"Dreams & Nightmares Case","Counter-Strike 2","3 Mar","4 Mar","$0.86 USD","86","sale","Dreams & Nightmares Case","730","2","35917524214","302028390","4717330486","2","35917524214"
"Dreams & Nightmares Case","Counter-Strike 2","3 Mar","4 Mar","$0.86 USD","86","sale","Dreams & Nightmares Case","730","2","35917580789","302028390","4717330486","2","35917580789"
"Dreams & Nightmares Case","Counter-Strike 2","3 Mar","4 Mar","$0.86 USD","86","sale","Dreams & Nightmares Case","730","2","35917355943","302028390","4717330486","2","35917355943"
"Dreams & Nightmares Case","Counter-Strike 2","3 Mar","4 Mar","$0.86 USD","86","sale","Dreams & Nightmares Case","730","2","35917525200","302028390","4717330486","2","35917525200"
"Dreams & Nightmares Case","Counter-Strike 2","3 Mar","4 Mar","$0.86 USD","86","sale","Dreams & Nightmares Case","730","2","35917322578","302028390","4717330486","2","35917322578"
"Dreams & Nightmares Case","Counter-Strike 2","3 Mar","4 Mar","$0.86 USD","86","sale","Dreams & Nightmares Case","730","2","35917540122","0","4717330486","2","35917540122"
"Dreams & Nightmares Case","Counter-Strike 2","3 Mar","4 Mar","$0.86 USD","86","sale","Dreams & Nightmares Case","730","2","35917492338","0","4717330486","2","35917492338"
"Dreams & Nightmares Case","Counter-Strike 2","3 Mar","4 Mar","$0.86 USD","86","sale","Dreams & Nightmares Case","730","2","35917502610","0","4717330486","2","35917502610"
"Dreams & Nightmares Case","Counter-Strike 2","3 Mar","4 Mar","$0.86 USD","86","sale","Dreams & Nightmares Case","730","2","35917505196","0","4717330486","2","35917505196"
"Dreams & Nightmares Case","Counter-Strike 2","3 Mar","4 Mar","$0.86 USD","86","sale","Dreams & Nightmares Case","730","2","35917507742","0","4717330486","2","35917507742"
"Dreams & Nightmares Case","Counter-Strike 2","3 Mar","4 Mar","$0.86 USD","86","sale","Dreams & Nightmares Case","730","2","35917498218","0","4717330486","2","35917498218"
"Dreams & Nightmares Case","Counter-Strike 2","3 Mar","4 Mar","$0.86 USD","86","sale","Dreams & Nightmares Case","730","2","35916997525","302028390","4717330486","2","35916997525"
"Dreams & Nightmares Case","Counter-Strike 2","3 Mar","4 Mar","$0.86 USD","86","sale","Dreams & Nightmares Case","730","2","35917472268","302028390","4717330486","2","35917472268"
"Dreams & Nightmares Case","Counter-Strike 2","3 Mar","4 Mar","$0.86 USD","86","sale","Dreams & Nightmares Case","730","2","35916918490","302028390","4717330486","2","35916918490"
"Dreams & Nightmares Case","Counter-Strike 2","3 Mar","4 Mar","$0.86 USD","86","sale","Dreams & Nightmares Case","730","2","35917176631","302028390","4717330486","2","35917176631"
"Dreams & Nightmares Case","Counter-Strike 2","3 Mar","4 Mar","$0.86 USD","86","sale","Dreams & Nightmares Case","730","2","35917290263","302028390","4717330486","2","35917290263"
"Dreams & Nightmares Case","Counter-Strike 2","3 Mar","4 Mar","$0.86 USD","86","sale","Dreams & Nightmares Case","730","2","35917305397","0","4717330486","2","35917305397"
"Dreams & Nightmares Case","Counter-Strike 2","3 Mar","4 Mar","$0.86 USD","86","sale","Dreams & Nightmares Case","730","2","35917032080","0","4717330486","2","35917032080"
"Dreams & Nightmares Case","Counter-Strike 2","3 Mar","4 Mar","$0.86 USD","86","sale","Dreams & Nightmares Case","730","2","35916955470","302028390","4717330486","2","35916955470"
"Dreams & Nightmares Case","Counter-Strike 2","3 Mar","4 Mar","$0.86 USD","86","sale","Dreams & Nightmares Case","730","2","35916966649","0","4717330486","2","35916966649"
"Dreams & Nightmares Case","Counter-Strike 2","3 Mar","4 Mar","$0.86 USD","86","sale","Dreams & Nightmares Case","730","2","35916687147","302028390","4717330486","2","35916687147"
"Dreams & Nightmares Case","Counter-Strike 2","3 Mar","4 Mar","$0.86 USD","86","sale","Dreams & Nightmares Case","730","2","35907547772","302028390","4717330486","2","35907547772"
"Dreams & Nightmares Case","Counter-Strike 2","3 Mar","4 Mar","$0.86 USD","86","sale","Dreams & Nightmares Case","730","2","35907576692","302028390","4717330486","2","35907576692"
"Dreams & Nightmares Case","Counter-Strike 2","3 Mar","4 Mar","$0.86 USD","86","sale","Dreams & Nightmares Case","730","2","35916681005","302028390","4717330486","2","35916681005"
"Dreams & Nightmares Case","Counter-Strike 2","3 Mar","4 Mar","$0.86 USD","86","sale","Dreams & Nightmares Case","730","2","35916694012","0","4717330486","2","35916694012"
"Dreams & Nightmares Case","Counter-Strike 2","3 Mar","4 Mar","$0.86 USD","86","sale","Dreams & Nightmares Case","730","2","35916684451","302028390","4717330486","2","35916684451"
"Dreams & Nightmares Case","Counter-Strike 2","3 Mar","4 Mar","$0.86 USD","86","sale","Dreams & Nightmares Case","730","2","35916727217","302028390","4717330486","2","35916727217"
"Dreams & Nightmares Case","Counter-Strike 2","3 Mar","4 Mar","$0.86 USD","86","sale","Dreams & Nightmares Case","730","2","35916752985","0","4717330486","2","35916752985"
"Dreams & Nightmares Case","Counter-Strike 2","3 Mar","4 Mar","$0.86 USD","86","sale","Dreams & Nightmares Case","730","2","35907428577","302028390","4717330486","2","35907428577"
"Dreams & Nightmares Case","Counter-Strike 2","3 Mar","4 Mar","$0.86 USD","86","sale","Dreams & Nightmares Case","730","2","35907539782","302028390","4717330486","2","35907539782"
"Dreams & Nightmares Case","Counter-Strike 2","3 Mar","4 Mar","$0.86 USD","86","sale","Dreams & Nightmares Case","730","2","35907454483","302028390","4717330486","2","35907454483"
"Dreams & Nightmares Case","Counter-Strike 2","3 Mar","4 Mar","$0.86 USD","86","sale","Dreams & Nightmares Case","730","2","35907440433","302028390","4717330486","2","35907440433"
"Dreams & Nightmares Case","Counter-Strike 2","3 Mar","4 Mar","$0.86 USD","86","sale","Dreams & Nightmares Case","730","2","35907428090","302028390","4717330486","2","35907428090"
"Dreams & Nightmares Case","Counter-Strike 2","3 Mar","4 Mar","$0.86 USD","86","sale","Dreams & Nightmares Case","730","2","35907477988","302028390","4717330486","2","35907477988"
"Dreams & Nightmares Case","Counter-Strike 2","3 Mar","4 Mar","$0.86 USD","86","sale","Dreams & Nightmares Case","730","2","35907468686","302028390","4717330486","2","35907468686"
"Dreams & Nightmares Case","Counter-Strike 2","3 Mar","4 Mar","$0.86 USD","86","sale","Dreams & Nightmares Case","730","2","35907476336","302028390","4717330486","2","35907476336"
"Dreams & Nightmares Case","Counter-Strike 2","3 Mar","4 Mar","$0.86 USD","86","sale","Dreams & Nightmares Case","730","2","35907282933","302028390","4717330486","2","35907282933"
"Dreams & Nightmares Case","Counter-Strike 2","3 Mar","4 Mar","$0.86 USD","86","sale","Dreams & Nightmares Case","730","2","35907402145","302028390","4717330486","2","35907402145"
"Dreams & Nightmares Case","Counter-Strike 2","3 Mar","4 Mar","$0.86 USD","86","sale","Dreams & Nightmares Case","730","2","35907289989","302028390","4717330486","2","35907289989"
"Dreams & Nightmares Case","Counter-Strike 2","3 Mar","4 Mar","$0.86 USD","86","sale","Dreams & Nightmares Case","730","2","35907418633","302028390","4717330486","2","35907418633"
"Dreams & Nightmares Case","Counter-Strike 2","3 Mar","4 Mar","$0.86 USD","86","sale","Dreams & Nightmares Case","730","2","35907373661","302028390","4717330486","2","35907373661"
"Dreams & Nightmares Case","Counter-Strike 2","3 Mar","4 Mar","$0.86 USD","86","sale","Dreams & Nightmares Case","730","2","35907349220","0","4717330486","2","35907349220"
"Dreams & Nightmares Case","Counter-Strike 2","3 Mar","4 Mar","$0.86 USD","86","sale","Dreams & Nightmares Case","730","2","35907427244","302028390","4717330486","2","35907427244"
"Dreams & Nightmares Case","Counter-Strike 2","3 Mar","4 Mar","$0.86 USD","86","sale","Dreams & Nightmares Case","730","2","35907352598","0","4717330486","2","35907352598"
"Dreams & Nightmares Case","Counter-Strike 2","3 Mar","4 Mar","$0.86 USD","86","sale","Dreams & Nightmares Case","730","2","35718710187","0","4717330486","2","35718710187"
"Dreams & Nightmares Case","Counter-Strike 2","3 Mar","4 Mar","$0.86 USD","86","sale","Dreams & Nightmares Case","730","2","35718710281","302028390","4717330486","2","35718710281"
"Dreams & Nightmares Case","Counter-Strike 2","3 Mar","4 Mar","$0.86 USD","86","sale","Dreams & Nightmares Case","730","2","35718710193","302028390","4717330486","2","35718710193"
"Dreams & Nightmares Case","Counter-Strike 2","3 Mar","4 Mar","$0.86 USD","86","sale","Dreams & Nightmares Case","730","2","35718710239","302028390","4717330486","2","35718710239"
"Dreams & Nightmares Case","Counter-Strike 2","3 Mar","4 Mar","$0.86 USD","86","sale","Dreams & Nightmares Case","730","2","35718710290","302028390","4717330486","2","35718710290"
"Dreams & Nightmares Case","Counter-Strike 2","3 Mar","4 Mar","$0.86 USD","86","sale","Dreams & Nightmares Case","730","2","35718710283","302028390","4717330486","2","35718710283"
"Dreams & Nightmares Case","Counter-Strike 2","3 Mar","4 Mar","$0.86 USD","86","sale","Dreams & Nightmares Case","730","2","35718710143","302028390","4717330486","2","35718710143"
"Dreams & Nightmares Case","Counter-Strike 2","3 Mar","4 Mar","$0.86 USD","86","sale","Dreams & Nightmares Case","730","2","35718710202","0","4717330486","2","35718710202"
"Dreams & Nightmares Case","Counter-Strike 2","3 Mar","4 Mar","$0.86 USD","86","sale","Dreams & Nightmares Case","730","2","35718710076","302028390","4717330486","2","35718710076"
"Dreams & Nightmares Case","Counter-Strike 2","3 Mar","4 Mar","$0.86 USD","86","sale","Dreams & Nightmares Case","730","2","35718710033","302028390","4717330486","2","35718710033"
"Dreams & Nightmares Case","Counter-Strike 2","3 Mar","4 Mar","$0.86 USD","86","sale","Dreams & Nightmares Case","730","2","35691180337","302028390","4717330486","2","35691180337"
"Dreams & Nightmares Case","Counter-Strike 2","3 Mar","4 Mar","$0.86 USD","86","sale","Dreams & Nightmares Case","730","2","35691157825","302028390","4717330486","2","35691157825"
"Dreams & Nightmares Case","Counter-Strike 2","3 Mar","4 Mar","$0.86 USD","86","sale","Dreams & Nightmares Case","730","2","35718710036","302028390","4717330486","2","35718710036"
"Dreams & Nightmares Case","Counter-Strike 2","3 Mar","4 Mar","$0.86 USD","86","sale","Dreams & Nightmares Case","730","2","35718710071","302028390","4717330486","2","35718710071"
"Dreams & Nightmares Case","Counter-Strike 2","3 Mar","4 Mar","$0.86 USD","86","sale","Dreams & Nightmares Case","730","2","35718710134","0","4717330486","2","35718710134"
"Dreams & Nightmares Case","Counter-Strike 2","3 Mar","4 Mar","$0.86 USD","86","sale","Dreams & Nightmares Case","730","2","35691184077","302028390","4717330486","2","35691184077"
"Dreams & Nightmares Case","Counter-Strike 2","3 Mar","4 Mar","$0.86 USD","86","sale","Dreams & Nightmares Case","730","2","35691137894","302028390","4717330486","2","35691137894"
"Dreams & Nightmares Case","Counter-Strike 2","3 Mar","4 Mar","$0.86 USD","86","sale","Dreams & Nightmares Case","730","2","35691138529","302028390","4717330486","2","35691138529"
"Dreams & Nightmares Case","Counter-Strike 2","3 Mar","4 Mar","$0.86 USD","86","sale","Dreams & Nightmares Case","730","2","35691143466","302028390","4717330486","2","35691143466"
"Dreams & Nightmares Case","Counter-Strike 2","3 Mar","4 Mar","$0.86 USD","86","sale","Dreams & Nightmares Case","730","2","35691144327","302028390","4717330486","2","35691144327"
"Dreams & Nightmares Case","Counter-Strike 2","3 Mar","4 Mar","$0.86 USD","86","sale","Dreams & Nightmares Case","730","2","35691146705","302028390","4717330486","2","35691146705"
"Dreams & Nightmares Case","Counter-Strike 2","3 Mar","4 Mar","$0.86 USD","86","sale","Dreams & Nightmares Case","730","2","35691150093","302028390","4717330486","2","35691150093"
"Dreams & Nightmares Case","Counter-Strike 2","3 Mar","4 Mar","$0.86 USD","86","sale","Dreams & Nightmares Case","730","2","35691147869","302028390","4717330486","2","35691147869"
"Dreams & Nightmares Case","Counter-Strike 2","3 Mar","4 Mar","$0.86 USD","86","sale","Dreams & Nightmares Case","730","2","35691151552","302028390","4717330486","2","35691151552"
"Dreams & Nightmares Case","Counter-Strike 2","3 Mar","4 Mar","$0.86 USD","86","sale","Dreams & Nightmares Case","730","2","35917936626","0","4717330486","2","35917936626"
"Dreams & Nightmares Case","Counter-Strike 2","3 Mar","4 Mar","$0.86 USD","86","sale","Dreams & Nightmares Case","730","2","35917937983","302028390","4717330486","2","35917937983"
"Dreams & Nightmares Case","Counter-Strike 2","3 Mar","4 Mar","$0.86 USD","86","sale","Dreams & Nightmares Case","730","2","35918017553","302028390","4717330486","2","35918017553"
"Dreams & Nightmares Case","Counter-Strike 2","3 Mar","4 Mar","$0.86 USD","86","sale","Dreams & Nightmares Case","730","2","35918028533","302028390","4717330486","2","35918028533"
"Dreams & Nightmares Case","Counter-Strike 2","3 Mar","4 Mar","$0.86 USD","86","sale","Dreams & Nightmares Case","730","2","35918083269","302028390","4717330486","2","35918083269"
"Dreams & Nightmares Case","Counter-Strike 2","3 Mar","4 Mar","$0.86 USD","86","sale","Dreams & Nightmares Case","730","2","35918039050","302028390","4717330486","2","35918039050"
"Dreams & Nightmares Case","Counter-Strike 2","29 Feb","29 Feb","$0.74 USD","74","sale","Dreams & Nightmares Case","730","2","35918621656","302028390","4717330486","2","35918621656"
"Dreams & Nightmares Case","Counter-Strike 2","29 Feb","29 Feb","$0.74 USD","74","sale","Dreams & Nightmares Case","730","2","35918559131","302028390","4717330486","2","35918559131"
"Dreams & Nightmares Case","Counter-Strike 2","29 Feb","29 Feb","$0.74 USD","74","sale","Dreams & Nightmares Case","730","2","35918662947","302028390","4717330486","2","35918662947"
"Dreams & Nightmares Case","Counter-Strike 2","29 Feb","29 Feb","$0.74 USD","74","sale","Dreams & Nightmares Case","730","2","35918667928","302028390","4717330486","2","35918667928"
"Dreams & Nightmares Case","Counter-Strike 2","29 Feb","29 Feb","$0.74 USD","74","sale","Dreams & Nightmares Case","730","2","35918606474","302028390","4717330486","2","35918606474"
"Dreams & Nightmares Case","Counter-Strike 2","29 Feb","29 Feb","$0.74 USD","74","sale","Dreams & Nightmares Case","730","2","35918495279","302028390","4717330486","2","35918495279"
"Dreams & Nightmares Case","Counter-Strike 2","29 Feb","29 Feb","$0.74 USD","74","sale","Dreams & Nightmares Case","730","2","35918477471","302028390","4717330486","2","35918477471"
"Dreams & Nightmares Case","Counter-Strike 2","29 Feb","29 Feb","$0.74 USD","74","sale","Dreams & Nightmares Case","730","2","35918505292","302028390","4717330486","2","35918505292"
"Dreams & Nightmares Case","Counter-Strike 2","29 Feb","29 Feb","$0.74 USD","74","sale","Dreams & Nightmares Case","730","2","35918476826","302028390","4717330486","2","35918476826"
"Dreams & Nightmares Case","Counter-Strike 2","29 Feb","29 Feb","$0.74 USD","74","sale","Dreams & Nightmares Case","730","2","35918480122","302028390","4717330486","2","35918480122"
"Dreams & Nightmares Case","Counter-Strike 2","29 Feb","29 Feb","$0.74 USD","74","sale","Dreams & Nightmares Case","730","2","35918527020","0","4717330486","2","35918527020"
"Dreams & Nightmares Case","Counter-Strike 2","29 Feb","29 Feb","$0.74 USD","74","sale","Dreams & Nightmares Case","730","2","35918299244","302028390","4717330486","2","35918299244"
"Dreams & Nightmares Case","Counter-Strike 2","29 Feb","29 Feb","$0.74 USD","74","sale","Dreams & Nightmares Case","730","2","35918502551","302028390","4717330486","2","35918502551"
"Dreams & Nightmares Case","Counter-Strike 2","29 Feb","29 Feb","$0.74 USD","74","sale","Dreams & Nightmares Case","730","2","35918334393","302028390","4717330486","2","35918334393"
"Dreams & Nightmares Case","Counter-Strike 2","29 Feb","29 Feb","$0.74 USD","74","sale","Dreams & Nightmares Case","730","2","35918475357","302028390","4717330486","2","35918475357"
"Dreams & Nightmares Case","Counter-Strike 2","29 Feb","29 Feb","$0.74 USD","74","sale","Dreams & Nightmares Case","730","2","35918237064","302028390","4717330486","2","35918237064"
"Dreams & Nightmares Case","Counter-Strike 2","29 Feb","29 Feb","$0.74 USD","74","sale","Dreams & Nightmares Case","730","2","35918434457","302028390","4717330486","2","35918434457"
"Dreams & Nightmares Case","Counter-Strike 2","29 Feb","29 Feb","$0.74 USD","74","sale","Dreams & Nightmares Case","730","2","35918248415","302028390","4717330486","2","35918248415"
"Dreams & Nightmares Case","Counter-Strike 2","29 Feb","29 Feb","$0.74 USD","74","sale","Dreams & Nightmares Case","730","2","35918343137","302028390","4717330486","2","35918343137"
"Dreams & Nightmares Case","Counter-Strike 2","29 Feb","29 Feb","$0.74 USD","74","sale","Dreams & Nightmares Case","730","2","35918369022","302028390","4717330486","2","35918369022"
"Dreams & Nightmares Case","Counter-Strike 2","29 Feb","29 Feb","$0.74 USD","74","sale","Dreams & Nightmares Case","730","2","35918441508","302028390","4717330486","2","35918441508"
"Dreams & Nightmares Case","Counter-Strike 2","29 Feb","29 Feb","$0.74 USD","74","sale","Dreams & Nightmares Case","730","2","35918168677","302028390","4717330486","2","35918168677"
"Dreams & Nightmares Case","Counter-Strike 2","29 Feb","29 Feb","$0.74 USD","74","sale","Dreams & Nightmares Case","730","2","35918233057","302028390","4717330486","2","35918233057"
"Dreams & Nightmares Case","Counter-Strike 2","29 Feb","29 Feb","$0.74 USD","74","sale","Dreams & Nightmares Case","730","2","35918171036","302028390","4717330486","2","35918171036"
"Dreams & Nightmares Case","Counter-Strike 2","29 Feb","29 Feb","$0.74 USD","74","sale","Dreams & Nightmares Case","730","2","35918167081","0","4717330486","2","35918167081"
"Dreams & Nightmares Case","Counter-Strike 2","29 Feb","29 Feb","$0.74 USD","74","sale","Dreams & Nightmares Case","730","2","35918169055","302028390","4717330486","2","35918169055"
"Dreams & Nightmares Case","Counter-Strike 2","29 Feb","29 Feb","$0.74 USD","74","sale","Dreams & Nightmares Case","730","2","35918215237","302028390","4717330486","2","35918215237"
"Dreams & Nightmares Case","Counter-Strike 2","29 Feb","29 Feb","$0.74 USD","74","sale","Dreams & Nightmares Case","730","2","35918226266","302028390","4717330486","2","35918226266"
"Dreams & Nightmares Case","Counter-Strike 2","29 Feb","29 Feb","$0.74 USD","74","sale","Dreams & Nightmares Case","730","2","35918218178","302028390","4717330486","2","35918218178"
"Dreams & Nightmares Case","Counter-Strike 2","29 Feb","29 Feb","$0.74 USD","74","sale","Dreams & Nightmares Case","730","2","35918093691","302028390","4717330486","2","35918093691"
"Dreams & Nightmares Case","Counter-Strike 2","29 Feb","29 Feb","$0.74 USD","74","sale","Dreams & Nightmares Case","730","2","35918112032","0","4717330486","2","35918112032"
"Dreams & Nightmares Case","Counter-Strike 2","29 Feb","29 Feb","$0.74 USD","74","sale","Dreams & Nightmares Case","730","2","35918113613","0","4717330486","2","35918113613"
"Dreams & Nightmares Case","Counter-Strike 2","29 Feb","29 Feb","$0.74 USD","74","sale","Dreams & Nightmares Case","730","2","35918126665","302028390","4717330486","2","35918126665"
"Dreams & Nightmares Case","Counter-Strike 2","29 Feb","29 Feb","$0.74 USD","74","sale","Dreams & Nightmares Case","730","2","35918127989","0","4717330486","2","35918127989"
"Dreams & Nightmares Case","Counter-Strike 2","29 Feb","29 Feb","$0.74 USD","74","sale","Dreams & Nightmares Case","730","2","35918150443","302028390","4717330486","2","35918150443"
"Dreams & Nightmares Case","Counter-Strike 2","29 Feb","29 Feb","$0.74 USD","74","sale","Dreams & Nightmares Case","730","2","35918164343","302028390","4717330486","2","35918164343"
"Dreams & Nightmares Case","Counter-Strike 2","29 Feb","29 Feb","$0.74 USD","74","sale","Dreams & Nightmares Case","730","2","35918164810","302028390","4717330486","2","35918164810"
"Dreams & Nightmares Case","Counter-Strike 2","29 Feb","29 Feb","$0.74 USD","74","sale","Dreams & Nightmares Case","730","2","35918668728","302028390","4717330486","2","35918668728"
"Dreams & Nightmares Case","Counter-Strike 2","29 Feb","29 Feb","$0.74 USD","74","sale","Dreams & Nightmares Case","730","2","35918669627","0","4717330486","2","35918669627"
"Dreams & Nightmares Case","Counter-Strike 2","29 Feb","29 Feb","$0.74 USD","74","sale","Dreams & Nightmares Case","730","2","35918671282","302028390","4717330486","2","35918671282"
"Dreams & Nightmares Case","Counter-Strike 2","29 Feb","29 Feb","$0.74 USD","74","sale","Dreams & Nightmares Case","730","2","35918673161","302028390","4717330486","2","35918673161"
"Dreams & Nightmares Case","Counter-Strike 2","29 Feb","29 Feb","$0.74 USD","74","sale","Dreams & Nightmares Case","730","2","35918683580","302028390","4717330486","2","35918683580"
"Dreams & Nightmares Case","Counter-Strike 2","29 Feb","29 Feb","$0.74 USD","74","sale","Dreams & Nightmares Case","730","2","35918678194","302028390","4717330486","2","35918678194"
"Dreams & Nightmares Case","Counter-Strike 2","29 Feb","29 Feb","$0.74 USD","74","sale","Dreams & Nightmares Case","730","2","35918698411","0","4717330486","2","35918698411"
"Dreams & Nightmares Case","Counter-Strike 2","29 Feb","29 Feb","$0.74 USD","74","sale","Dreams & Nightmares Case","730","2","35918712628","302028390","4717330486","2","35918712628"
"Dreams & Nightmares Case","Counter-Strike 2","18 Feb","18 Feb","$0.70 USD","70","purchase","Dreams & Nightmares Case","730","2","35918654676","302028390","4717330486","2","35918654676"
"Dreams & Nightmares Case","Counter-Strike 2","18 Feb","18 Feb","$0.70 USD","70","purchase","Dreams & Nightmares Case","730","2","27762937458","0","4717330486","2","27762937458"
"Dreams & Nightmares Case","Counter-Strike 2","18 Feb","18 Feb","$0.69 USD","69","purchase","Dreams & Nightmares Case","730","2","35648532466","302028390","4717330486","2","35648532466"
"Dreams & Nightmares Case","Counter-Strike 2","18 Feb","18 Feb","$0.69 USD","69","purchase","Dreams & Nightmares Case","730","2","35918668021","302028390","4717330486","2","35918668021"
"Dreams & Nightmares Case","Counter-Strike 2","18 Feb","18 Feb","$0.70 USD","70","purchase","Dreams & Nightmares Case","730","2","35918668093","302028390","4717330486","2","35918668093"
"Dreams & Nightmares Case","Counter-Strike 2","18 Feb","18 Feb","$0.70 USD","70","purchase","Dreams & Nightmares Case","730","2","35860125389","302028390","4717330486","2","35860125389"
"Dreams & Nightmares Case","Counter-Strike 2","18 Feb","18 Feb","$0.70 USD","70","purchase","Dreams & Nightmares Case","730","2","25067462054","0","4717330486","2","25067462054"
"Dreams & Nightmares Case","Counter-Strike 2","18 Feb","18 Feb","$0.70 USD","70","purchase","Dreams & Nightmares Case","730","2","35871412917","302028390","4717330486","2","35871412917"
"Dreams & Nightmares Case","Counter-Strike 2","18 Feb","18 Feb","$0.70 USD","70","purchase","Dreams & Nightmares Case","730","2","35918654763","302028390","4717330486","2","35918654763"
"Dreams & Nightmares Case","Counter-Strike 2","18 Feb","18 Feb","$0.70 USD","70","purchase","Dreams & Nightmares Case","730","2","35910242697","302028390","4717330486","2","35910242697"
"Dreams & Nightmares Case","Counter-Strike 2","18 Feb","18 Feb","$0.70 USD","70","purchase","Dreams & Nightmares Case","730","2","35915881221","302028390","5725446108","2","35915881221"
"Dreams & Nightmares Case","Counter-Strike 2","18 Feb","18 Feb","$0.70 USD","70","purchase","Dreams & Nightmares Case","730","2","35887748189","302028390","4717330486","2","35887748189"
"Dreams & Nightmares Case","Counter-Strike 2","18 Feb","18 Feb","$0.70 USD","70","purchase","Dreams & Nightmares Case","730","2","35771073592","302028390","4717330486","2","35771073592"
"Dreams & Nightmares Case","Counter-Strike 2","18 Feb","18 Feb","$0.70 USD","70","purchase","Dreams & Nightmares Case","730","2","27512186870","0","4717330486","2","27512186870"
"Dreams & Nightmares Case","Counter-Strike 2","18 Feb","18 Feb","$0.70 USD","70","purchase","Dreams & Nightmares Case","730","2","35847776398","302028390","5718459109","2","35847776398"
"Dreams & Nightmares Case","Counter-Strike 2","18 Feb","18 Feb","$0.70 USD","70","purchase","Dreams & Nightmares Case","730","2","35541794767","302028390","4717330486","2","35541794767"
"Dreams & Nightmares Case","Counter-Strike 2","18 Feb","18 Feb","$0.70 USD","70","purchase","Dreams & Nightmares Case","730","2","35846402388","302028390","4717330486","2","35846402388"
"Dreams & Nightmares Case","Counter-Strike 2","18 Feb","18 Feb","$0.70 USD","70","purchase","Dreams & Nightmares Case","730","2","35918473652","302028390","4717330486","2","35918473652"
"Dreams & Nightmares Case","Counter-Strike 2","18 Feb","18 Feb","$0.70 USD","70","purchase","Dreams & Nightmares Case","730","2","35918466286","302028390","4717330486","2","35918466286"
"Dreams & Nightmares Case","Counter-Strike 2","18 Feb","18 Feb","$0.70 USD","70","purchase","Dreams & Nightmares Case","730","2","35867906373","302028390","4717330486","2","35867906373"
"Dreams & Nightmares Case","Counter-Strike 2","18 Feb","18 Feb","$0.70 USD","70","purchase","Dreams & Nightmares Case","730","2","35889585588","302028390","4717330486","2","35889585588"
"Dreams & Nightmares Case","Counter-Strike 2","18 Feb","18 Feb","$0.70 USD","70","purchase","Dreams & Nightmares Case","730","2","35638640299","302028390","4717330486","2","35638640299"
"Dreams & Nightmares Case","Counter-Strike 2","18 Feb","18 Feb","$0.70 USD","70","purchase","Dreams & Nightmares Case","730","2","35597180088","302028390","4717330486","2","35597180088"
"Dreams & Nightmares Case","Counter-Strike 2","18 Feb","18 Feb","$0.70 USD","70","purchase","Dreams & Nightmares Case","730","2","35918358270","302028390","4717330486","2","35918358270"
"Dreams & Nightmares Case","Counter-Strike 2","18 Feb","18 Feb","$0.69 USD","69","purchase","Dreams & Nightmares Case","730","2","35833356335","302028390","4717330486","2","35833356335"
"Dreams & Nightmares Case","Counter-Strike 2","18 Feb","18 Feb","$0.69 USD","69","purchase","Dreams & Nightmares Case","730","2","35846255622","302028390","4717330486","2","35846255622"
"Dreams & Nightmares Case","Counter-Strike 2","18 Feb","18 Feb","$0.70 USD","70","purchase","Dreams & Nightmares Case","730","2","35918285875","302028390","4717330486","2","35918285875"
"Dreams & Nightmares Case","Counter-Strike 2","18 Feb","18 Feb","$0.70 USD","70","purchase","Dreams & Nightmares Case","730","2","35870069001","302028390","4717330486","2","35870069001"
"Dreams & Nightmares Case","Counter-Strike 2","18 Feb","18 Feb","$0.70 USD","70","purchase","Dreams & Nightmares Case","730","2","35696720180","302028390","4717330486","2","35696720180"
"Dreams & Nightmares Case","Counter-Strike 2","18 Feb","18 Feb","$0.70 USD","70","purchase","Dreams & Nightmares Case","730","2","35574191925","302028390","4717330486","2","35574191925"
"Dreams & Nightmares Case","Counter-Strike 2","18 Feb","18 Feb","$0.70 USD","70","purchase","Dreams & Nightmares Case","730","2","35892322509","302028390","4717330486","2","35892322509"
"Dreams & Nightmares Case","Counter-Strike 2","18 Feb","18 Feb","$0.70 USD","70","purchase","Dreams & Nightmares Case","730","2","35918157244","302028390","4717330486","2","35918157244"
"Dreams & Nightmares Case","Counter-Strike 2","18 Feb","18 Feb","$0.69 USD","69","purchase","Dreams & Nightmares Case","730","2","35918198000","302028390","4717330486","2","35918198000"
"Dreams & Nightmares Case","Counter-Strike 2","18 Feb","18 Feb","$0.70 USD","70","purchase","Dreams & Nightmares Case","730","2","34148216254","302028390","4717330486","2","34148216254"
"Dreams & Nightmares Case","Counter-Strike 2","18 Feb","18 Feb","$0.70 USD","70","purchase","Dreams & Nightmares Case","730","2","35770661404","302028390","4717330486","2","35770661404"
"Dreams & Nightmares Case","Counter-Strike 2","18 Feb","18 Feb","$0.70 USD","70","purchase","Dreams & Nightmares Case","730","2","35918160710","302028390","4717330486","2","35918160710"
"Dreams & Nightmares Case","Counter-Strike 2","18 Feb","18 Feb","$0.69 USD","69","purchase","Dreams & Nightmares Case","730","2","35917456132","0","4717330486","2","35917456132"
"Dreams & Nightmares Case","Counter-Strike 2","18 Feb","18 Feb","$0.70 USD","70","purchase","Dreams & Nightmares Case","730","2","35906382270","302028390","4717330486","2","35906382270"
"Dreams & Nightmares Case","Counter-Strike 2","18 Feb","18 Feb","$0.70 USD","70","purchase","Dreams & Nightmares Case","730","2","35702638566","302028390","4717330486","2","35702638566"
"Dreams & Nightmares Case","Counter-Strike 2","18 Feb","18 Feb","$0.70 USD","70","purchase","Dreams & Nightmares Case","730","2","35911423516","302028390","4717330486","2","35911423516"
"Dreams & Nightmares Case","Counter-Strike 2","18 Feb","18 Feb","$0.70 USD","70","purchase","Dreams & Nightmares Case","730","2","30975157018","0","4717330486","2","30975157018"
"Dreams & Nightmares Case","Counter-Strike 2","18 Feb","18 Feb","$0.70 USD","70","purchase","Dreams & Nightmares Case","730","2","35907881860","302028390","4717330486","2","35907881860"
"Dreams & Nightmares Case","Counter-Strike 2","18 Feb","18 Feb","$0.70 USD","70","purchase","Dreams & Nightmares Case","730","2","30717914300","0","4717330486","2","30717914300"
"Dreams & Nightmares Case","Counter-Strike 2","18 Feb","18 Feb","$0.70 USD","70","purchase","Dreams & Nightmares Case","730","2","30840286123","0","4717330486","2","30840286123"
"Dreams & Nightmares Case","Counter-Strike 2","18 Feb","18 Feb","$0.69 USD","69","purchase","Dreams & Nightmares Case","730","2","34876144457","302028390","4717330486","2","34876144457"
"Dreams & Nightmares Case","Counter-Strike 2","18 Feb","18 Feb","$0.70 USD","70","purchase","Dreams & Nightmares Case","730","2","35918075881","302028390","4717330486","2","35918075881"
"Dreams & Nightmares Case","Counter-Strike 2","18 Feb","18 Feb","$0.70 USD","70","purchase","Dreams & Nightmares Case","730","2","35918032115","302028390","5726970956","2","35918032115"
"Dreams & Nightmares Case","Counter-Strike 2","18 Feb","18 Feb","$0.70 USD","70","purchase","Dreams & Nightmares Case","730","2","35918019241","302028390","4717330486","2","35918019241"
"Dreams & Nightmares Case","Counter-Strike 2","18 Feb","18 Feb","$0.69 USD","69","purchase","Dreams & Nightmares Case","730","2","35917994857","302028390","4717330486","2","35917994857"
"Dreams & Nightmares Case","Counter-Strike 2","18 Feb","18 Feb","$0.69 USD","69","purchase","Dreams & Nightmares Case","730","2","35917930388","302028390","4717330486","2","35917930388"
"Dreams & Nightmares Case","Counter-Strike 2","18 Feb","18 Feb","$0.69 USD","69","purchase","Dreams & Nightmares Case","730","2","35917930944","0","4717330486","2","35917930944"
"Dreams & Nightmares Case","Counter-Strike 2","18 Feb","18 Feb","$0.69 USD","69","purchase","Dreams & Nightmares Case","730","2","35917919294","302028390","4717330486","2","35917919294"
"Dreams & Nightmares Case","Counter-Strike 2","18 Feb","18 Feb","$0.70 USD","70","purchase","Dreams & Nightmares Case","730","2","35917923658","302028390","4717330486","2","35917923658"
"Dreams & Nightmares Case","Counter-Strike 2","18 Feb","18 Feb","$0.70 USD","70","purchase","Dreams & Nightmares Case","730","2","35908851561","302028390","4717330486","2","35908851561"
"Dreams & Nightmares Case","Counter-Strike 2","18 Feb","18 Feb","$0.70 USD","70","purchase","Dreams & Nightmares Case","730","2","33083634664","0","4717330486","2","33083634664"
"Dreams & Nightmares Case","Counter-Strike 2","18 Feb","18 Feb","$0.70 USD","70","purchase","Dreams & Nightmares Case","730","2","29286199477","0","4717330486","2","29286199477"
"Dreams & Nightmares Case","Counter-Strike 2","18 Feb","18 Feb","$0.70 USD","70","purchase","Dreams & Nightmares Case","730","2","30831227456","0","4717330486","2","30831227456"
"Dreams & Nightmares Case","Counter-Strike 2","18 Feb","18 Feb","$0.70 USD","70","purchase","Dreams & Nightmares Case","730","2","29621261509","0","4717330486","2","29621261509"
"Dreams & Nightmares Case","Counter-Strike 2","18 Feb","18 Feb","$0.70 USD","70","purchase","Dreams & Nightmares Case","730","2","29785233477","0","4717330486","2","29785233477"
"Dreams & Nightmares Case","Counter-Strike 2","18 Feb","18 Feb","$0.70 USD","70","purchase","Dreams & Nightmares Case","730","2","35541410695","302028390","4717330486","2","35541410695"
"Dreams & Nightmares Case","Counter-Strike 2","18 Feb","18 Feb","$0.70 USD","70","purchase","Dreams & Nightmares Case","730","2","35366154589","302028390","4717330486","2","35366154589"
"Dreams & Nightmares Case","Counter-Strike 2","18 Feb","18 Feb","$0.70 USD","70","purchase","Dreams & Nightmares Case","730","2","35917847182","302028390","4717330486","2","35917847182"
"Dreams & Nightmares Case","Counter-Strike 2","18 Feb","18 Feb","$0.69 USD","69","purchase","Dreams & Nightmares Case","730","2","35917822876","302028390","4717330486","2","35917822876"
"Dreams & Nightmares Case","Counter-Strike 2","18 Feb","18 Feb","$0.69 USD","69","purchase","Dreams & Nightmares Case","730","2","35687844402","302028390","4717330486","2","35687844402"
"Dreams & Nightmares Case","Counter-Strike 2","18 Feb","18 Feb","$0.70 USD","70","purchase","Dreams & Nightmares Case","730","2","35917794490","302028390","4717330486","2","35917794490"
"Dreams & Nightmares Case","Counter-Strike 2","18 Feb","18 Feb","$0.70 USD","70","purchase","Dreams & Nightmares Case","730","2","35917782590","302028390","4717330486","2","35917782590"
"Dreams & Nightmares Case","Counter-Strike 2","18 Feb","18 Feb","$0.70 USD","70","purchase","Dreams & Nightmares Case","730","2","35636350616","302028390","4717330486","2","35636350616"
"Dreams & Nightmares Case","Counter-Strike 2","18 Feb","18 Feb","$0.69 USD","69","purchase","Dreams & Nightmares Case","730","2","35917786462","302028390","4717330486","2","35917786462"
"Dreams & Nightmares Case","Counter-Strike 2","18 Feb","18 Feb","$0.70 USD","70","purchase","Dreams & Nightmares Case","730","2","34889880100","302028390","4717330486","2","34889880100"
"Dreams & Nightmares Case","Counter-Strike 2","18 Feb","18 Feb","$0.70 USD","70","purchase","Dreams & Nightmares Case","730","2","35917762043","302028390","4717330486","2","35917762043"
"Dreams & Nightmares Case","Counter-Strike 2","18 Feb","18 Feb","$0.70 USD","70","purchase","Dreams & Nightmares Case","730","2","35917767904","302028390","4717330486","2","35917767904"
"Dreams & Nightmares Case","Counter-Strike 2","18 Feb","18 Feb","$0.70 USD","70","purchase","Dreams & Nightmares Case","730","2","35917560325","302028390","5726970956","2","35917560325"
"Dreams & Nightmares Case","Counter-Strike 2","18 Feb","18 Feb","$0.70 USD","70","purchase","Dreams & Nightmares Case","730","2","35917662674","302028390","5726970956","2","35917662674"
"Dreams & Nightmares Case","Counter-Strike 2","18 Feb","18 Feb","$0.70 USD","70","purchase","Dreams & Nightmares Case","730","2","35917560967","302028390","5726970956","2","35917560967"
"Dreams & Nightmares Case","Counter-Strike 2","18 Feb","18 Feb","$0.70 USD","70","purchase","Dreams & Nightmares Case","730","2","35760523831","302028390","4717330486","2","35760523831"
"Dreams & Nightmares Case","Counter-Strike 2","18 Feb","18 Feb","$0.70 USD","70","purchase","Dreams & Nightmares Case","730","2","35917560894","302028390","5726970956","2","35917560894"
"Dreams & Nightmares Case","Counter-Strike 2","18 Feb","18 Feb","$0.70 USD","70","purchase","Dreams & Nightmares Case","730","2","35917560892","302028390","5726970956","2","35917560892"
"Dreams & Nightmares Case","Counter-Strike 2","18 Feb","18 Feb","$0.70 USD","70","purchase","Dreams & Nightmares Case","730","2","35917560881","302028390","5726970956","2","35917560881"
"Dreams & Nightmares Case","Counter-Strike 2","18 Feb","18 Feb","$0.70 USD","70","purchase","Dreams & Nightmares Case","730","2","35917629830","302028390","5726970956","2","35917629830"
"Dreams & Nightmares Case","Counter-Strike 2","18 Feb","18 Feb","$0.70 USD","70","purchase","Dreams & Nightmares Case","730","2","35917560879","302028390","5726970956","2","35917560879"
"Dreams & Nightmares Case","Counter-Strike 2","18 Feb","18 Feb","$0.70 USD","70","purchase","Dreams & Nightmares Case","730","2","35917610197","302028390","4717330486","2","35917610197"
"Dreams & Nightmares Case","Counter-Strike 2","18 Feb","18 Feb","$0.70 USD","70","purchase","Dreams & Nightmares Case","730","2","35917578966","302028390","4717330486","2","35917578966"
"Dreams & Nightmares Case","Counter-Strike 2","18 Feb","18 Feb","$0.70 USD","70","purchase","Dreams & Nightmares Case","730","2","35917575404","302028390","4717330486","2","35917575404"
"Dreams & Nightmares Case","Counter-Strike 2","18 Feb","18 Feb","$0.70 USD","70","purchase","Dreams & Nightmares Case","730","2","31676975624","0","4717330486","2","31676975624"
"Dreams & Nightmares Case","Counter-Strike 2","18 Feb","18 Feb","$0.70 USD","70","purchase","Dreams & Nightmares Case","730","2","32290944691","0","4717330486","2","32290944691"
"Dreams & Nightmares Case","Counter-Strike 2","18 Feb","18 Feb","$0.70 USD","70","purchase","Dreams & Nightmares Case","730","2","35917508810","302028390","4717330486","2","35917508810"
"Dreams & Nightmares Case","Counter-Strike 2","18 Feb","18 Feb","$0.70 USD","70","purchase","Dreams & Nightmares Case","730","2","35917511636","302028390","4717330486","2","35917511636"
"Dreams & Nightmares Case","Counter-Strike 2","18 Feb","18 Feb","$0.70 USD","70","purchase","Dreams & Nightmares Case","730","2","31309515973","0","4717330486","2","31309515973"
"Dreams & Nightmares Case","Counter-Strike 2","18 Feb","18 Feb","$0.70 USD","70","purchase","Dreams & Nightmares Case","730","2","30897097486","0","4717330486","2","30897097486"
"Dreams & Nightmares Case","Counter-Strike 2","18 Feb","18 Feb","$0.70 USD","70","purchase","Dreams & Nightmares Case","730","2","32030022810","0","4717330486","2","32030022810"
"Dreams & Nightmares Case","Counter-Strike 2","18 Feb","18 Feb","$0.70 USD","70","purchase","Dreams & Nightmares Case","730","2","25507695400","0","4717330486","2","25507695400"
"Dreams & Nightmares Case","Counter-Strike 2","18 Feb","18 Feb","$0.70 USD","70","purchase","Dreams & Nightmares Case","730","2","33259265957","0","4717330486","2","33259265957"
"Dreams & Nightmares Case","Counter-Strike 2","18 Feb","18 Feb","$0.70 USD","70","purchase","Dreams & Nightmares Case","730","2","35531592995","302028390","4717330486","2","35531592995"
"Dreams & Nightmares Case","Counter-Strike 2","18 Feb","18 Feb","$0.70 USD","70","purchase","Dreams & Nightmares Case","730","2","35917413060","302028390","4717330486","2","35917413060"
"Dreams & Nightmares Case","Counter-Strike 2","18 Feb","18 Feb","$0.70 USD","70","purchase","Dreams & Nightmares Case","730","2","35917386858","302028390","4717330486","2","35917386858"
"Dreams & Nightmares Case","Counter-Strike 2","18 Feb","18 Feb","$0.70 USD","70","purchase","Dreams & Nightmares Case","730","2","35917123774","302028390","4717330486","2","35917123774"
"Dreams & Nightmares Case","Counter-Strike 2","18 Feb","18 Feb","$0.70 USD","70","purchase","Dreams & Nightmares Case","730","2","35855582764","302028390","4717330486","2","35855582764"
"Dreams & Nightmares Case","Counter-Strike 2","18 Feb","18 Feb","$0.70 USD","70","purchase","Dreams & Nightmares Case","730","2","34051103923","0","4717330486","2","34051103923"
"Dreams & Nightmares Case","Counter-Strike 2","18 Feb","18 Feb","$0.70 USD","70","purchase","Dreams & Nightmares Case","730","2","35916784858","302028390","4717330486","2","35916784858"
"Dreams & Nightmares Case","Counter-Strike 2","18 Feb","18 Feb","$0.70 USD","70","purchase","Dreams & Nightmares Case","730","2","35917167655","302028390","4717330486","2","35917167655"
"Dreams & Nightmares Case","Counter-Strike 2","18 Feb","18 Feb","$0.70 USD","70","purchase","Dreams & Nightmares Case","730","2","35799362225","0","5718459109","2","35799362225"
"Dreams & Nightmares Case","Counter-Strike 2","18 Feb","18 Feb","$0.70 USD","70","purchase","Dreams & Nightmares Case","730","2","35916979099","302028390","4717330486","2","35916979099"
"Dreams & Nightmares Case","Counter-Strike 2","18 Feb","18 Feb","$0.70 USD","70","purchase","Dreams & Nightmares Case","730","2","33922588796","0","4717330486","2","33922588796"
"Dreams & Nightmares Case","Counter-Strike 2","18 Feb","18 Feb","$0.70 USD","70","purchase","Dreams & Nightmares Case","730","2","34758945172","302028390","4717330486","2","34758945172"
"Dreams & Nightmares Case","Counter-Strike 2","18 Feb","18 Feb","$0.70 USD","70","purchase","Dreams & Nightmares Case","730","2","35888076909","302028390","4717330486","2","35888076909"
"Dreams & Nightmares Case","Counter-Strike 2","18 Feb","18 Feb","$0.70 USD","70","purchase","Dreams & Nightmares Case","730","2","35773364702","302028390","4717330486","2","35773364702"
"Dreams & Nightmares Case","Counter-Strike 2","18 Feb","18 Feb","$0.70 USD","70","purchase","Dreams & Nightmares Case","730","2","33438702865","0","4717330486","2","33438702865"
"Dreams & Nightmares Case","Counter-Strike 2","18 Feb","18 Feb","$0.70 USD","70","purchase","Dreams & Nightmares Case","730","2","35817710933","302028390","4717330486","2","35817710933"
"Dreams & Nightmares Case","Counter-Strike 2","18 Feb","18 Feb","$0.70 USD","70","purchase","Dreams & Nightmares Case","730","2","29247291187","0","4717330486","2","29247291187"
"Dreams & Nightmares Case","Counter-Strike 2","18 Feb","18 Feb","$0.70 USD","70","purchase","Dreams & Nightmares Case","730","2","30708041694","0","4717330486","2","30708041694"
"Dreams & Nightmares Case","Counter-Strike 2","18 Feb","18 Feb","$0.70 USD","70","purchase","Dreams & Nightmares Case","730","2","34017132432","302028390","4717330486","2","34017132432"
"Dreams & Nightmares Case","Counter-Strike 2","18 Feb","18 Feb","$0.70 USD","70","purchase","Dreams & Nightmares Case","730","2","35767908501","302028390","4717330486","2","35767908501"
"Dreams & Nightmares Case","Counter-Strike 2","18 Feb","18 Feb","$0.70 USD","70","purchase","Dreams & Nightmares Case","730","2","35902424755","302028390","4717330486","2","35902424755"
"Dreams & Nightmares Case","Counter-Strike 2","17 Feb","17 Feb","$0.70 USD","70","purchase","Dreams & Nightmares Case","730","2","35907571705","302028390","4717330486","2","35907571705"
"Dreams & Nightmares Case","Counter-Strike 2","17 Feb","17 Feb","$0.70 USD","70","purchase","Dreams & Nightmares Case","730","2","35870313336","302028390","4717330486","2","35870313336"
"Dreams & Nightmares Case","Counter-Strike 2","17 Feb","17 Feb","$0.70 USD","70","purchase","Dreams & Nightmares Case","730","2","35877612900","302028390","5722467362","2","35877612900"
"Dreams & Nightmares Case","Counter-Strike 2","17 Feb","17 Feb","$0.70 USD","70","purchase","Dreams & Nightmares Case","730","2","35907526263","302028390","4717330486","2","35907526263"
"Dreams & Nightmares Case","Counter-Strike 2","17 Feb","17 Feb","$0.70 USD","70","purchase","Dreams & Nightmares Case","730","2","35907518734","302028390","5725446108","2","35907518734"
"Dreams & Nightmares Case","Counter-Strike 2","17 Feb","17 Feb","$0.70 USD","70","purchase","Dreams & Nightmares Case","730","2","35891721901","302028390","4717330486","2","35891721901"
"Dreams & Nightmares Case","Counter-Strike 2","17 Feb","17 Feb","$0.70 USD","70","purchase","Dreams & Nightmares Case","730","2","35907488092","302028390","4717330486","2","35907488092"
"Dreams & Nightmares Case","Counter-Strike 2","17 Feb","17 Feb","$0.70 USD","70","purchase","Dreams & Nightmares Case","730","2","35705613325","302028390","4717330486","2","35705613325"
"Dreams & Nightmares Case","Counter-Strike 2","17 Feb","17 Feb","$0.70 USD","70","purchase","Dreams & Nightmares Case","730","2","34591278084","302028390","4717330486","2","34591278084"
"Dreams & Nightmares Case","Counter-Strike 2","17 Feb","17 Feb","$0.70 USD","70","purchase","Dreams & Nightmares Case","730","2","35907461921","302028390","4717330486","2","35907461921"
"Dreams & Nightmares Case","Counter-Strike 2","17 Feb","17 Feb","$0.70 USD","70","purchase","Dreams & Nightmares Case","730","2","35488319755","302028390","4717330486","2","35488319755"
"Dreams & Nightmares Case","Counter-Strike 2","17 Feb","17 Feb","$0.70 USD","70","purchase","Dreams & Nightmares Case","730","2","35890741089","302028390","4717330486","2","35890741089"
"Dreams & Nightmares Case","Counter-Strike 2","17 Feb","17 Feb","$0.70 USD","70","purchase","Dreams & Nightmares Case","730","2","35869855300","302028390","4717330486","2","35869855300"
"Dreams & Nightmares Case","Counter-Strike 2","17 Feb","17 Feb","$0.70 USD","70","purchase","Dreams & Nightmares Case","730","2","34809095174","302028390","4717330486","2","34809095174"
"Dreams & Nightmares Case","Counter-Strike 2","17 Feb","17 Feb","$0.70 USD","70","purchase","Dreams & Nightmares Case","730","2","35771110854","302028390","4717330486","2","35771110854"
"Dreams & Nightmares Case","Counter-Strike 2","17 Feb","17 Feb","$0.70 USD","70","purchase","Dreams & Nightmares Case","730","2","35851623065","302028390","4717330486","2","35851623065"
"Dreams & Nightmares Case","Counter-Strike 2","17 Feb","17 Feb","$0.70 USD","70","purchase","Dreams & Nightmares Case","730","2","35907404701","302028390","4717330486","2","35907404701"
"Dreams & Nightmares Case","Counter-Strike 2","17 Feb","17 Feb","$0.70 USD","70","purchase","Dreams & Nightmares Case","730","2","35907391810","302028390","4717330486","2","35907391810"
"Dreams & Nightmares Case","Counter-Strike 2","17 Feb","17 Feb","$0.70 USD","70","purchase","Dreams & Nightmares Case","730","2","35906916879","302028390","4717330486","2","35906916879"
"Dreams & Nightmares Case","Counter-Strike 2","17 Feb","17 Feb","$0.70 USD","70","purchase","Dreams & Nightmares Case","730","2","31373965068","0","4717330486","2","31373965068"
"Dreams & Nightmares Case","Counter-Strike 2","17 Feb","17 Feb","$0.70 USD","70","purchase","Dreams & Nightmares Case","730","2","29270522207","0","4717330486","2","29270522207"
"Dreams & Nightmares Case","Counter-Strike 2","17 Feb","17 Feb","$0.70 USD","70","purchase","Dreams & Nightmares Case","730","2","35907273670","302028390","4717330486","2","35907273670"
"Dreams & Nightmares Case","Counter-Strike 2","17 Feb","17 Feb","$0.70 USD","70","purchase","Dreams & Nightmares Case","730","2","29534905448","0","4717330486","2","29534905448"
"Dreams & Nightmares Case","Counter-Strike 2","17 Feb","17 Feb","$0.70 USD","70","purchase","Dreams & Nightmares Case","730","2","35906709728","302028390","4717330486","2","35906709728"
"Dreams & Nightmares Case","Counter-Strike 2","17 Feb","17 Feb","$0.70 USD","70","purchase","Dreams & Nightmares Case","730","2","35907330854","302028390","4717330486","2","35907330854"
"Dreams & Nightmares Case","Counter-Strike 2","17 Feb","17 Feb","$0.70 USD","70","purchase","Dreams & Nightmares Case","730","2","35907331126","302028390","4717330486","2","35907331126"
"Dreams & Nightmares Case","Counter-Strike 2","17 Feb","17 Feb","$0.70 USD","70","purchase","Dreams & Nightmares Case","730","2","35300963775","302028390","4717330486","2","35300963775"
"Dreams & Nightmares Case","Counter-Strike 2","17 Feb","17 Feb","$0.70 USD","70","purchase","Dreams & Nightmares Case","730","2","35890575340","302028390","4717330486","2","35890575340"
"Dreams & Nightmares Case","Counter-Strike 2","17 Feb","17 Feb","$0.70 USD","70","purchase","Dreams & Nightmares Case","730","2","35291602166","302028390","4717330486","2","35291602166"
"Dreams & Nightmares Case","Counter-Strike 2","17 Feb","17 Feb","$0.70 USD","70","purchase","Dreams & Nightmares Case","730","2","30575078678","0","4717330486","2","30575078678"
"Dreams & Nightmares Case","Counter-Strike 2","17 Feb","17 Feb","$0.70 USD","70","purchase","Dreams & Nightmares Case","730","2","31658830640","0","4717330486","2","31658830640"
"Dreams & Nightmares Case","Counter-Strike 2","17 Feb","17 Feb","$0.70 USD","70","purchase","Dreams & Nightmares Case","730","2","35907306145","302028390","4717330486","2","35907306145"
"Dreams & Nightmares Case","Counter-Strike 2","17 Feb","17 Feb","$0.70 USD","70","purchase","Dreams & Nightmares Case","730","2","35907292151","302028390","4717330486","2","35907292151"
"Dreams & Nightmares Case","Counter-Strike 2","17 Feb","17 Feb","$0.70 USD","70","purchase","Dreams & Nightmares Case","730","2","35902596068","302028390","4717330486","2","35902596068"
"Dreams & Nightmares Case","Counter-Strike 2","17 Feb","17 Feb","$0.70 USD","70","purchase","Dreams & Nightmares Case","730","2","32772845555","0","4717330486","2","32772845555"
"Dreams & Nightmares Case","Counter-Strike 2","17 Feb","17 Feb","$0.70 USD","70","purchase","Dreams & Nightmares Case","730","2","35700624492","302028390","4717330486","2","35700624492"
"Rio 2022 Dust II Souvenir Package","Counter-Strike 2","16 Feb","16 Feb","$4.22 USD","422","sale","Rio 2022 Dust II Souvenir Package","730","2","28698345972","236997301","5074353838","2","28698345972"
"Rio 2022 Dust II Souvenir Package","Counter-Strike 2","16 Feb","16 Feb","$4.22 USD","422","sale","Rio 2022 Dust II Souvenir Package","730","2","28698344465","236997301","5074353838","2","28698344465"
"Rio 2022 Dust II Souvenir Package","Counter-Strike 2","16 Feb","16 Feb","$4.22 USD","422","sale","Rio 2022 Dust II Souvenir Package","730","2","28698345188","236997301","5074353838","2","28698345188"
"Rio 2022 Dust II Souvenir Package","Counter-Strike 2","16 Feb","16 Feb","$4.19 USD","419","sale","Rio 2022 Dust II Souvenir Package","730","2","28698360213","236997301","5074353838","2","28698360213"
"Rio 2022 Dust II Souvenir Package","Counter-Strike 2","16 Feb","16 Feb","$4.19 USD","419","sale","Rio 2022 Dust II Souvenir Package","730","2","28698356208","236997301","5074353838","2","28698356208"
"Rio 2022 Dust II Souvenir Package","Counter-Strike 2","16 Feb","16 Feb","$4.19 USD","419","sale","Rio 2022 Dust II Souvenir Package","730","2","28698357799","236997301","5074353838","2","28698357799"
"Rio 2022 Dust II Souvenir Package","Counter-Strike 2","16 Feb","16 Feb","$4.19 USD","419","sale","Rio 2022 Dust II Souvenir Package","730","2","28698359682","236997301","5074353838","2","28698359682"
"Rio 2022 Dust II Souvenir Package","Counter-Strike 2","16 Feb","16 Feb","$4.19 USD","419","sale","Rio 2022 Dust II Souvenir Package","730","2","28698357319","236997301","5074353838","2","28698357319"
"Rio 2022 Dust II Souvenir Package","Counter-Strike 2","16 Feb","16 Feb","$4.19 USD","419","sale","Rio 2022 Dust II Souvenir Package","730","2","28698354234","236997301","5074353838","2","28698354234"
"Rio 2022 Dust II Souvenir Package","Counter-Strike 2","16 Feb","16 Feb","$4.19 USD","419","sale","Rio 2022 Dust II Souvenir Package","730","2","28698352570","236997301","5074353838","2","28698352570"
"Rio 2022 Dust II Souvenir Package","Counter-Strike 2","16 Feb","16 Feb","$4.19 USD","419","sale","Rio 2022 Dust II Souvenir Package","730","2","28698350508","236997301","5074353838","2","28698350508"
"Rio 2022 Dust II Souvenir Package","Counter-Strike 2","16 Feb","16 Feb","$4.19 USD","419","sale","Rio 2022 Dust II Souvenir Package","730","2","28698360984","236997301","5074353838","2","28698360984"
"Rio 2022 Dust II Souvenir Package","Counter-Strike 2","16 Feb","16 Feb","$4.19 USD","419","sale","Rio 2022 Dust II Souvenir Package","730","2","28698351111","236997301","5074353838","2","28698351111"
"Rio 2022 Dust II Souvenir Package","Counter-Strike 2","16 Feb","16 Feb","$4.19 USD","419","sale","Rio 2022 Dust II Souvenir Package","730","2","28698355264","236997301","5074353838","2","28698355264"
"Rio 2022 Dust II Souvenir Package","Counter-Strike 2","16 Feb","16 Feb","$4.19 USD","419","sale","Rio 2022 Dust II Souvenir Package","730","2","28698356834","236997301","5074353838","2","28698356834"
"Rio 2022 Dust II Souvenir Package","Counter-Strike 2","16 Feb","16 Feb","$4.19 USD","419","sale","Rio 2022 Dust II Souvenir Package","730","2","28698358515","236997301","5074353838","2","28698358515"
"Rio 2022 Dust II Souvenir Package","Counter-Strike 2","16 Feb","16 Feb","$4.19 USD","419","sale","Rio 2022 Dust II Souvenir Package","730","2","28698349900","236997301","5074353838","2","28698349900"
"Rio 2022 Dust II Souvenir Package","Counter-Strike 2","16 Feb","16 Feb","$4.13 USD","413","sale","Rio 2022 Dust II Souvenir Package","730","2","28698343852","236997301","5074353838","2","28698343852"
"Rio 2022 Dust II Souvenir Package","Counter-Strike 2","16 Feb","16 Feb","$4.13 USD","413","sale","Rio 2022 Dust II Souvenir Package","730","2","28698346731","236997301","5074353838","2","28698346731"
"Rio 2022 Dust II Souvenir Package","Counter-Strike 2","16 Feb","16 Feb","$4.13 USD","413","sale","Rio 2022 Dust II Souvenir Package","730","2","28698359137","236997301","5074353838","2","28698359137"
"Rio 2022 Dust II Souvenir Package","Counter-Strike 2","16 Feb","16 Feb","$4.13 USD","413","sale","Rio 2022 Dust II Souvenir Package","730","2","28698347337","236997301","5074353838","2","28698347337"
"Rio 2022 Dust II Souvenir Package","Counter-Strike 2","16 Feb","16 Feb","$4.19 USD","419","sale","Rio 2022 Dust II Souvenir Package","730","2","28698354851","236997301","5074353838","2","28698354851"
"Rio 2022 Dust II Souvenir Package","Counter-Strike 2","16 Feb","16 Feb","$4.19 USD","419","sale","Rio 2022 Dust II Souvenir Package","730","2","28698351868","236997301","5074353838","2","28698351868"
"Rio 2022 Dust II Souvenir Package","Counter-Strike 2","16 Feb","16 Feb","$4.19 USD","419","sale","Rio 2022 Dust II Souvenir Package","730","2","28698353627","236997301","5074353838","2","28698353627"
"Rio 2022 Dust II Souvenir Package","Counter-Strike 2","16 Feb","16 Feb","$4.19 USD","419","sale","Rio 2022 Dust II Souvenir Package","730","2","28698361708","236997301","5074353838","2","28698361708"
"Dreams & Nightmares Case","Counter-Strike 2","8 Feb","8 Feb","$0.66 USD","66","purchase","Dreams & Nightmares Case","730","2","35718492276","302028390","5712337313","2","35718492276"
"Dreams & Nightmares Case","Counter-Strike 2","8 Feb","8 Feb","$0.66 USD","66","purchase","Dreams & Nightmares Case","730","2","35718527348","302028390","5712337313","2","35718527348"
"Dreams & Nightmares Case","Counter-Strike 2","8 Feb","8 Feb","$0.66 USD","66","purchase","Dreams & Nightmares Case","730","2","35718526389","302028390","5712337313","2","35718526389"
"Dreams & Nightmares Case","Counter-Strike 2","8 Feb","8 Feb","$0.66 USD","66","purchase","Dreams & Nightmares Case","730","2","35718684097","302028390","5708402687","2","35718684097"
"Dreams & Nightmares Case","Counter-Strike 2","8 Feb","8 Feb","$0.66 USD","66","purchase","Dreams & Nightmares Case","730","2","35718584749","302028390","5712337313","2","35718584749"
"Dreams & Nightmares Case","Counter-Strike 2","8 Feb","8 Feb","$0.66 USD","66","purchase","Dreams & Nightmares Case","730","2","35718684661","0","5708402687","2","35718684661"
"Dreams & Nightmares Case","Counter-Strike 2","8 Feb","8 Feb","$0.66 USD","66","purchase","Dreams & Nightmares Case","730","2","35718685132","0","5708402687","2","35718685132"
"Dreams & Nightmares Case","Counter-Strike 2","8 Feb","8 Feb","$0.66 USD","66","purchase","Dreams & Nightmares Case","730","2","35718685642","302028390","5708402687","2","35718685642"
"Dreams & Nightmares Case","Counter-Strike 2","8 Feb","8 Feb","$0.66 USD","66","purchase","Dreams & Nightmares Case","730","2","35718686008","0","5708402687","2","35718686008"
"Dreams & Nightmares Case","Counter-Strike 2","8 Feb","8 Feb","$0.66 USD","66","purchase","Dreams & Nightmares Case","730","2","35718695118","302028390","5712337313","2","35718695118"
"Dreams & Nightmares Case","Counter-Strike 2","8 Feb","8 Feb","$0.66 USD","66","purchase","Dreams & Nightmares Case","730","2","35718686534","302028390","5708402687","2","35718686534"
"Dreams & Nightmares Case","Counter-Strike 2","8 Feb","8 Feb","$0.66 USD","66","purchase","Dreams & Nightmares Case","730","2","35718687518","302028390","5708402687","2","35718687518"
"Dreams & Nightmares Case","Counter-Strike 2","8 Feb","8 Feb","$0.66 USD","66","purchase","Dreams & Nightmares Case","730","2","35718695090","302028390","5712337313","2","35718695090"
"Dreams & Nightmares Case","Counter-Strike 2","8 Feb","8 Feb","$0.66 USD","66","purchase","Dreams & Nightmares Case","730","2","35718695161","302028390","5712337313","2","35718695161"
"Kilowatt Case","Counter-Strike 2","8 Feb","8 Feb","$8.53 USD","853","sale","Kilowatt Case","730","2","35718688058","302028390","5710094579","2","35718688058"
"Dreams & Nightmares Case","Counter-Strike 2","7 Feb","7 Feb","$0.66 USD","66","purchase","Dreams & Nightmares Case","730","2","25335679916","0","4717330486","2","25335679916"
"Dreams & Nightmares Case","Counter-Strike 2","7 Feb","7 Feb","$0.66 USD","66","purchase","Dreams & Nightmares Case","730","2","35682646178","302028390","4717330486","2","35682646178"
"Dreams & Nightmares Case","Counter-Strike 2","7 Feb","7 Feb","$0.66 USD","66","purchase","Dreams & Nightmares Case","730","2","35690987773","302028390","4717330486","2","35690987773"
"Dreams & Nightmares Case","Counter-Strike 2","7 Feb","7 Feb","$0.66 USD","66","purchase","Dreams & Nightmares Case","730","2","35561905291","302028390","4717330486","2","35561905291"
"Dreams & Nightmares Case","Counter-Strike 2","7 Feb","7 Feb","$0.66 USD","66","purchase","Dreams & Nightmares Case","730","2","35691164587","302028390","4717330486","2","35691164587"
"Dreams & Nightmares Case","Counter-Strike 2","7 Feb","7 Feb","$0.66 USD","66","purchase","Dreams & Nightmares Case","730","2","35034988014","302028390","4717330486","2","35034988014"
"Dreams & Nightmares Case","Counter-Strike 2","7 Feb","7 Feb","$0.66 USD","66","purchase","Dreams & Nightmares Case","730","2","35691148493","302028390","4717330486","2","35691148493"
"Dreams & Nightmares Case","Counter-Strike 2","7 Feb","7 Feb","$0.66 USD","66","purchase","Dreams & Nightmares Case","730","2","35226445719","302028390","4717330486","2","35226445719"
"Dreams & Nightmares Case","Counter-Strike 2","7 Feb","7 Feb","$0.66 USD","66","purchase","Dreams & Nightmares Case","730","2","35522055681","302028390","4717330486","2","35522055681"
"Dreams & Nightmares Case","Counter-Strike 2","7 Feb","7 Feb","$0.66 USD","66","purchase","Dreams & Nightmares Case","730","2","35598944680","302028390","4717330486","2","35598944680"
"Dreams & Nightmares Case","Counter-Strike 2","7 Feb","7 Feb","$0.66 USD","66","purchase","Dreams & Nightmares Case","730","2","35598276208","302028390","4717330486","2","35598276208"
"Dreams & Nightmares Case","Counter-Strike 2","7 Feb","7 Feb","$0.66 USD","66","purchase","Dreams & Nightmares Case","730","2","35691138606","302028390","4717330486","2","35691138606"
"Dreams & Nightmares Case","Counter-Strike 2","7 Feb","7 Feb","$0.66 USD","66","purchase","Dreams & Nightmares Case","730","2","35691135157","302028390","4717330486","2","35691135157"
"Dreams & Nightmares Case","Counter-Strike 2","7 Feb","7 Feb","$0.66 USD","66","purchase","Dreams & Nightmares Case","730","2","35691127799","302028390","4717330486","2","35691127799"
"Dreams & Nightmares Case","Counter-Strike 2","7 Feb","7 Feb","$0.66 USD","66","purchase","Dreams & Nightmares Case","730","2","35691122035","302028390","4717330486","2","35691122035"
"Dreams & Nightmares Case","Counter-Strike 2","7 Feb","7 Feb","$0.66 USD","66","purchase","Dreams & Nightmares Case","730","2","35691129098","302028390","4717330486","2","35691129098"
"Dreams & Nightmares Case","Counter-Strike 2","7 Feb","7 Feb","$0.66 USD","66","purchase","Dreams & Nightmares Case","730","2","35605750819","302028390","4717330486","2","35605750819"
"Dreams & Nightmares Case","Counter-Strike 2","7 Feb","7 Feb","$0.66 USD","66","purchase","Dreams & Nightmares Case","730","2","35691122689","302028390","4717330486","2","35691122689"
"Dreams & Nightmares Case","Counter-Strike 2","7 Feb","7 Feb","$0.66 USD","66","purchase","Dreams & Nightmares Case","730","2","35690287586","302028390","4717330486","2","35690287586"
"Dreams & Nightmares Case","Counter-Strike 2","7 Feb","7 Feb","$0.66 USD","66","purchase","Dreams & Nightmares Case","730","2","35691112901","302028390","4717330486","2","35691112901"
"Rio 2022 Contenders Sticker Capsule","Counter-Strike 2","28 Jan","7 Feb","$0.40 USD","40","sale","Rio 2022 Contenders Sticker Capsule","730","2","28017154464","143865972","5051655060","2","28017154464"
"Rio 2022 Contenders Sticker Capsule","Counter-Strike 2","28 Jan","7 Feb","$0.40 USD","40","sale","Rio 2022 Contenders Sticker Capsule","730","2","28017154460","143865972","5051655060","2","28017154460"
"Rio 2022 Contenders Sticker Capsule","Counter-Strike 2","28 Jan","7 Feb","$0.40 USD","40","sale","Rio 2022 Contenders Sticker Capsule","730","2","28017154465","143865972","5051655060","2","28017154465"
"Rio 2022 Contenders Sticker Capsule","Counter-Strike 2","28 Jan","7 Feb","$0.40 USD","40","sale","Rio 2022 Contenders Sticker Capsule","730","2","28017154466","143865972","5051655060","2","28017154466"
"Rio 2022 Contenders Sticker Capsule","Counter-Strike 2","28 Jan","7 Feb","$0.40 USD","40","sale","Rio 2022 Contenders Sticker Capsule","730","2","28017154467","143865972","5051655060","2","28017154467"
"Rio 2022 Contenders Sticker Capsule","Counter-Strike 2","28 Jan","7 Feb","$0.40 USD","40","sale","Rio 2022 Contenders Sticker Capsule","730","2","28017154462","143865972","5051655060","2","28017154462"
"Rio 2022 Contenders Sticker Capsule","Counter-Strike 2","28 Jan","7 Feb","$0.40 USD","40","sale","Rio 2022 Contenders Sticker Capsule","730","2","28017154461","143865972","5051655060","2","28017154461"
"Rio 2022 Contenders Sticker Capsule","Counter-Strike 2","28 Jan","7 Feb","$0.40 USD","40","sale","Rio 2022 Contenders Sticker Capsule","730","2","28017154463","143865972","5051655060","2","28017154463"
"Rio 2022 Contenders Sticker Capsule","Counter-Strike 2","28 Jan","7 Feb","$0.40 USD","40","sale","Rio 2022 Contenders Sticker Capsule","730","2","28017154456","143865972","5051655060","2","28017154456"
"Rio 2022 Contenders Sticker Capsule","Counter-Strike 2","28 Jan","7 Feb","$0.40 USD","40","sale","Rio 2022 Contenders Sticker Capsule","730","2","28017154457","143865972","5051655060","2","28017154457"
"Rio 2022 Contenders Sticker Capsule","Counter-Strike 2","28 Jan","7 Feb","$0.40 USD","40","sale","Rio 2022 Contenders Sticker Capsule","730","2","28017154458","143865972","5051655060","2","28017154458"
"Rio 2022 Contenders Sticker Capsule","Counter-Strike 2","28 Jan","7 Feb","$0.40 USD","40","sale","Rio 2022 Contenders Sticker Capsule","730","2","28017154459","143865972","5051655060","2","28017154459"
"Rio 2022 Contenders Sticker Capsule","Counter-Strike 2","28 Jan","7 Feb","$0.40 USD","40","sale","Rio 2022 Contenders Sticker Capsule","730","2","28017154455","143865972","5051655060","2","28017154455"
"Rio 2022 Contenders Sticker Capsule","Counter-Strike 2","28 Jan","7 Feb","$0.40 USD","40","sale","Rio 2022 Contenders Sticker Capsule","730","2","28017152773","143865972","5051655060","2","28017152773"
"Rio 2022 Contenders Sticker Capsule","Counter-Strike 2","28 Jan","7 Feb","$0.40 USD","40","sale","Rio 2022 Contenders Sticker Capsule","730","2","28017152774","143865972","5051655060","2","28017152774"
"Rio 2022 Contenders Sticker Capsule","Counter-Strike 2","28 Jan","7 Feb","$0.40 USD","40","sale","Rio 2022 Contenders Sticker Capsule","730","2","28017152775","143865972","5051655060","2","28017152775"
"Rio 2022 Contenders Sticker Capsule","Counter-Strike 2","28 Jan","7 Feb","$0.40 USD","40","sale","Rio 2022 Contenders Sticker Capsule","730","2","28017152776","143865972","5051655060","2","28017152776"
"Rio 2022 Contenders Sticker Capsule","Counter-Strike 2","28 Jan","7 Feb","$0.40 USD","40","sale","Rio 2022 Contenders Sticker Capsule","730","2","28017152777","143865972","5051655060","2","28017152777"
"Rio 2022 Contenders Sticker Capsule","Counter-Strike 2","28 Jan","7 Feb","$0.40 USD","40","sale","Rio 2022 Contenders Sticker Capsule","730","2","28017154452","143865972","5051655060","2","28017154452"
"Rio 2022 Contenders Sticker Capsule","Counter-Strike 2","28 Jan","7 Feb","$0.40 USD","40","sale","Rio 2022 Contenders Sticker Capsule","730","2","28017154453","143865972","5051655060","2","28017154453"
"Rio 2022 Contenders Sticker Capsule","Counter-Strike 2","28 Jan","7 Feb","$0.40 USD","40","sale","Rio 2022 Contenders Sticker Capsule","730","2","28017154454","143865972","5051655060","2","28017154454"
"Rio 2022 Contenders Sticker Capsule","Counter-Strike 2","28 Jan","7 Feb","$0.40 USD","40","sale","Rio 2022 Contenders Sticker Capsule","730","2","28017154468","143865972","5051655060","2","28017154468"
"Rio 2022 Contenders Sticker Capsule","Counter-Strike 2","28 Jan","7 Feb","$0.40 USD","40","sale","Rio 2022 Contenders Sticker Capsule","730","2","28017154469","143865972","5051655060","2","28017154469"
"Rio 2022 Contenders Sticker Capsule","Counter-Strike 2","28 Jan","7 Feb","$0.40 USD","40","sale","Rio 2022 Contenders Sticker Capsule","730","2","28017154470","143865972","5051655060","2","28017154470"
"Rio 2022 Contenders Sticker Capsule","Counter-Strike 2","28 Jan","7 Feb","$0.40 USD","40","sale","Rio 2022 Contenders Sticker Capsule","730","2","28017155816","143865972","5051655060","2","28017155816"
"Rio 2022 Contenders Sticker Capsule","Counter-Strike 2","28 Jan","7 Feb","$0.40 USD","40","sale","Rio 2022 Contenders Sticker Capsule","730","2","28017155815","143865972","5051655060","2","28017155815"
"Rio 2022 Contenders Sticker Capsule","Counter-Strike 2","28 Jan","7 Feb","$0.40 USD","40","sale","Rio 2022 Contenders Sticker Capsule","730","2","28017154471","143865972","5051655060","2","28017154471"
"Rio 2022 Contenders Sticker Capsule","Counter-Strike 2","28 Jan","7 Feb","$0.40 USD","40","sale","Rio 2022 Contenders Sticker Capsule","730","2","28017155817","143865972","5051655060","2","28017155817"
"Rio 2022 Contenders Sticker Capsule","Counter-Strike 2","28 Jan","7 Feb","$0.40 USD","40","sale","Rio 2022 Contenders Sticker Capsule","730","2","28017155824","143865972","5051655060","2","28017155824"
"Rio 2022 Contenders Sticker Capsule","Counter-Strike 2","28 Jan","7 Feb","$0.40 USD","40","sale","Rio 2022 Contenders Sticker Capsule","730","2","28017158447","143865972","5051655060","2","28017158447"
"Rio 2022 Contenders Sticker Capsule","Counter-Strike 2","28 Jan","7 Feb","$0.40 USD","40","sale","Rio 2022 Contenders Sticker Capsule","730","2","28017158446","143865972","5051655060","2","28017158446"
"Rio 2022 Contenders Sticker Capsule","Counter-Strike 2","28 Jan","7 Feb","$0.40 USD","40","sale","Rio 2022 Contenders Sticker Capsule","730","2","28017155818","143865972","5051655060","2","28017155818"
"Rio 2022 Contenders Sticker Capsule","Counter-Strike 2","28 Jan","7 Feb","$0.40 USD","40","sale","Rio 2022 Contenders Sticker Capsule","730","2","28017155825","143865972","5051655060","2","28017155825"
"Rio 2022 Contenders Sticker Capsule","Counter-Strike 2","28 Jan","7 Feb","$0.40 USD","40","sale","Rio 2022 Contenders Sticker Capsule","730","2","28017158448","143865972","5051655060","2","28017158448"
"Rio 2022 Contenders Sticker Capsule","Counter-Strike 2","28 Jan","7 Feb","$0.40 USD","40","sale","Rio 2022 Contenders Sticker Capsule","730","2","28017158449","143865972","5051655060","2","28017158449"
"Rio 2022 Challengers Sticker Capsule","Counter-Strike 2","28 Jan","28 Jan","$0.32 USD","32","sale","Rio 2022 Challengers Sticker Capsule","730","2","28017162116","143865972","5051655065","2","28017162116"
"Rio 2022 Challengers Sticker Capsule","Counter-Strike 2","28 Jan","28 Jan","$0.32 USD","32","sale","Rio 2022 Challengers Sticker Capsule","730","2","28017162126","143865972","5051655065","2","28017162126"
"Rio 2022 Challengers Sticker Capsule","Counter-Strike 2","28 Jan","28 Jan","$0.32 USD","32","sale","Rio 2022 Challengers Sticker Capsule","730","2","28017162125","143865972","5051655065","2","28017162125"
"Rio 2022 Challengers Sticker Capsule","Counter-Strike 2","28 Jan","28 Jan","$0.32 USD","32","sale","Rio 2022 Challengers Sticker Capsule","730","2","28017162124","143865972","5051655065","2","28017162124"
"Rio 2022 Challengers Sticker Capsule","Counter-Strike 2","28 Jan","28 Jan","$0.32 USD","32","sale","Rio 2022 Challengers Sticker Capsule","730","2","28017162115","143865972","5051655065","2","28017162115"
"Rio 2022 Challengers Sticker Capsule","Counter-Strike 2","28 Jan","28 Jan","$0.32 USD","32","sale","Rio 2022 Challengers Sticker Capsule","730","2","28017162117","143865972","5051655065","2","28017162117"
"Rio 2022 Challengers Sticker Capsule","Counter-Strike 2","28 Jan","28 Jan","$0.32 USD","32","sale","Rio 2022 Challengers Sticker Capsule","730","2","28017162119","143865972","5051655065","2","28017162119"
"Rio 2022 Challengers Sticker Capsule","Counter-Strike 2","28 Jan","28 Jan","$0.32 USD","32","sale","Rio 2022 Challengers Sticker Capsule","730","2","28017162120","143865972","5051655065","2","28017162120"
"Rio 2022 Challengers Sticker Capsule","Counter-Strike 2","28 Jan","28 Jan","$0.32 USD","32","sale","Rio 2022 Challengers Sticker Capsule","730","2","28017162121","143865972","5051655065","2","28017162121"
"Rio 2022 Challengers Sticker Capsule","Counter-Strike 2","28 Jan","28 Jan","$0.32 USD","32","sale","Rio 2022 Challengers Sticker Capsule","730","2","28017162122","143865972","5051655065","2","28017162122"
"Rio 2022 Challengers Sticker Capsule","Counter-Strike 2","28 Jan","28 Jan","$0.32 USD","32","sale","Rio 2022 Challengers Sticker Capsule","730","2","28017162123","143865972","5051655065","2","28017162123"
"Rio 2022 Challengers Sticker Capsule","Counter-Strike 2","28 Jan","28 Jan","$0.32 USD","32","sale","Rio 2022 Challengers Sticker Capsule","730","2","28017162118","143865972","5051655065","2","28017162118"
"Rio 2022 Challengers Sticker Capsule","Counter-Strike 2","28 Jan","28 Jan","$0.32 USD","32","sale","Rio 2022 Challengers Sticker Capsule","730","2","28017160894","143865972","5051655065","2","28017160894"
"Rio 2022 Challengers Sticker Capsule","Counter-Strike 2","28 Jan","28 Jan","$0.32 USD","32","sale","Rio 2022 Challengers Sticker Capsule","730","2","28017160896","143865972","5051655065","2","28017160896"
"Rio 2022 Challengers Sticker Capsule","Counter-Strike 2","28 Jan","28 Jan","$0.32 USD","32","sale","Rio 2022 Challengers Sticker Capsule","730","2","28017160893","143865972","5051655065","2","28017160893"
"Rio 2022 Challengers Sticker Capsule","Counter-Strike 2","28 Jan","28 Jan","$0.32 USD","32","sale","Rio 2022 Challengers Sticker Capsule","730","2","28017160898","143865972","5051655065","2","28017160898"
"Rio 2022 Challengers Sticker Capsule","Counter-Strike 2","28 Jan","28 Jan","$0.32 USD","32","sale","Rio 2022 Challengers Sticker Capsule","730","2","28017160900","143865972","5051655065","2","28017160900"
"Rio 2022 Challengers Sticker Capsule","Counter-Strike 2","28 Jan","28 Jan","$0.32 USD","32","sale","Rio 2022 Challengers Sticker Capsule","730","2","28017160895","143865972","5051655065","2","28017160895"
"Rio 2022 Challengers Sticker Capsule","Counter-Strike 2","28 Jan","28 Jan","$0.32 USD","32","sale","Rio 2022 Challengers Sticker Capsule","730","2","28017160899","143865972","5051655065","2","28017160899"
"Rio 2022 Challengers Sticker Capsule","Counter-Strike 2","28 Jan","28 Jan","$0.32 USD","32","sale","Rio 2022 Challengers Sticker Capsule","730","2","28017160897","143865972","5051655065","2","28017160897"
"Rio 2022 Challengers Sticker Capsule","Counter-Strike 2","28 Jan","28 Jan","$0.32 USD","32","sale","Rio 2022 Challengers Sticker Capsule","730","2","28017160887","143865972","5051655065","2","28017160887"
"Rio 2022 Challengers Sticker Capsule","Counter-Strike 2","28 Jan","28 Jan","$0.32 USD","32","sale","Rio 2022 Challengers Sticker Capsule","730","2","28017160889","143865972","5051655065","2","28017160889"
"Rio 2022 Challengers Sticker Capsule","Counter-Strike 2","28 Jan","28 Jan","$0.32 USD","32","sale","Rio 2022 Challengers Sticker Capsule","730","2","28017160891","143865972","5051655065","2","28017160891"
"Rio 2022 Challengers Sticker Capsule","Counter-Strike 2","28 Jan","28 Jan","$0.32 USD","32","sale","Rio 2022 Challengers Sticker Capsule","730","2","28017160890","143865972","5051655065","2","28017160890"
"Rio 2022 Challengers Sticker Capsule","Counter-Strike 2","28 Jan","28 Jan","$0.32 USD","32","sale","Rio 2022 Challengers Sticker Capsule","730","2","28017160892","143865972","5051655065","2","28017160892"
"Rio 2022 Challengers Sticker Capsule","Counter-Strike 2","28 Jan","28 Jan","$0.32 USD","32","sale","Rio 2022 Challengers Sticker Capsule","730","2","28017160888","143865972","5051655065","2","28017160888"
"Rio 2022 Challengers Sticker Capsule","Counter-Strike 2","28 Jan","28 Jan","$0.32 USD","32","sale","Rio 2022 Challengers Sticker Capsule","730","2","28017160885","143865972","5051655065","2","28017160885"
"Rio 2022 Challengers Sticker Capsule","Counter-Strike 2","28 Jan","28 Jan","$0.32 USD","32","sale","Rio 2022 Challengers Sticker Capsule","730","2","28017160886","143865972","5051655065","2","28017160886"
"Rio 2022 Challengers Sticker Capsule","Counter-Strike 2","28 Jan","28 Jan","$0.32 USD","32","sale","Rio 2022 Challengers Sticker Capsule","730","2","28017159714","143865972","5051655065","2","28017159714"
"Rio 2022 Challengers Sticker Capsule","Counter-Strike 2","28 Jan","28 Jan","$0.32 USD","32","sale","Rio 2022 Challengers Sticker Capsule","730","2","28017159716","143865972","5051655065","2","28017159716"
"Rio 2022 Challengers Sticker Capsule","Counter-Strike 2","28 Jan","28 Jan","$0.32 USD","32","sale","Rio 2022 Challengers Sticker Capsule","730","2","28017159715","143865972","5051655065","2","28017159715"
"Rio 2022 Challengers Sticker Capsule","Counter-Strike 2","28 Jan","28 Jan","$0.32 USD","32","sale","Rio 2022 Challengers Sticker Capsule","730","2","28017159717","143865972","5051655065","2","28017159717"
"Rio 2022 Challengers Sticker Capsule","Counter-Strike 2","28 Jan","28 Jan","$0.32 USD","32","sale","Rio 2022 Challengers Sticker Capsule","730","2","28017160882","143865972","5051655065","2","28017160882"
"Rio 2022 Challengers Sticker Capsule","Counter-Strike 2","28 Jan","28 Jan","$0.32 USD","32","sale","Rio 2022 Challengers Sticker Capsule","730","2","28017160883","143865972","5051655065","2","28017160883"
"Rio 2022 Challengers Sticker Capsule","Counter-Strike 2","28 Jan","28 Jan","$0.32 USD","32","sale","Rio 2022 Challengers Sticker Capsule","730","2","28017160881","143865972","5051655065","2","28017160881"
"Rio 2022 Challengers Sticker Capsule","Counter-Strike 2","28 Jan","28 Jan","$0.32 USD","32","sale","Rio 2022 Challengers Sticker Capsule","730","2","28017160884","143865972","5051655065","2","28017160884"
"Rio 2022 Challengers Sticker Capsule","Counter-Strike 2","28 Jan","28 Jan","$0.32 USD","32","sale","Rio 2022 Challengers Sticker Capsule","730","2","28017159712","143865972","5051655065","2","28017159712"
"Rio 2022 Challengers Sticker Capsule","Counter-Strike 2","28 Jan","28 Jan","$0.32 USD","32","sale","Rio 2022 Challengers Sticker Capsule","730","2","28017159713","143865972","5051655065","2","28017159713"
"Rio 2022 Challengers Sticker Capsule","Counter-Strike 2","28 Jan","28 Jan","$0.32 USD","32","sale","Rio 2022 Challengers Sticker Capsule","730","2","28017159710","143865972","5051655065","2","28017159710"
"Rio 2022 Challengers Sticker Capsule","Counter-Strike 2","28 Jan","28 Jan","$0.32 USD","32","sale","Rio 2022 Challengers Sticker Capsule","730","2","28017159711","143865972","5051655065","2","28017159711"
"Rio 2022 Challengers Sticker Capsule","Counter-Strike 2","28 Jan","28 Jan","$0.32 USD","32","sale","Rio 2022 Challengers Sticker Capsule","730","2","28017159698","143865972","5051655065","2","28017159698"
"Rio 2022 Challengers Sticker Capsule","Counter-Strike 2","28 Jan","28 Jan","$0.32 USD","32","sale","Rio 2022 Challengers Sticker Capsule","730","2","28017159709","143865972","5051655065","2","28017159709"
"Rio 2022 Challengers Sticker Capsule","Counter-Strike 2","28 Jan","28 Jan","$0.32 USD","32","sale","Rio 2022 Challengers Sticker Capsule","730","2","28017159707","143865972","5051655065","2","28017159707"
"Rio 2022 Challengers Sticker Capsule","Counter-Strike 2","28 Jan","28 Jan","$0.32 USD","32","sale","Rio 2022 Challengers Sticker Capsule","730","2","28017159708","143865972","5051655065","2","28017159708"
"Rio 2022 Challengers Sticker Capsule","Counter-Strike 2","28 Jan","28 Jan","$0.32 USD","32","sale","Rio 2022 Challengers Sticker Capsule","730","2","28017159706","143865972","5051655065","2","28017159706"
"Rio 2022 Challengers Sticker Capsule","Counter-Strike 2","28 Jan","28 Jan","$0.32 USD","32","sale","Rio 2022 Challengers Sticker Capsule","730","2","28017159701","143865972","5051655065","2","28017159701"
"Rio 2022 Challengers Sticker Capsule","Counter-Strike 2","28 Jan","28 Jan","$0.32 USD","32","sale","Rio 2022 Challengers Sticker Capsule","730","2","28017159702","143865972","5051655065","2","28017159702"
"Rio 2022 Challengers Sticker Capsule","Counter-Strike 2","28 Jan","28 Jan","$0.32 USD","32","sale","Rio 2022 Challengers Sticker Capsule","730","2","28017159703","143865972","5051655065","2","28017159703"
"Rio 2022 Challengers Sticker Capsule","Counter-Strike 2","28 Jan","28 Jan","$0.32 USD","32","sale","Rio 2022 Challengers Sticker Capsule","730","2","28017159704","143865972","5051655065","2","28017159704"
"Rio 2022 Challengers Sticker Capsule","Counter-Strike 2","28 Jan","28 Jan","$0.32 USD","32","sale","Rio 2022 Challengers Sticker Capsule","730","2","28017159705","143865972","5051655065","2","28017159705"
"Rio 2022 Challengers Sticker Capsule","Counter-Strike 2","28 Jan","28 Jan","$0.32 USD","32","sale","Rio 2022 Challengers Sticker Capsule","730","2","28017159699","143865972","5051655065","2","28017159699"
"Rio 2022 Challengers Sticker Capsule","Counter-Strike 2","28 Jan","28 Jan","$0.32 USD","32","sale","Rio 2022 Challengers Sticker Capsule","730","2","28017159700","143865972","5051655065","2","28017159700"
"Rio 2022 Challengers Sticker Capsule","Counter-Strike 2","28 Jan","28 Jan","$0.32 USD","32","sale","Rio 2022 Challengers Sticker Capsule","730","2","28017162127","143865972","5051655065","2","28017162127"
"Rio 2022 Challengers Sticker Capsule","Counter-Strike 2","28 Jan","28 Jan","$0.32 USD","32","sale","Rio 2022 Challengers Sticker Capsule","730","2","28017162129","143865972","5051655065","2","28017162129"
"Rio 2022 Challengers Sticker Capsule","Counter-Strike 2","28 Jan","28 Jan","$0.32 USD","32","sale","Rio 2022 Challengers Sticker Capsule","730","2","28017162128","143865972","5051655065","2","28017162128"
"Rio 2022 Challengers Sticker Capsule","Counter-Strike 2","28 Jan","28 Jan","$0.32 USD","32","sale","Rio 2022 Challengers Sticker Capsule","730","2","28017162130","143865972","5051655065","2","28017162130"
"Rio 2022 Challengers Sticker Capsule","Counter-Strike 2","28 Jan","28 Jan","$0.32 USD","32","sale","Rio 2022 Challengers Sticker Capsule","730","2","28017162131","143865972","5051655065","2","28017162131"
"Rio 2022 Challengers Sticker Capsule","Counter-Strike 2","28 Jan","28 Jan","$0.32 USD","32","sale","Rio 2022 Challengers Sticker Capsule","730","2","28017162132","143865972","5051655065","2","28017162132"
"Rio 2022 Challengers Sticker Capsule","Counter-Strike 2","28 Jan","28 Jan","$0.32 USD","32","sale","Rio 2022 Challengers Sticker Capsule","730","2","28017162133","143865972","5051655065","2","28017162133"
"Rio 2022 Challengers Sticker Capsule","Counter-Strike 2","28 Jan","28 Jan","$0.32 USD","32","sale","Rio 2022 Challengers Sticker Capsule","730","2","28017162134","143865972","5051655065","2","28017162134"
"Rio 2022 Challengers Sticker Capsule","Counter-Strike 2","28 Jan","28 Jan","$0.32 USD","32","sale","Rio 2022 Challengers Sticker Capsule","730","2","28017163174","143865972","5051655065","2","28017163174"
"Rio 2022 Challengers Sticker Capsule","Counter-Strike 2","28 Jan","28 Jan","$0.32 USD","32","sale","Rio 2022 Challengers Sticker Capsule","730","2","28017163175","143865972","5051655065","2","28017163175"
"Rio 2022 Challengers Sticker Capsule","Counter-Strike 2","28 Jan","28 Jan","$0.32 USD","32","sale","Rio 2022 Challengers Sticker Capsule","730","2","28017163176","143865972","5051655065","2","28017163176"
"Rio 2022 Challengers Sticker Capsule","Counter-Strike 2","28 Jan","28 Jan","$0.32 USD","32","sale","Rio 2022 Challengers Sticker Capsule","730","2","28017163177","143865972","5051655065","2","28017163177"
"Rio 2022 Challengers Sticker Capsule","Counter-Strike 2","28 Jan","28 Jan","$0.32 USD","32","sale","Rio 2022 Challengers Sticker Capsule","730","2","28017163178","143865972","5051655065","2","28017163178"
"Rio 2022 Challengers Sticker Capsule","Counter-Strike 2","28 Jan","28 Jan","$0.32 USD","32","sale","Rio 2022 Challengers Sticker Capsule","730","2","28017163179","143865972","5051655065","2","28017163179"
"Rio 2022 Challengers Sticker Capsule","Counter-Strike 2","28 Jan","28 Jan","$0.32 USD","32","sale","Rio 2022 Challengers Sticker Capsule","730","2","28017163180","143865972","5051655065","2","28017163180"
"Rio 2022 Challengers Sticker Capsule","Counter-Strike 2","28 Jan","28 Jan","$0.32 USD","32","sale","Rio 2022 Challengers Sticker Capsule","730","2","28017163181","143865972","5051655065","2","28017163181"
"Rio 2022 Challengers Sticker Capsule","Counter-Strike 2","28 Jan","28 Jan","$0.32 USD","32","sale","Rio 2022 Challengers Sticker Capsule","730","2","28017163182","143865972","5051655065","2","28017163182"
"Rio 2022 Challengers Sticker Capsule","Counter-Strike 2","28 Jan","28 Jan","$0.32 USD","32","sale","Rio 2022 Challengers Sticker Capsule","730","2","28017163189","143865972","5051655065","2","28017163189"
"Sealed Graffiti | Cocky (War Pig Pink)","Counter-Strike 2","23 Jul","21 Jan","$0.01 USD","1","sale","Sealed Graffiti | Cocky (War Pig Pink)","730","2","30616041814","302028390","1989296485","2","30616041814"
"Sealed Graffiti | Jump Shot (Cash Green)","Counter-Strike 2","23 Jul","21 Jan","$0.01 USD","1","sale","Sealed Graffiti | Jump Shot (Cash Green)","730","2","29764889556","302028390","1989283336","2","29764889556"
"Sealed Graffiti | Toasted (Monster Purple)","Counter-Strike 2","23 Jul","21 Jan","$0.01 USD","1","sale","Sealed Graffiti | Toasted (Monster Purple)","730","2","30718020419","302028390","1989288246","2","30718020419"
"Sealed Graffiti | Death Sentence (Princess Pink)","Counter-Strike 2","23 Jul","20 Jan","$0.01 USD","1","sale","Sealed Graffiti | Death Sentence (Princess Pink)","730","2","29573998868","302028390","1989280411","2","29573998868"
"Sealed Graffiti | Popdog (Frog Green)","Counter-Strike 2","23 Jul","20 Jan","$0.01 USD","1","sale","Sealed Graffiti | Popdog (Frog Green)","730","2","29573992281","302028390","1989288157","2","29573992281"
"Sealed Graffiti | Karambit (Frog Green)","Counter-Strike 2","23 Jul","20 Jan","$0.01 USD","1","sale","Sealed Graffiti | Karambit (Frog Green)","730","2","29573994287","302028390","1989274205","2","29573994287"
"Sealed Graffiti | Take Flight (Frog Green)","Counter-Strike 2","23 Jul","20 Jan","$0.01 USD","1","sale","Sealed Graffiti | Take Flight (Frog Green)","730","2","29573998563","302028390","1989335926","2","29573998563"
"Sealed Graffiti | Karambit (War Pig Pink)","Counter-Strike 2","23 Jul","19 Jan","$0.01 USD","1","sale","Sealed Graffiti | Karambit (War Pig Pink)","730","2","29573993069","302028390","1989284330","2","29573993069"
"Sealed Graffiti | Karambit (Wire Blue)","Counter-Strike 2","23 Jul","18 Jan","$0.01 USD","1","sale","Sealed Graffiti | Karambit (Wire Blue)","730","2","31507169438","302028390","1989282490","2","31507169438"
"Sealed Graffiti | Sorry (Brick Red)","Counter-Strike 2","23 Jul","17 Jan","$0.01 USD","1","sale","Sealed Graffiti | Sorry (Brick Red)","730","2","29573999002","302028390","1989297441","2","29573999002"
"Dreams & Nightmares Case","Counter-Strike 2","31 Dec","31 Dec","$0.97 USD","97","purchase","Dreams & Nightmares Case","730","2","35035665852","302028390","4717330486","2","35035665852"
"Dreams & Nightmares Case","Counter-Strike 2","31 Dec","31 Dec","$0.97 USD","97","purchase","Dreams & Nightmares Case","730","2","32655901674","0","4717330486","2","32655901674"
"Dreams & Nightmares Case","Counter-Strike 2","31 Dec","31 Dec","$0.97 USD","97","purchase","Dreams & Nightmares Case","730","2","35173252954","302028390","4717330486","2","35173252954"
"Dreams & Nightmares Case","Counter-Strike 2","31 Dec","31 Dec","$0.97 USD","97","purchase","Dreams & Nightmares Case","730","2","35173267418","302028390","4717330486","2","35173267418"
"Aurora Lights","Winter Sale 2023 Trading Card","24 Dec","25 Dec","$0.05 USD","5","purchase","2640280-Aurora Lights","753","6","28391603720","0","5659556645","6","28436564721"
"Frozen Friends","Winter Sale 2023 Trading Card","24 Dec","25 Dec","$0.05 USD","5","purchase","2640280-Frozen Friends","753","6","28414527912","0","5659556631","6","28436485172"
"Winter Glow","Winter Sale 2023 Trading Card","24 Dec","25 Dec","$0.05 USD","5","purchase","2640280-Winter Glow","753","6","28412151484","0","5659556639","6","28436529932"
"Bunny Glow","Winter Sale 2023 Trading Card","24 Dec","25 Dec","$0.05 USD","5","purchase","2640280-Bunny Glow","753","6","28436594097","0","5659556634","6","28436887800"
"Winter Trove","Winter Sale 2023 Trading Card","24 Dec","25 Dec","$0.05 USD","5","purchase","2640280-Winter Trove","753","6","28424470705","0","5659556646","6","28434083811"
"Snowy Skyline","Winter Sale 2023 Trading Card","24 Dec","25 Dec","$0.05 USD","5","purchase","2640280-Snowy Skyline","753","6","28387847689","0","5659556642","6","28435138449"
"Chill City","Winter Sale 2023 Trading Card","24 Dec","25 Dec","$0.05 USD","5","purchase","2640280-Chill City","753","6","28411097049","0","5659556638","6","28436210259"
"Frosty Pane","Winter Sale 2023 Trading Card","24 Dec","25 Dec","$0.05 USD","5","purchase","2640280-Frosty Pane","753","6","28425514742","0","5659556637","6","28425786368"
"Penguin Chill","Winter Sale 2023 Trading Card","24 Dec","25 Dec","$0.05 USD","5","purchase","2640280-Penguin Chill","753","6","28435606484","0","5659556632","6","28435628981"
"FAMAS | CaliCamo","Counter-Strike 2","10 Nov","12 Dec","$2.09 USD","209","sale","FAMAS | CaliCamo (Field-Tested)","730","2","29575104346","480085569","4571594377","2","29575104346"
"P90 | Verdant Growth","Counter-Strike 2","10 Nov","9 Dec","$2.09 USD","209","sale","P90 | Verdant Growth (Minimal Wear)","730","2","29575095770","480085569","4571598272","2","29575095770"
"Sealed Graffiti | Karambit (SWAT Blue)","Counter-Strike 2","23 Jul","3 Dec","$0.01 USD","1","sale","Sealed Graffiti | Karambit (SWAT Blue)","730","2","24580034019","302028390","1989284555","2","24580034019"
"Sticker | FaZe Clan (Holo) | Paris 2023","Counter-Strike 2","26 Nov","26 Nov","$2.56 USD","256","purchase","Sticker | FaZe Clan (Holo) | Paris 2023","730","2","34701833533","188530139","5629673125","2","34701833533"
"Sticker | FaZe Clan (Holo) | Paris 2023","Counter-Strike 2","26 Nov","26 Nov","$2.56 USD","256","purchase","Sticker | FaZe Clan (Holo) | Paris 2023","730","2","34701739270","188530139","5629673125","2","34701739270"
"Sticker | FaZe Clan (Holo) | Paris 2023","Counter-Strike 2","26 Nov","26 Nov","$2.55 USD","255","purchase","Sticker | FaZe Clan (Holo) | Paris 2023","730","2","34701613470","188530139","5629673125","2","34701613470"
"Sticker | FaZe Clan (Holo) | Paris 2023","Counter-Strike 2","26 Nov","26 Nov","$2.56 USD","256","purchase","Sticker | FaZe Clan (Holo) | Paris 2023","730","2","33443606513","188530139","5327976203","2","33443606513"
"Sticker | FaZe Clan (Holo) | Paris 2023","Counter-Strike 2","26 Nov","26 Nov","$2.56 USD","256","purchase","Sticker | FaZe Clan (Holo) | Paris 2023","730","2","34394195046","188530139","5327976203","2","34394195046"
"Fracture Case","Counter-Strike 2","26 Nov","26 Nov","$0.46 USD","46","sale","Fracture Case","730","2","29573994334","0","3946324730","2","29573994334"
"Fracture Case","Counter-Strike 2","26 Nov","26 Nov","$0.46 USD","46","sale","Fracture Case","730","2","29573995630","0","3946324730","2","29573995630"
"Fracture Case","Counter-Strike 2","26 Nov","26 Nov","$0.46 USD","46","sale","Fracture Case","730","2","29573995696","0","3946324730","2","29573995696"
"Fracture Case","Counter-Strike 2","26 Nov","26 Nov","$0.46 USD","46","sale","Fracture Case","730","2","29573996047","0","3946324730","2","29573996047"
"Fracture Case","Counter-Strike 2","26 Nov","26 Nov","$0.46 USD","46","sale","Fracture Case","730","2","29573997340","0","3946324730","2","29573997340"
"Fracture Case","Counter-Strike 2","26 Nov","26 Nov","$0.46 USD","46","sale","Fracture Case","730","2","29573997694","0","3946324730","2","29573997694"
"Fracture Case","Counter-Strike 2","26 Nov","26 Nov","$0.46 USD","46","sale","Fracture Case","730","2","29573997776","0","3946324730","2","29573997776"
"Fracture Case","Counter-Strike 2","26 Nov","26 Nov","$0.46 USD","46","sale","Fracture Case","730","2","29573999147","0","3946324730","2","29573999147"
"Fracture Case","Counter-Strike 2","26 Nov","26 Nov","$0.46 USD","46","sale","Fracture Case","730","2","29573999908","0","3946324730","2","29573999908"
"Fracture Case","Counter-Strike 2","26 Nov","26 Nov","$0.46 USD","46","sale","Fracture Case","730","2","29574000075","0","3946324730","2","29574000075"
"Fracture Case","Counter-Strike 2","26 Nov","26 Nov","$0.46 USD","46","sale","Fracture Case","730","2","29574000386","0","3946324730","2","29574000386"
"Fracture Case","Counter-Strike 2","26 Nov","26 Nov","$0.46 USD","46","sale","Fracture Case","730","2","30222177379","0","3946324730","2","30222177379"
"Fracture Case","Counter-Strike 2","26 Nov","26 Nov","$0.46 USD","46","sale","Fracture Case","730","2","30222177647","0","3946324730","2","30222177647"
"Fracture Case","Counter-Strike 2","26 Nov","26 Nov","$0.46 USD","46","sale","Fracture Case","730","2","30403308987","0","3946324730","2","30403308987"
"Fracture Case","Counter-Strike 2","26 Nov","26 Nov","$0.46 USD","46","sale","Fracture Case","730","2","30826431397","0","3946324730","2","30826431397"
"Fracture Case","Counter-Strike 2","26 Nov","26 Nov","$0.46 USD","46","sale","Fracture Case","730","2","30919194029","0","3946324730","2","30919194029"
"Fracture Case","Counter-Strike 2","26 Nov","26 Nov","$0.46 USD","46","sale","Fracture Case","730","2","30919206916","0","3946324730","2","30919206916"
"Fracture Case","Counter-Strike 2","26 Nov","26 Nov","$0.46 USD","46","sale","Fracture Case","730","2","30919215065","0","3946324730","2","30919215065"
"Fracture Case","Counter-Strike 2","26 Nov","26 Nov","$0.46 USD","46","sale","Fracture Case","730","2","30919221536","0","3946324730","2","30919221536"
"Fracture Case","Counter-Strike 2","26 Nov","26 Nov","$0.46 USD","46","sale","Fracture Case","730","2","30919224802","0","3946324730","2","30919224802"
"Fracture Case","Counter-Strike 2","26 Nov","26 Nov","$0.46 USD","46","sale","Fracture Case","730","2","30919225753","0","3946324730","2","30919225753"
"Fracture Case","Counter-Strike 2","26 Nov","26 Nov","$0.46 USD","46","sale","Fracture Case","730","2","30919226391","0","3946324730","2","30919226391"
"Fracture Case","Counter-Strike 2","26 Nov","26 Nov","$0.46 USD","46","sale","Fracture Case","730","2","30919228589","0","3946324730","2","30919228589"
"Fracture Case","Counter-Strike 2","26 Nov","26 Nov","$0.46 USD","46","sale","Fracture Case","730","2","30919234577","0","3946324730","2","30919234577"
"Fracture Case","Counter-Strike 2","26 Nov","26 Nov","$0.46 USD","46","sale","Fracture Case","730","2","30919239200","0","3946324730","2","30919239200"
"Fracture Case","Counter-Strike 2","26 Nov","26 Nov","$0.46 USD","46","sale","Fracture Case","730","2","33978178001","302028390","3946324730","2","33978178001"
"Fracture Case","Counter-Strike 2","26 Nov","26 Nov","$0.46 USD","46","sale","Fracture Case","730","2","33981372228","0","3946324730","2","33981372228"
"Fracture Case","Counter-Strike 2","26 Nov","26 Nov","$0.46 USD","46","sale","Fracture Case","730","2","34226385163","302028390","3946324730","2","34226385163"
"Sealed Graffiti | Death Sentence (Monster Purple)","Counter-Strike 2","23 Jul","21 Nov","$0.01 USD","1","sale","Sealed Graffiti | Death Sentence (Monster Purple)","730","2","29573998729","302028390","1989283331","2","29573998729"
"Dreams & Nightmares Case","Counter-Strike 2","15 Nov","15 Nov","$1.18 USD","118","purchase","Dreams & Nightmares Case","730","2","34550084054","302028390","4717330486","2","34550084054"
"Dreams & Nightmares Case","Counter-Strike 2","15 Nov","15 Nov","$1.18 USD","118","purchase","Dreams & Nightmares Case","730","2","34550097777","302028390","4717330486","2","34550097777"
"Dreams & Nightmares Case","Counter-Strike 2","15 Nov","15 Nov","$1.18 USD","118","purchase","Dreams & Nightmares Case","730","2","34337025138","302028390","4717330486","2","34337025138"
"Dreams & Nightmares Case","Counter-Strike 2","15 Nov","15 Nov","$1.18 USD","118","purchase","Dreams & Nightmares Case","730","2","34550102367","302028390","4717330486","2","34550102367"
"Dreams & Nightmares Case","Counter-Strike 2","15 Nov","15 Nov","$1.18 USD","118","purchase","Dreams & Nightmares Case","730","2","33997691308","302028390","4717330486","2","33997691308"
"Dreams & Nightmares Case","Counter-Strike 2","15 Nov","15 Nov","$1.18 USD","118","purchase","Dreams & Nightmares Case","730","2","34550100548","302028390","4717330486","2","34550100548"
"Dreams & Nightmares Case","Counter-Strike 2","15 Nov","15 Nov","$1.18 USD","118","purchase","Dreams & Nightmares Case","730","2","34550011163","302028390","4717330486","2","34550011163"
"Dreams & Nightmares Case","Counter-Strike 2","15 Nov","15 Nov","$1.18 USD","118","purchase","Dreams & Nightmares Case","730","2","34550089828","302028390","4717330486","2","34550089828"
"Dreams & Nightmares Case","Counter-Strike 2","15 Nov","15 Nov","$1.18 USD","118","purchase","Dreams & Nightmares Case","730","2","34550053594","302028390","4717330486","2","34550053594"
"Dreams & Nightmares Case","Counter-Strike 2","15 Nov","15 Nov","$1.18 USD","118","purchase","Dreams & Nightmares Case","730","2","34534565916","0","4717330486","2","34534565916"
"Dreams & Nightmares Case","Counter-Strike 2","15 Nov","15 Nov","$1.18 USD","118","purchase","Dreams & Nightmares Case","730","2","34534796901","302028390","4717330486","2","34534796901"
"Dreams & Nightmares Case","Counter-Strike 2","15 Nov","15 Nov","$1.18 USD","118","purchase","Dreams & Nightmares Case","730","2","32742297504","0","4717330486","2","32742297504"
"Dreams & Nightmares Case","Counter-Strike 2","15 Nov","15 Nov","$1.18 USD","118","purchase","Dreams & Nightmares Case","730","2","34549993479","302028390","4717330486","2","34549993479"
"Dreams & Nightmares Case","Counter-Strike 2","15 Nov","15 Nov","$1.18 USD","118","purchase","Dreams & Nightmares Case","730","2","34549975507","0","5613097776","2","34549975507"
"Dreams & Nightmares Case","Counter-Strike 2","15 Nov","15 Nov","$1.18 USD","118","purchase","Dreams & Nightmares Case","730","2","34549518665","302028390","4717330486","2","34549518665"
"Dreams & Nightmares Case","Counter-Strike 2","15 Nov","15 Nov","$1.20 USD","120","purchase","Dreams & Nightmares Case","730","2","34548602034","302028390","4717330486","2","34548602034"
"Dreams & Nightmares Case","Counter-Strike 2","15 Nov","15 Nov","$1.20 USD","120","purchase","Dreams & Nightmares Case","730","2","34341001417","302028390","4717330486","2","34341001417"
"Dreams & Nightmares Case","Counter-Strike 2","15 Nov","15 Nov","$1.20 USD","120","purchase","Dreams & Nightmares Case","730","2","34548618720","302028390","4717330486","2","34548618720"
"Dreams & Nightmares Case","Counter-Strike 2","15 Nov","15 Nov","$1.20 USD","120","purchase","Dreams & Nightmares Case","730","2","34548522013","302028390","4717330486","2","34548522013"
"Dreams & Nightmares Case","Counter-Strike 2","15 Nov","15 Nov","$1.19 USD","119","purchase","Dreams & Nightmares Case","730","2","34351237728","302028390","4717330486","2","34351237728"
"Dreams & Nightmares Case","Counter-Strike 2","15 Nov","15 Nov","$1.19 USD","119","purchase","Dreams & Nightmares Case","730","2","34548592369","302028390","4717330486","2","34548592369"
"Dreams & Nightmares Case","Counter-Strike 2","15 Nov","15 Nov","$1.20 USD","120","purchase","Dreams & Nightmares Case","730","2","34548601826","302028390","4717330486","2","34548601826"
"Dreams & Nightmares Case","Counter-Strike 2","15 Nov","15 Nov","$1.20 USD","120","purchase","Dreams & Nightmares Case","730","2","34548585254","302028390","4717330486","2","34548585254"
"Dreams & Nightmares Case","Counter-Strike 2","15 Nov","15 Nov","$1.19 USD","119","purchase","Dreams & Nightmares Case","730","2","34548616097","302028390","4717330486","2","34548616097"
"Dreams & Nightmares Case","Counter-Strike 2","15 Nov","15 Nov","$1.20 USD","120","purchase","Dreams & Nightmares Case","730","2","34548602860","302028390","4717330486","2","34548602860"
"Dreams & Nightmares Case","Counter-Strike 2","15 Nov","15 Nov","$1.20 USD","120","purchase","Dreams & Nightmares Case","730","2","34548618472","302028390","5618822419","2","34548618472"
"Dreams & Nightmares Case","Counter-Strike 2","15 Nov","15 Nov","$1.19 USD","119","purchase","Dreams & Nightmares Case","730","2","34548608800","302028390","4717330486","2","34548608800"
"Dreams & Nightmares Case","Counter-Strike 2","15 Nov","15 Nov","$1.19 USD","119","purchase","Dreams & Nightmares Case","730","2","34351264554","302028390","4717330486","2","34351264554"
"Dreams & Nightmares Case","Counter-Strike 2","15 Nov","15 Nov","$1.18 USD","118","purchase","Dreams & Nightmares Case","730","2","34548582052","302028390","4717330486","2","34548582052"
"Dreams & Nightmares Case","Counter-Strike 2","15 Nov","15 Nov","$1.19 USD","119","purchase","Dreams & Nightmares Case","730","2","34548602081","0","4717330486","2","34548602081"
"Dreams & Nightmares Case","Counter-Strike 2","15 Nov","15 Nov","$1.20 USD","120","purchase","Dreams & Nightmares Case","730","2","34548593518","302028390","4717330486","2","34548593518"
"Dreams & Nightmares Case","Counter-Strike 2","15 Nov","15 Nov","$1.18 USD","118","purchase","Dreams & Nightmares Case","730","2","34548599954","302028390","4717330486","2","34548599954"
"Dreams & Nightmares Case","Counter-Strike 2","15 Nov","15 Nov","$1.19 USD","119","purchase","Dreams & Nightmares Case","730","2","34548607901","302028390","4717330486","2","34548607901"
"Dreams & Nightmares Case","Counter-Strike 2","15 Nov","15 Nov","$1.20 USD","120","purchase","Dreams & Nightmares Case","730","2","34548559312","302028390","4717330486","2","34548559312"
"Dreams & Nightmares Case","Counter-Strike 2","15 Nov","15 Nov","$1.20 USD","120","purchase","Dreams & Nightmares Case","730","2","34548594818","302028390","4717330486","2","34548594818"
"Dreams & Nightmares Case","Counter-Strike 2","15 Nov","15 Nov","$1.20 USD","120","purchase","Dreams & Nightmares Case","730","2","34360467426","302028390","4717330486","2","34360467426"
"Dreams & Nightmares Case","Counter-Strike 2","15 Nov","15 Nov","$1.19 USD","119","purchase","Dreams & Nightmares Case","730","2","34338252264","302028390","4717330486","2","34338252264"
"Dreams & Nightmares Case","Counter-Strike 2","15 Nov","15 Nov","$1.19 USD","119","purchase","Dreams & Nightmares Case","730","2","34548535345","302028390","4717330486","2","34548535345"
"Dreams & Nightmares Case","Counter-Strike 2","15 Nov","15 Nov","$1.19 USD","119","purchase","Dreams & Nightmares Case","730","2","34548592081","302028390","4717330486","2","34548592081"
"Dreams & Nightmares Case","Counter-Strike 2","15 Nov","15 Nov","$1.20 USD","120","purchase","Dreams & Nightmares Case","730","2","26488284134","0","4717330486","2","26488284134"
"Dreams & Nightmares Case","Counter-Strike 2","15 Nov","15 Nov","$1.19 USD","119","purchase","Dreams & Nightmares Case","730","2","34548580298","302028390","4717330486","2","34548580298"
"Dreams & Nightmares Case","Counter-Strike 2","15 Nov","15 Nov","$1.19 USD","119","purchase","Dreams & Nightmares Case","730","2","34548586348","302028390","4717330486","2","34548586348"
"Dreams & Nightmares Case","Counter-Strike 2","15 Nov","15 Nov","$1.20 USD","120","purchase","Dreams & Nightmares Case","730","2","34548442714","302028390","4717330486","2","34548442714"
"Dreams & Nightmares Case","Counter-Strike 2","15 Nov","15 Nov","$1.20 USD","120","purchase","Dreams & Nightmares Case","730","2","34548585625","302028390","5618822419","2","34548585625"
"Dreams & Nightmares Case","Counter-Strike 2","15 Nov","15 Nov","$1.18 USD","118","purchase","Dreams & Nightmares Case","730","2","34548587062","302028390","4717330486","2","34548587062"
"Dreams & Nightmares Case","Counter-Strike 2","15 Nov","15 Nov","$1.20 USD","120","purchase","Dreams & Nightmares Case","730","2","34548577904","302028390","4717330486","2","34548577904"
"Dreams & Nightmares Case","Counter-Strike 2","15 Nov","15 Nov","$1.20 USD","120","purchase","Dreams & Nightmares Case","730","2","34548562486","302028390","4717330486","2","34548562486"
"Dreams & Nightmares Case","Counter-Strike 2","15 Nov","15 Nov","$1.20 USD","120","purchase","Dreams & Nightmares Case","730","2","34548574557","302028390","4717330486","2","34548574557"
"Dreams & Nightmares Case","Counter-Strike 2","15 Nov","15 Nov","$1.19 USD","119","purchase","Dreams & Nightmares Case","730","2","34548571404","302028390","4717330486","2","34548571404"
"Dreams & Nightmares Case","Counter-Strike 2","15 Nov","15 Nov","$1.18 USD","118","purchase","Dreams & Nightmares Case","730","2","34548570401","302028390","4717330486","2","34548570401"
"Dreams & Nightmares Case","Counter-Strike 2","15 Nov","15 Nov","$1.20 USD","120","purchase","Dreams & Nightmares Case","730","2","34548567293","302028390","4717330486","2","34548567293"
"Dreams & Nightmares Case","Counter-Strike 2","15 Nov","15 Nov","$1.20 USD","120","purchase","Dreams & Nightmares Case","730","2","34548568053","302028390","4717330486","2","34548568053"
"Dreams & Nightmares Case","Counter-Strike 2","15 Nov","15 Nov","$1.19 USD","119","purchase","Dreams & Nightmares Case","730","2","34548497463","302028390","4717330486","2","34548497463"
"Dreams & Nightmares Case","Counter-Strike 2","15 Nov","15 Nov","$1.20 USD","120","purchase","Dreams & Nightmares Case","730","2","34548571844","302028390","4717330486","2","34548571844"
"Dreams & Nightmares Case","Counter-Strike 2","15 Nov","15 Nov","$1.20 USD","120","purchase","Dreams & Nightmares Case","730","2","34548539524","302028390","4717330486","2","34548539524"
"Dreams & Nightmares Case","Counter-Strike 2","15 Nov","15 Nov","$1.20 USD","120","purchase","Dreams & Nightmares Case","730","2","34533786928","302028390","5617777170","2","34533786928"
"Dreams & Nightmares Case","Counter-Strike 2","15 Nov","15 Nov","$1.18 USD","118","purchase","Dreams & Nightmares Case","730","2","34548541653","302028390","4717330486","2","34548541653"
"Dreams & Nightmares Case","Counter-Strike 2","15 Nov","15 Nov","$1.18 USD","118","purchase","Dreams & Nightmares Case","730","2","34548560474","302028390","4717330486","2","34548560474"
"Dreams & Nightmares Case","Counter-Strike 2","15 Nov","15 Nov","$1.20 USD","120","purchase","Dreams & Nightmares Case","730","2","34468065856","302028390","4717330486","2","34468065856"
"Dreams & Nightmares Case","Counter-Strike 2","15 Nov","15 Nov","$1.19 USD","119","purchase","Dreams & Nightmares Case","730","2","33997620895","302028390","4717330486","2","33997620895"
"Dreams & Nightmares Case","Counter-Strike 2","15 Nov","15 Nov","$1.20 USD","120","purchase","Dreams & Nightmares Case","730","2","34538697133","302028390","4717330486","2","34538697133"
"Dreams & Nightmares Case","Counter-Strike 2","15 Nov","15 Nov","$1.18 USD","118","purchase","Dreams & Nightmares Case","730","2","34548550431","302028390","4717330486","2","34548550431"
"Dreams & Nightmares Case","Counter-Strike 2","15 Nov","15 Nov","$1.20 USD","120","purchase","Dreams & Nightmares Case","730","2","31237118898","0","4717330486","2","31237118898"
"Dreams & Nightmares Case","Counter-Strike 2","15 Nov","15 Nov","$1.20 USD","120","purchase","Dreams & Nightmares Case","730","2","34548544924","302028390","4717330486","2","34548544924"
"Dreams & Nightmares Case","Counter-Strike 2","15 Nov","15 Nov","$1.20 USD","120","purchase","Dreams & Nightmares Case","730","2","34548444086","302028390","4717330486","2","34548444086"
"Dreams & Nightmares Case","Counter-Strike 2","15 Nov","15 Nov","$1.20 USD","120","purchase","Dreams & Nightmares Case","730","2","34548547202","302028390","4717330486","2","34548547202"
"Dreams & Nightmares Case","Counter-Strike 2","15 Nov","15 Nov","$1.20 USD","120","purchase","Dreams & Nightmares Case","730","2","34548544082","302028390","4717330486","2","34548544082"
"Dreams & Nightmares Case","Counter-Strike 2","15 Nov","15 Nov","$1.19 USD","119","purchase","Dreams & Nightmares Case","730","2","34548471092","302028390","5618822419","2","34548471092"
"Dreams & Nightmares Case","Counter-Strike 2","15 Nov","15 Nov","$1.19 USD","119","purchase","Dreams & Nightmares Case","730","2","34548470946","302028390","5618822419","2","34548470946"
"Dreams & Nightmares Case","Counter-Strike 2","15 Nov","15 Nov","$1.20 USD","120","purchase","Dreams & Nightmares Case","730","2","34548532336","302028390","4717330486","2","34548532336"
"Dreams & Nightmares Case","Counter-Strike 2","15 Nov","15 Nov","$1.20 USD","120","purchase","Dreams & Nightmares Case","730","2","34548530203","302028390","4717330486","2","34548530203"
"Dreams & Nightmares Case","Counter-Strike 2","15 Nov","15 Nov","$1.20 USD","120","purchase","Dreams & Nightmares Case","730","2","34548539927","302028390","4717330486","2","34548539927"
"Dreams & Nightmares Case","Counter-Strike 2","15 Nov","15 Nov","$1.20 USD","120","purchase","Dreams & Nightmares Case","730","2","34548537039","302028390","4717330486","2","34548537039"
"Dreams & Nightmares Case","Counter-Strike 2","15 Nov","15 Nov","$1.20 USD","120","purchase","Dreams & Nightmares Case","730","2","34548537292","302028390","5618822419","2","34548537292"
"Dreams & Nightmares Case","Counter-Strike 2","15 Nov","15 Nov","$1.20 USD","120","purchase","Dreams & Nightmares Case","730","2","34548532759","302028390","4717330486","2","34548532759"
"Dreams & Nightmares Case","Counter-Strike 2","15 Nov","15 Nov","$1.20 USD","120","purchase","Dreams & Nightmares Case","730","2","34548535987","302028390","4717330486","2","34548535987"
"Dreams & Nightmares Case","Counter-Strike 2","15 Nov","15 Nov","$1.18 USD","118","purchase","Dreams & Nightmares Case","730","2","34548533167","302028390","4717330486","2","34548533167"
"Dreams & Nightmares Case","Counter-Strike 2","15 Nov","15 Nov","$1.20 USD","120","purchase","Dreams & Nightmares Case","730","2","34548530091","302028390","4717330486","2","34548530091"
"Dreams & Nightmares Case","Counter-Strike 2","15 Nov","15 Nov","$1.19 USD","119","purchase","Dreams & Nightmares Case","730","2","34349911974","302028390","4717330486","2","34349911974"
"Dreams & Nightmares Case","Counter-Strike 2","15 Nov","15 Nov","$1.18 USD","118","purchase","Dreams & Nightmares Case","730","2","34481433692","302028390","4717330486","2","34481433692"
"Dreams & Nightmares Case","Counter-Strike 2","15 Nov","15 Nov","$1.20 USD","120","purchase","Dreams & Nightmares Case","730","2","34548530378","302028390","4717330486","2","34548530378"
"Dreams & Nightmares Case","Counter-Strike 2","15 Nov","15 Nov","$1.18 USD","118","purchase","Dreams & Nightmares Case","730","2","34548521081","302028390","4717330486","2","34548521081"
"Dreams & Nightmares Case","Counter-Strike 2","15 Nov","15 Nov","$1.20 USD","120","purchase","Dreams & Nightmares Case","730","2","26575646760","0","4717330486","2","26575646760"
"Dreams & Nightmares Case","Counter-Strike 2","15 Nov","15 Nov","$1.20 USD","120","purchase","Dreams & Nightmares Case","730","2","34482598735","302028390","4717330486","2","34482598735"
"Dreams & Nightmares Case","Counter-Strike 2","15 Nov","15 Nov","$1.20 USD","120","purchase","Dreams & Nightmares Case","730","2","34548167196","302028390","4717330486","2","34548167196"
"Dreams & Nightmares Case","Counter-Strike 2","15 Nov","15 Nov","$1.20 USD","120","purchase","Dreams & Nightmares Case","730","2","34548466397","0","5614329102","2","34548466397"
"Dreams & Nightmares Case","Counter-Strike 2","15 Nov","15 Nov","$1.20 USD","120","purchase","Dreams & Nightmares Case","730","2","34548492500","302028390","4717330486","2","34548492500"
"Dreams & Nightmares Case","Counter-Strike 2","15 Nov","15 Nov","$1.20 USD","120","purchase","Dreams & Nightmares Case","730","2","34548521077","302028390","4717330486","2","34548521077"
"Dreams & Nightmares Case","Counter-Strike 2","15 Nov","15 Nov","$1.20 USD","120","purchase","Dreams & Nightmares Case","730","2","34511870027","302028390","4717330486","2","34511870027"
"Dreams & Nightmares Case","Counter-Strike 2","15 Nov","15 Nov","$1.20 USD","120","purchase","Dreams & Nightmares Case","730","2","34548515261","302028390","4717330486","2","34548515261"
"Dreams & Nightmares Case","Counter-Strike 2","15 Nov","15 Nov","$1.20 USD","120","purchase","Dreams & Nightmares Case","730","2","34546987406","302028390","4717330486","2","34546987406"
"Dreams & Nightmares Case","Counter-Strike 2","15 Nov","15 Nov","$1.19 USD","119","purchase","Dreams & Nightmares Case","730","2","33946973125","302028390","4717330486","2","33946973125"
"Dreams & Nightmares Case","Counter-Strike 2","15 Nov","15 Nov","$1.19 USD","119","purchase","Dreams & Nightmares Case","730","2","34548473238","302028390","4717330486","2","34548473238"
"Dreams & Nightmares Case","Counter-Strike 2","15 Nov","15 Nov","$1.20 USD","120","purchase","Dreams & Nightmares Case","730","2","34548503049","302028390","4717330486","2","34548503049"
"Dreams & Nightmares Case","Counter-Strike 2","15 Nov","15 Nov","$1.18 USD","118","purchase","Dreams & Nightmares Case","730","2","34548502706","302028390","4717330486","2","34548502706"
"Dreams & Nightmares Case","Counter-Strike 2","15 Nov","15 Nov","$1.20 USD","120","purchase","Dreams & Nightmares Case","730","2","34548502065","302028390","4717330486","2","34548502065"
"Dreams & Nightmares Case","Counter-Strike 2","15 Nov","15 Nov","$1.20 USD","120","purchase","Dreams & Nightmares Case","730","2","33606993948","302028390","4717330486","2","33606993948"
"Dreams & Nightmares Case","Counter-Strike 2","15 Nov","15 Nov","$1.20 USD","120","purchase","Dreams & Nightmares Case","730","2","34464833803","302028390","4717330486","2","34464833803"
"Dreams & Nightmares Case","Counter-Strike 2","15 Nov","15 Nov","$1.20 USD","120","purchase","Dreams & Nightmares Case","730","2","34546915430","302028390","4717330486","2","34546915430"
"Dreams & Nightmares Case","Counter-Strike 2","15 Nov","15 Nov","$1.18 USD","118","purchase","Dreams & Nightmares Case","730","2","34548451196","302028390","4717330486","2","34548451196"
"Dreams & Nightmares Case","Counter-Strike 2","15 Nov","15 Nov","$1.20 USD","120","purchase","Dreams & Nightmares Case","730","2","34410365312","302028390","4717330486","2","34410365312"
"Dreams & Nightmares Case","Counter-Strike 2","15 Nov","15 Nov","$1.19 USD","119","purchase","Dreams & Nightmares Case","730","2","34539437075","302028390","4717330486","2","34539437075"
"Dreams & Nightmares Case","Counter-Strike 2","15 Nov","15 Nov","$1.18 USD","118","purchase","Dreams & Nightmares Case","730","2","34548484850","302028390","4717330486","2","34548484850"
"Dreams & Nightmares Case","Counter-Strike 2","15 Nov","15 Nov","$1.20 USD","120","purchase","Dreams & Nightmares Case","730","2","34548484040","302028390","4717330486","2","34548484040"
"Dreams & Nightmares Case","Counter-Strike 2","15 Nov","15 Nov","$1.20 USD","120","purchase","Dreams & Nightmares Case","730","2","34403606700","302028390","4717330486","2","34403606700"
"Dreams & Nightmares Case","Counter-Strike 2","15 Nov","15 Nov","$1.20 USD","120","purchase","Dreams & Nightmares Case","730","2","34548272463","302028390","4717330486","2","34548272463"
"Dreams & Nightmares Case","Counter-Strike 2","15 Nov","15 Nov","$1.20 USD","120","purchase","Dreams & Nightmares Case","730","2","34447755859","302028390","4717330486","2","34447755859"
"Dreams & Nightmares Case","Counter-Strike 2","15 Nov","15 Nov","$1.20 USD","120","purchase","Dreams & Nightmares Case","730","2","34548455242","302028390","4717330486","2","34548455242"
"Dreams & Nightmares Case","Counter-Strike 2","15 Nov","15 Nov","$1.20 USD","120","purchase","Dreams & Nightmares Case","730","2","34544291424","302028390","4717330486","2","34544291424"
"Dreams & Nightmares Case","Counter-Strike 2","15 Nov","15 Nov","$1.20 USD","120","purchase","Dreams & Nightmares Case","730","2","31151124177","0","4717330486","2","31151124177"
"Dreams & Nightmares Case","Counter-Strike 2","15 Nov","15 Nov","$1.19 USD","119","purchase","Dreams & Nightmares Case","730","2","34548262037","302028390","4717330486","2","34548262037"
"Dreams & Nightmares Case","Counter-Strike 2","15 Nov","15 Nov","$1.20 USD","120","purchase","Dreams & Nightmares Case","730","2","34548455419","302028390","4717330486","2","34548455419"
"Dreams & Nightmares Case","Counter-Strike 2","15 Nov","15 Nov","$1.20 USD","120","purchase","Dreams & Nightmares Case","730","2","34548223782","302028390","4717330486","2","34548223782"
"Dreams & Nightmares Case","Counter-Strike 2","15 Nov","15 Nov","$1.20 USD","120","purchase","Dreams & Nightmares Case","730","2","34548443527","302028390","4717330486","2","34548443527"
"Dreams & Nightmares Case","Counter-Strike 2","15 Nov","15 Nov","$1.20 USD","120","purchase","Dreams & Nightmares Case","730","2","34403560777","302028390","4717330486","2","34403560777"
"Dreams & Nightmares Case","Counter-Strike 2","15 Nov","15 Nov","$1.20 USD","120","purchase","Dreams & Nightmares Case","730","2","34548432508","302028390","5618822419","2","34548432508"
"Dreams & Nightmares Case","Counter-Strike 2","15 Nov","15 Nov","$1.20 USD","120","purchase","Dreams & Nightmares Case","730","2","34481571630","302028390","5613097776","2","34481571630"
"Dreams & Nightmares Case","Counter-Strike 2","15 Nov","15 Nov","$1.20 USD","120","purchase","Dreams & Nightmares Case","730","2","34548356516","302028390","5618822419","2","34548356516"
"Dreams & Nightmares Case","Counter-Strike 2","15 Nov","15 Nov","$1.19 USD","119","purchase","Dreams & Nightmares Case","730","2","34547894633","302028390","4717330486","2","34547894633"
"Dreams & Nightmares Case","Counter-Strike 2","15 Nov","15 Nov","$1.18 USD","118","purchase","Dreams & Nightmares Case","730","2","34412887575","302028390","4717330486","2","34412887575"
"Dreams & Nightmares Case","Counter-Strike 2","15 Nov","15 Nov","$1.20 USD","120","purchase","Dreams & Nightmares Case","730","2","34548293575","302028390","4717330486","2","34548293575"
"Dreams & Nightmares Case","Counter-Strike 2","15 Nov","15 Nov","$1.20 USD","120","purchase","Dreams & Nightmares Case","730","2","34548433075","302028390","4717330486","2","34548433075"
"Dreams & Nightmares Case","Counter-Strike 2","15 Nov","15 Nov","$1.18 USD","118","purchase","Dreams & Nightmares Case","730","2","34221313829","302028390","4717330486","2","34221313829"
"Dreams & Nightmares Case","Counter-Strike 2","15 Nov","15 Nov","$1.20 USD","120","purchase","Dreams & Nightmares Case","730","2","34548443773","302028390","4717330486","2","34548443773"
"Dreams & Nightmares Case","Counter-Strike 2","15 Nov","15 Nov","$1.20 USD","120","purchase","Dreams & Nightmares Case","730","2","34547629320","302028390","4717330486","2","34547629320"
"Dreams & Nightmares Case","Counter-Strike 2","15 Nov","15 Nov","$1.20 USD","120","purchase","Dreams & Nightmares Case","730","2","34548445664","302028390","4717330486","2","34548445664"
"Dreams & Nightmares Case","Counter-Strike 2","15 Nov","15 Nov","$1.20 USD","120","purchase","Dreams & Nightmares Case","730","2","34548418651","302028390","4717330486","2","34548418651"
"Dreams & Nightmares Case","Counter-Strike 2","15 Nov","15 Nov","$1.18 USD","118","purchase","Dreams & Nightmares Case","730","2","34512551316","302028390","4717330486","2","34512551316"
"Dreams & Nightmares Case","Counter-Strike 2","15 Nov","15 Nov","$1.20 USD","120","purchase","Dreams & Nightmares Case","730","2","34190651910","302028390","4717330486","2","34190651910"
"Dreams & Nightmares Case","Counter-Strike 2","15 Nov","15 Nov","$1.20 USD","120","purchase","Dreams & Nightmares Case","730","2","34548422970","302028390","4717330486","2","34548422970"
"Dreams & Nightmares Case","Counter-Strike 2","15 Nov","15 Nov","$1.18 USD","118","purchase","Dreams & Nightmares Case","730","2","34547772897","302028390","4717330486","2","34547772897"
"Dreams & Nightmares Case","Counter-Strike 2","15 Nov","15 Nov","$1.20 USD","120","purchase","Dreams & Nightmares Case","730","2","34548182663","0","5618822419","2","34548182663"
"Dreams & Nightmares Case","Counter-Strike 2","15 Nov","15 Nov","$1.20 USD","120","purchase","Dreams & Nightmares Case","730","2","34132002636","302028390","4717330486","2","34132002636"
"Dreams & Nightmares Case","Counter-Strike 2","15 Nov","15 Nov","$1.20 USD","120","purchase","Dreams & Nightmares Case","730","2","34546842948","302028390","4717330486","2","34546842948"
"Dreams & Nightmares Case","Counter-Strike 2","15 Nov","15 Nov","$1.20 USD","120","purchase","Dreams & Nightmares Case","730","2","34548431309","302028390","4717330486","2","34548431309"
"P90 | Teardown","Counter-Strike 2","10 Nov","10 Nov","$0.34 USD","34","sale","P90 | Teardown (Well-Worn)","730","2","34122681938","302028390","310780779","2","34122681938"
"Sealed Graffiti | Quickdraw (Shark White)","Counter-Strike 2","23 Jul","5 Nov","$0.01 USD","1","sale","Sealed Graffiti | Quickdraw (Shark White)","730","2","30826431396","302028390","1989290639","2","30826431396"
"Sealed Graffiti | Popdog (Monster Purple)","Counter-Strike 2","23 Jul","21 Oct","$0.01 USD","1","sale","Sealed Graffiti | Popdog (Monster Purple)","730","2","29573992878","302028390","1989275515","2","29573992878"
"Dreams & Nightmares Case","Counter-Strike 2","3 Oct","4 Oct","$1.56 USD","156","sale","Dreams & Nightmares Case","730","2","33473970963","0","4717330486","2","33473970963"
"Dreams & Nightmares Case","Counter-Strike 2","3 Oct","4 Oct","$1.56 USD","156","sale","Dreams & Nightmares Case","730","2","32244945435","0","4717330486","2","32244945435"
"Dreams & Nightmares Case","Counter-Strike 2","3 Oct","4 Oct","$1.56 USD","156","sale","Dreams & Nightmares Case","730","2","31677319462","0","4717330486","2","31677319462"
"Dreams & Nightmares Case","Counter-Strike 2","3 Oct","4 Oct","$1.56 USD","156","sale","Dreams & Nightmares Case","730","2","33473971046","0","4717330486","2","33473971046"
"Dreams & Nightmares Case","Counter-Strike 2","3 Oct","4 Oct","$1.56 USD","156","sale","Dreams & Nightmares Case","730","2","31501203758","0","4717330486","2","31501203758"
"Dreams & Nightmares Case","Counter-Strike 2","3 Oct","4 Oct","$1.56 USD","156","sale","Dreams & Nightmares Case","730","2","31451680111","0","4717330486","2","31451680111"
"Dreams & Nightmares Case","Counter-Strike 2","3 Oct","4 Oct","$1.56 USD","156","sale","Dreams & Nightmares Case","730","2","31451685398","0","4717330486","2","31451685398"
"Dreams & Nightmares Case","Counter-Strike 2","3 Oct","4 Oct","$1.56 USD","156","sale","Dreams & Nightmares Case","730","2","31451676942","0","4717330486","2","31451676942"
"Dreams & Nightmares Case","Counter-Strike 2","3 Oct","4 Oct","$1.56 USD","156","sale","Dreams & Nightmares Case","730","2","31451677264","0","4717330486","2","31451677264"
"Dreams & Nightmares Case","Counter-Strike 2","3 Oct","4 Oct","$1.56 USD","156","sale","Dreams & Nightmares Case","730","2","31451679727","0","4717330486","2","31451679727"
"Dreams & Nightmares Case","Counter-Strike 2","3 Oct","4 Oct","$1.56 USD","156","sale","Dreams & Nightmares Case","730","2","31451679155","0","4717330486","2","31451679155"
"Dreams & Nightmares Case","Counter-Strike 2","3 Oct","4 Oct","$1.56 USD","156","sale","Dreams & Nightmares Case","730","2","31451676784","0","4717330486","2","31451676784"
"Dreams & Nightmares Case","Counter-Strike 2","3 Oct","4 Oct","$1.56 USD","156","sale","Dreams & Nightmares Case","730","2","31451677283","0","4717330486","2","31451677283"
"Dreams & Nightmares Case","Counter-Strike 2","3 Oct","4 Oct","$1.56 USD","156","sale","Dreams & Nightmares Case","730","2","31451677155","0","4717330486","2","31451677155"
"Dreams & Nightmares Case","Counter-Strike 2","3 Oct","4 Oct","$1.56 USD","156","sale","Dreams & Nightmares Case","730","2","31451665892","0","4717330486","2","31451665892"
"Dreams & Nightmares Case","Counter-Strike 2","3 Oct","4 Oct","$1.56 USD","156","sale","Dreams & Nightmares Case","730","2","31451673834","0","4717330486","2","31451673834"
"Dreams & Nightmares Case","Counter-Strike 2","3 Oct","4 Oct","$1.56 USD","156","sale","Dreams & Nightmares Case","730","2","31451674407","0","4717330486","2","31451674407"
"Dreams & Nightmares Case","Counter-Strike 2","3 Oct","4 Oct","$1.56 USD","156","sale","Dreams & Nightmares Case","730","2","31451678372","0","4717330486","2","31451678372"
"Dreams & Nightmares Case","Counter-Strike 2","3 Oct","4 Oct","$1.56 USD","156","sale","Dreams & Nightmares Case","730","2","31451665711","0","4717330486","2","31451665711"
"Dreams & Nightmares Case","Counter-Strike 2","3 Oct","4 Oct","$1.56 USD","156","sale","Dreams & Nightmares Case","730","2","31451668188","0","4717330486","2","31451668188"
"Dreams & Nightmares Case","Counter-Strike 2","3 Oct","4 Oct","$1.56 USD","156","sale","Dreams & Nightmares Case","730","2","31451675667","0","4717330486","2","31451675667"
"Dreams & Nightmares Case","Counter-Strike 2","3 Oct","4 Oct","$1.56 USD","156","sale","Dreams & Nightmares Case","730","2","31451669334","0","4717330486","2","31451669334"
"Dreams & Nightmares Case","Counter-Strike 2","3 Oct","4 Oct","$1.56 USD","156","sale","Dreams & Nightmares Case","730","2","31451667459","0","4717330486","2","31451667459"
"Dreams & Nightmares Case","Counter-Strike 2","3 Oct","4 Oct","$1.56 USD","156","sale","Dreams & Nightmares Case","730","2","31451656554","0","4717330486","2","31451656554"
"Dreams & Nightmares Case","Counter-Strike 2","3 Oct","4 Oct","$1.56 USD","156","sale","Dreams & Nightmares Case","730","2","31451657675","0","4717330486","2","31451657675"
"Dreams & Nightmares Case","Counter-Strike 2","3 Oct","4 Oct","$1.56 USD","156","sale","Dreams & Nightmares Case","730","2","31451663897","0","4717330486","2","31451663897"
"Dreams & Nightmares Case","Counter-Strike 2","3 Oct","4 Oct","$1.56 USD","156","sale","Dreams & Nightmares Case","730","2","31451659923","0","4717330486","2","31451659923"
"Dreams & Nightmares Case","Counter-Strike 2","3 Oct","4 Oct","$1.56 USD","156","sale","Dreams & Nightmares Case","730","2","31451655804","0","4717330486","2","31451655804"
"Dreams & Nightmares Case","Counter-Strike 2","3 Oct","4 Oct","$1.56 USD","156","sale","Dreams & Nightmares Case","730","2","31451661208","0","4717330486","2","31451661208"
"Dreams & Nightmares Case","Counter-Strike 2","3 Oct","4 Oct","$1.56 USD","156","sale","Dreams & Nightmares Case","730","2","31451660330","0","4717330486","2","31451660330"
"Dreams & Nightmares Case","Counter-Strike 2","3 Oct","4 Oct","$1.56 USD","156","sale","Dreams & Nightmares Case","730","2","31451656356","0","4717330486","2","31451656356"
"Dreams & Nightmares Case","Counter-Strike 2","3 Oct","4 Oct","$1.56 USD","156","sale","Dreams & Nightmares Case","730","2","31451651225","0","4717330486","2","31451651225"
"Dreams & Nightmares Case","Counter-Strike 2","3 Oct","4 Oct","$1.56 USD","156","sale","Dreams & Nightmares Case","730","2","31451650865","0","4717330486","2","31451650865"
"Dreams & Nightmares Case","Counter-Strike 2","3 Oct","4 Oct","$1.56 USD","156","sale","Dreams & Nightmares Case","730","2","31451651891","0","4717330486","2","31451651891"
"Dreams & Nightmares Case","Counter-Strike 2","3 Oct","4 Oct","$1.56 USD","156","sale","Dreams & Nightmares Case","730","2","31451652562","0","4717330486","2","31451652562"
"Dreams & Nightmares Case","Counter-Strike 2","3 Oct","4 Oct","$1.56 USD","156","sale","Dreams & Nightmares Case","730","2","31451652742","0","4717330486","2","31451652742"
"Dreams & Nightmares Case","Counter-Strike 2","3 Oct","4 Oct","$1.56 USD","156","sale","Dreams & Nightmares Case","730","2","31451654006","0","4717330486","2","31451654006"
"Dreams & Nightmares Case","Counter-Strike 2","3 Oct","4 Oct","$1.56 USD","156","sale","Dreams & Nightmares Case","730","2","31451652316","0","4717330486","2","31451652316"
"Dreams & Nightmares Case","Counter-Strike 2","3 Oct","4 Oct","$1.56 USD","156","sale","Dreams & Nightmares Case","730","2","31451655449","0","4717330486","2","31451655449"
"Dreams & Nightmares Case","Counter-Strike 2","3 Oct","4 Oct","$1.56 USD","156","sale","Dreams & Nightmares Case","730","2","31451646567","0","4717330486","2","31451646567"
"Dreams & Nightmares Case","Counter-Strike 2","3 Oct","4 Oct","$1.56 USD","156","sale","Dreams & Nightmares Case","730","2","31451647628","0","4717330486","2","31451647628"
"Dreams & Nightmares Case","Counter-Strike 2","3 Oct","4 Oct","$1.56 USD","156","sale","Dreams & Nightmares Case","730","2","31451642060","0","4717330486","2","31451642060"
"Dreams & Nightmares Case","Counter-Strike 2","3 Oct","4 Oct","$1.56 USD","156","sale","Dreams & Nightmares Case","730","2","31451646828","0","4717330486","2","31451646828"
"Dreams & Nightmares Case","Counter-Strike 2","3 Oct","4 Oct","$1.56 USD","156","sale","Dreams & Nightmares Case","730","2","31451645298","0","4717330486","2","31451645298"
"Dreams & Nightmares Case","Counter-Strike 2","3 Oct","4 Oct","$1.56 USD","156","sale","Dreams & Nightmares Case","730","2","31451650018","0","4717330486","2","31451650018"
"Dreams & Nightmares Case","Counter-Strike 2","3 Oct","4 Oct","$1.56 USD","156","sale","Dreams & Nightmares Case","730","2","31451642050","0","4717330486","2","31451642050"
"Dreams & Nightmares Case","Counter-Strike 2","3 Oct","4 Oct","$1.56 USD","156","sale","Dreams & Nightmares Case","730","2","31451641513","0","4717330486","2","31451641513"
"Dreams & Nightmares Case","Counter-Strike 2","3 Oct","4 Oct","$1.56 USD","156","sale","Dreams & Nightmares Case","730","2","31451642118","0","4717330486","2","31451642118"
"Dreams & Nightmares Case","Counter-Strike 2","3 Oct","4 Oct","$1.56 USD","156","sale","Dreams & Nightmares Case","730","2","31451641583","0","4717330486","2","31451641583"
"Dreams & Nightmares Case","Counter-Strike 2","3 Oct","4 Oct","$1.56 USD","156","sale","Dreams & Nightmares Case","730","2","29907346694","0","4717330486","2","29907346694"
"Dreams & Nightmares Case","Counter-Strike 2","3 Oct","4 Oct","$1.56 USD","156","sale","Dreams & Nightmares Case","730","2","31451641916","0","4717330486","2","31451641916"
"Dreams & Nightmares Case","Counter-Strike 2","3 Oct","4 Oct","$1.56 USD","156","sale","Dreams & Nightmares Case","730","2","31451641924","0","4717330486","2","31451641924"
"Dreams & Nightmares Case","Counter-Strike 2","3 Oct","4 Oct","$1.56 USD","156","sale","Dreams & Nightmares Case","730","2","31451641923","0","4717330486","2","31451641923"
"Dreams & Nightmares Case","Counter-Strike 2","3 Oct","4 Oct","$1.56 USD","156","sale","Dreams & Nightmares Case","730","2","31451641918","0","4717330486","2","31451641918"
"Dreams & Nightmares Case","Counter-Strike 2","3 Oct","4 Oct","$1.56 USD","156","sale","Dreams & Nightmares Case","730","2","31451641892","0","4717330486","2","31451641892"
"Malians (Trading Card)","Age of Empires IV: Anniversary Edition Trading Card","8 Jun","3 Oct","$0.05 USD","5","purchase","1466860-Malians (Trading Card)","753","6","24960792388","0","5046818036","6","25781296811"
"Rus (Trading Card)","Age of Empires IV: Anniversary Edition Trading Card","1 Oct","3 Oct","$0.04 USD","4","purchase","1466860-Rus (Trading Card)","753","6","27368928219","0","5046818019","6","27576138681"
"Mongols (Trading Card)","Age of Empires IV: Anniversary Edition Trading Card","16 Sep","3 Oct","$0.05 USD","5","purchase","1466860-Mongols (Trading Card)","753","6","22353361024","0","5046818292","6","27444734143"
"Holy Roman Empire (Trading Card)","Age of Empires IV: Anniversary Edition Trading Card","1 Oct","3 Oct","$0.04 USD","4","purchase","1466860-Holy Roman Empire (Trading Card)","753","6","27255122715","0","5046818602","6","27574619231"
"French (Trading Card)","Age of Empires IV: Anniversary Edition Trading Card","30 Sep","3 Oct","$0.04 USD","4","purchase","1466860-French (Trading Card)","753","6","27514485192","0","5046818211","6","27568919498"
"Ottomans (Trading Card)","Age of Empires IV: Anniversary Edition Trading Card","30 Sep","3 Oct","$0.04 USD","4","purchase","1466860-Ottomans (Trading Card)","753","6","27246055084","0","5046817943","6","27567920461"
"English (Trading Card)","Age of Empires IV: Anniversary Edition Trading Card","29 Sep","3 Oct","$0.04 USD","4","purchase","1466860-English (Trading Card)","753","6","27504411858","0","5046818242","6","27559762983"
"Delhi Sultanate (Trading Card)","Age of Empires IV: Anniversary Edition Trading Card","19 Jun","3 Oct","$0.05 USD","5","purchase","1466860-Delhi Sultanate (Trading Card)","753","6","25822387396","0","5046818236","6","25898721846"
"Chinese (Trading Card)","Age of Empires IV: Anniversary Edition Trading Card","23 May","3 Oct","$0.05 USD","5","purchase","1466860-Chinese (Trading Card)","753","6","22353054705","0","5046818257","6","25610410578"
"Abbasid Dynasty","Age of Empires IV: Anniversary Edition Trading Card","30 Sep","3 Oct","$0.04 USD","4","purchase","1466860-Abbasid Dynasty","753","6","27287153365","0","5046817875","6","27568253035"
"Malians (Trading Card)","Age of Empires IV: Anniversary Edition Trading Card","2 Jun","3 Oct","$0.05 USD","5","purchase","1466860-Malians (Trading Card)","753","6","22351457597","0","5046818036","6","25719779637"
"Rus (Trading Card)","Age of Empires IV: Anniversary Edition Trading Card","1 Oct","3 Oct","$0.04 USD","4","purchase","1466860-Rus (Trading Card)","753","6","27368928220","0","5046818019","6","27576138680"
"Mongols (Trading Card)","Age of Empires IV: Anniversary Edition Trading Card","15 Sep","3 Oct","$0.05 USD","5","purchase","1466860-Mongols (Trading Card)","753","6","22350427473","0","5046818292","6","27444031988"
"Holy Roman Empire (Trading Card)","Age of Empires IV: Anniversary Edition Trading Card","1 Oct","3 Oct","$0.04 USD","4","purchase","1466860-Holy Roman Empire (Trading Card)","753","6","27255122717","0","5046818602","6","27574619228"
"French (Trading Card)","Age of Empires IV: Anniversary Edition Trading Card","30 Sep","3 Oct","$0.04 USD","4","purchase","1466860-French (Trading Card)","753","6","27514485194","0","5046818211","6","27568919494"
"Ottomans (Trading Card)","Age of Empires IV: Anniversary Edition Trading Card","30 Sep","3 Oct","$0.04 USD","4","purchase","1466860-Ottomans (Trading Card)","753","6","27246055087","0","5046817943","6","27567920460"
"English (Trading Card)","Age of Empires IV: Anniversary Edition Trading Card","29 Sep","3 Oct","$0.04 USD","4","purchase","1466860-English (Trading Card)","753","6","27507324642","0","5046818242","6","27559762981"
"Delhi Sultanate (Trading Card)","Age of Empires IV: Anniversary Edition Trading Card","19 Jun","3 Oct","$0.05 USD","5","purchase","1466860-Delhi Sultanate (Trading Card)","753","6","25821825724","0","5046818236","6","25898721842"
"Chinese (Trading Card)","Age of Empires IV: Anniversary Edition Trading Card","23 May","3 Oct","$0.05 USD","5","purchase","1466860-Chinese (Trading Card)","753","6","22354640346","0","5046818257","6","25610346978"
"Abbasid Dynasty","Age of Empires IV: Anniversary Edition Trading Card","30 Sep","3 Oct","$0.04 USD","4","purchase","1466860-Abbasid Dynasty","753","6","27294928006","0","5046817875","6","27568253017"
"Mongols (Trading Card)","Age of Empires IV: Anniversary Edition Trading Card","15 Sep","3 Oct","$0.05 USD","5","purchase","1466860-Mongols (Trading Card)","753","6","22353468202","0","5046818292","6","27444031973"
"Delhi Sultanate (Trading Card)","Age of Empires IV: Anniversary Edition Trading Card","19 Jun","3 Oct","$0.05 USD","5","purchase","1466860-Delhi Sultanate (Trading Card)","753","6","25822851528","0","5046818236","6","25898721839"
"Chinese (Trading Card)","Age of Empires IV: Anniversary Edition Trading Card","23 May","3 Oct","$0.05 USD","5","purchase","1466860-Chinese (Trading Card)","753","6","22349202694","0","5046818257","6","25607560828"
"Malians (Trading Card)","Age of Empires IV: Anniversary Edition Trading Card","3 Oct","3 Oct","$0.04 USD","4","purchase","1466860-Malians (Trading Card)","753","6","22351217734","0","5046818036","6","27597432887"
"Rus (Trading Card)","Age of Empires IV: Anniversary Edition Trading Card","1 Oct","3 Oct","$0.04 USD","4","purchase","1466860-Rus (Trading Card)","753","6","27368928221","0","5046818019","6","27576138679"
"Holy Roman Empire (Trading Card)","Age of Empires IV: Anniversary Edition Trading Card","1 Oct","3 Oct","$0.04 USD","4","purchase","1466860-Holy Roman Empire (Trading Card)","753","6","27255122720","0","5046818602","6","27574619225"
"French (Trading Card)","Age of Empires IV: Anniversary Edition Trading Card","30 Sep","3 Oct","$0.04 USD","4","purchase","1466860-French (Trading Card)","753","6","27328467986","0","5046818211","6","27568105361"
"Ottomans (Trading Card)","Age of Empires IV: Anniversary Edition Trading Card","30 Sep","3 Oct","$0.04 USD","4","purchase","1466860-Ottomans (Trading Card)","753","6","27246055065","0","5046817943","6","27567920457"
"English (Trading Card)","Age of Empires IV: Anniversary Edition Trading Card","29 Sep","3 Oct","$0.04 USD","4","purchase","1466860-English (Trading Card)","753","6","27509331802","0","5046818242","6","27559762977"
"Abbasid Dynasty","Age of Empires IV: Anniversary Edition Trading Card","30 Sep","3 Oct","$0.04 USD","4","purchase","1466860-Abbasid Dynasty","753","6","27294928007","0","5046817875","6","27568253014"
"Mongols (Trading Card)","Age of Empires IV: Anniversary Edition Trading Card","15 Sep","3 Oct","$0.05 USD","5","purchase","1466860-Mongols (Trading Card)","753","6","26540680625","0","5046818292","6","27436054157"
"Delhi Sultanate (Trading Card)","Age of Empires IV: Anniversary Edition Trading Card","19 Jun","3 Oct","$0.05 USD","5","purchase","1466860-Delhi Sultanate (Trading Card)","753","6","25819749090","0","5046818236","6","25898721837"
"Chinese (Trading Card)","Age of Empires IV: Anniversary Edition Trading Card","22 May","3 Oct","$0.05 USD","5","purchase","1466860-Chinese (Trading Card)","753","6","22444041244","0","5046818257","6","25601164517"
"Malians (Trading Card)","Age of Empires IV: Anniversary Edition Trading Card","22 May","3 Oct","$0.05 USD","5","purchase","1466860-Malians (Trading Card)","753","6","22348959407","0","5046818036","6","25604588693"
"Rus (Trading Card)","Age of Empires IV: Anniversary Edition Trading Card","1 Oct","3 Oct","$0.04 USD","4","purchase","1466860-Rus (Trading Card)","753","6","27368928223","0","5046818019","6","27576138676"
"Holy Roman Empire (Trading Card)","Age of Empires IV: Anniversary Edition Trading Card","1 Oct","3 Oct","$0.04 USD","4","purchase","1466860-Holy Roman Empire (Trading Card)","753","6","27255122722","0","5046818602","6","27574619222"
"French (Trading Card)","Age of Empires IV: Anniversary Edition Trading Card","30 Sep","3 Oct","$0.04 USD","4","purchase","1466860-French (Trading Card)","753","6","27328467987","0","5046818211","6","27568105359"
"Ottomans (Trading Card)","Age of Empires IV: Anniversary Edition Trading Card","30 Sep","3 Oct","$0.04 USD","4","purchase","1466860-Ottomans (Trading Card)","753","6","27246055080","0","5046817943","6","27567920453"
"English (Trading Card)","Age of Empires IV: Anniversary Edition Trading Card","29 Sep","3 Oct","$0.04 USD","4","purchase","1466860-English (Trading Card)","753","6","27504411846","0","5046818242","6","27559762976"
"Abbasid Dynasty","Age of Empires IV: Anniversary Edition Trading Card","30 Sep","3 Oct","$0.04 USD","4","purchase","1466860-Abbasid Dynasty","753","6","27287153360","0","5046817875","6","27568253010"
"Malians (Trading Card)","Age of Empires IV: Anniversary Edition Trading Card","21 May","3 Oct","$0.05 USD","5","purchase","1466860-Malians (Trading Card)","753","6","22350712190","0","5046818036","6","25596200829"
"Mongols (Trading Card)","Age of Empires IV: Anniversary Edition Trading Card","3 Oct","3 Oct","$0.04 USD","4","purchase","1466860-Mongols (Trading Card)","753","6","22353893729","0","5046818292","6","27597398592"
"French (Trading Card)","Age of Empires IV: Anniversary Edition Trading Card","30 Sep","3 Oct","$0.04 USD","4","purchase","1466860-French (Trading Card)","753","6","27328467989","0","5046818211","6","27568105358"
"Delhi Sultanate (Trading Card)","Age of Empires IV: Anniversary Edition Trading Card","3 Oct","3 Oct","$0.04 USD","4","purchase","1466860-Delhi Sultanate (Trading Card)","753","6","26488615173","0","5046818236","6","27597367683"
"Chinese (Trading Card)","Age of Empires IV: Anniversary Edition Trading Card","3 Oct","3 Oct","$0.04 USD","4","purchase","1466860-Chinese (Trading Card)","753","6","26578005321","0","5046818257","6","27597367658"
"Fracture Case","Counter-Strike 2","2 Oct","3 Oct","$0.70 USD","70","sale","Fracture Case","730","2","30222172681","0","3946324730","2","30222172681"
"Fracture Case","Counter-Strike 2","2 Oct","3 Oct","$0.70 USD","70","sale","Fracture Case","730","2","30222173968","0","3946324730","2","30222173968"
"Fracture Case","Counter-Strike 2","2 Oct","3 Oct","$0.70 USD","70","sale","Fracture Case","730","2","30222175432","0","3946324730","2","30222175432"
"Fracture Case","Counter-Strike 2","2 Oct","3 Oct","$0.70 USD","70","sale","Fracture Case","730","2","30222172900","0","3946324730","2","30222172900"
"Fracture Case","Counter-Strike 2","2 Oct","3 Oct","$0.70 USD","70","sale","Fracture Case","730","2","30222175173","0","3946324730","2","30222175173"
"Fracture Case","Counter-Strike 2","2 Oct","3 Oct","$0.70 USD","70","sale","Fracture Case","730","2","30222159102","0","3946324730","2","30222159102"
"Fracture Case","Counter-Strike 2","2 Oct","3 Oct","$0.70 USD","70","sale","Fracture Case","730","2","30222174581","0","3946324730","2","30222174581"
"Fracture Case","Counter-Strike 2","2 Oct","3 Oct","$0.70 USD","70","sale","Fracture Case","730","2","30222170873","0","3946324730","2","30222170873"
"Fracture Case","Counter-Strike 2","2 Oct","3 Oct","$0.70 USD","70","sale","Fracture Case","730","2","30222153836","0","3946324730","2","30222153836"
"Fracture Case","Counter-Strike 2","2 Oct","3 Oct","$0.70 USD","70","sale","Fracture Case","730","2","30222170636","0","3946324730","2","30222170636"
"Fracture Case","Counter-Strike 2","2 Oct","3 Oct","$0.70 USD","70","sale","Fracture Case","730","2","30222156541","0","3946324730","2","30222156541"
"Fracture Case","Counter-Strike 2","2 Oct","3 Oct","$0.70 USD","70","sale","Fracture Case","730","2","30222162906","0","3946324730","2","30222162906"
"Fracture Case","Counter-Strike 2","2 Oct","3 Oct","$0.70 USD","70","sale","Fracture Case","730","2","30222163023","0","3946324730","2","30222163023"
"Fracture Case","Counter-Strike 2","2 Oct","3 Oct","$0.70 USD","70","sale","Fracture Case","730","2","30222122161","0","3946324730","2","30222122161"
"Fracture Case","Counter-Strike 2","2 Oct","3 Oct","$0.70 USD","70","sale","Fracture Case","730","2","30222171211","0","3946324730","2","30222171211"
"Fracture Case","Counter-Strike 2","2 Oct","3 Oct","$0.70 USD","70","sale","Fracture Case","730","2","30222122178","0","3946324730","2","30222122178"
"Fracture Case","Counter-Strike 2","2 Oct","3 Oct","$0.70 USD","70","sale","Fracture Case","730","2","30222122182","0","3946324730","2","30222122182"
"Fracture Case","Counter-Strike 2","2 Oct","3 Oct","$0.70 USD","70","sale","Fracture Case","730","2","30222122205","0","3946324730","2","30222122205"
"Fracture Case","Counter-Strike 2","2 Oct","3 Oct","$0.70 USD","70","sale","Fracture Case","730","2","30222153971","0","3946324730","2","30222153971"
"Fracture Case","Counter-Strike 2","2 Oct","3 Oct","$0.70 USD","70","sale","Fracture Case","730","2","30222122186","0","3946324730","2","30222122186"
"Fracture Case","Counter-Strike 2","2 Oct","3 Oct","$0.70 USD","70","sale","Fracture Case","730","2","30222153333","0","3946324730","2","30222153333"
"Fracture Case","Counter-Strike 2","2 Oct","3 Oct","$0.70 USD","70","sale","Fracture Case","730","2","30222122132","0","3946324730","2","30222122132"
"Fracture Case","Counter-Strike 2","2 Oct","3 Oct","$0.70 USD","70","sale","Fracture Case","730","2","30222122176","0","3946324730","2","30222122176"
"Fracture Case","Counter-Strike 2","2 Oct","3 Oct","$0.70 USD","70","sale","Fracture Case","730","2","30222122158","0","3946324730","2","30222122158"
"Fracture Case","Counter-Strike 2","2 Oct","3 Oct","$0.70 USD","70","sale","Fracture Case","730","2","30222122151","0","3946324730","2","30222122151"
"Fracture Case","Counter-Strike 2","2 Oct","3 Oct","$0.70 USD","70","sale","Fracture Case","730","2","30222122135","0","3946324730","2","30222122135"
"Fracture Case","Counter-Strike 2","2 Oct","3 Oct","$0.70 USD","70","sale","Fracture Case","730","2","30222122127","0","3946324730","2","30222122127"
"Fracture Case","Counter-Strike 2","2 Oct","3 Oct","$0.70 USD","70","sale","Fracture Case","730","2","30222122116","0","3946324730","2","30222122116"
"Fracture Case","Counter-Strike 2","2 Oct","3 Oct","$0.70 USD","70","sale","Fracture Case","730","2","30222122155","0","3946324730","2","30222122155"
"Fracture Case","Counter-Strike 2","2 Oct","3 Oct","$0.70 USD","70","sale","Fracture Case","730","2","30222122146","0","3946324730","2","30222122146"
"Fracture Case","Counter-Strike 2","2 Oct","3 Oct","$0.70 USD","70","sale","Fracture Case","730","2","30222122009","0","3946324730","2","30222122009"
"Fracture Case","Counter-Strike 2","2 Oct","3 Oct","$0.70 USD","70","sale","Fracture Case","730","2","30222122077","0","3946324730","2","30222122077"
"Fracture Case","Counter-Strike 2","2 Oct","3 Oct","$0.70 USD","70","sale","Fracture Case","730","2","30222122056","0","3946324730","2","30222122056"
"Fracture Case","Counter-Strike 2","2 Oct","3 Oct","$0.70 USD","70","sale","Fracture Case","730","2","30222122111","0","3946324730","2","30222122111"
"Fracture Case","Counter-Strike 2","2 Oct","3 Oct","$0.70 USD","70","sale","Fracture Case","730","2","30222122029","0","3946324730","2","30222122029"
"Fracture Case","Counter-Strike 2","2 Oct","3 Oct","$0.70 USD","70","sale","Fracture Case","730","2","30222122067","0","3946324730","2","30222122067"
"Fracture Case","Counter-Strike 2","2 Oct","3 Oct","$0.70 USD","70","sale","Fracture Case","730","2","30222122072","0","3946324730","2","30222122072"
"Fracture Case","Counter-Strike 2","2 Oct","3 Oct","$0.70 USD","70","sale","Fracture Case","730","2","30222122082","0","3946324730","2","30222122082"
"Fracture Case","Counter-Strike 2","2 Oct","3 Oct","$0.70 USD","70","sale","Fracture Case","730","2","30222121910","0","3946324730","2","30222121910"
"Fracture Case","Counter-Strike 2","2 Oct","3 Oct","$0.70 USD","70","sale","Fracture Case","730","2","30222121915","0","3946324730","2","30222121915"
"Fracture Case","Counter-Strike 2","2 Oct","3 Oct","$0.70 USD","70","sale","Fracture Case","730","2","30222122007","0","3946324730","2","30222122007"
"Fracture Case","Counter-Strike 2","2 Oct","3 Oct","$0.70 USD","70","sale","Fracture Case","730","2","30222121933","0","3946324730","2","30222121933"
"Fracture Case","Counter-Strike 2","2 Oct","3 Oct","$0.70 USD","70","sale","Fracture Case","730","2","30222121990","0","3946324730","2","30222121990"
"Fracture Case","Counter-Strike 2","2 Oct","3 Oct","$0.70 USD","70","sale","Fracture Case","730","2","30222121946","0","3946324730","2","30222121946"
"Fracture Case","Counter-Strike 2","2 Oct","3 Oct","$0.70 USD","70","sale","Fracture Case","730","2","30222121934","0","3946324730","2","30222121934"
"Fracture Case","Counter-Strike 2","2 Oct","3 Oct","$0.70 USD","70","sale","Fracture Case","730","2","30222122008","0","3946324730","2","30222122008"
"Fracture Case","Counter-Strike 2","2 Oct","3 Oct","$0.70 USD","70","sale","Fracture Case","730","2","30222177007","0","3946324730","2","30222177007"
"Fracture Case","Counter-Strike 2","2 Oct","3 Oct","$0.70 USD","70","sale","Fracture Case","730","2","30222176129","0","3946324730","2","30222176129"
"Fracture Case","Counter-Strike 2","2 Oct","3 Oct","$0.70 USD","70","sale","Fracture Case","730","2","31625887943","0","3946324730","2","31625887943"
"Fracture Case","Counter-Strike 2","2 Oct","3 Oct","$0.70 USD","70","sale","Fracture Case","730","2","32070425569","0","3946324730","2","32070425569"
"Fracture Case","Counter-Strike 2","2 Oct","3 Oct","$0.70 USD","70","sale","Fracture Case","730","2","33473970902","0","5532158050","2","33473970902"
"Fracture Case","Counter-Strike 2","2 Oct","3 Oct","$0.70 USD","70","sale","Fracture Case","730","2","33473970920","0","5532158050","2","33473970920"
"Fracture Case","Counter-Strike 2","2 Oct","3 Oct","$0.70 USD","70","sale","Fracture Case","730","2","33473970949","0","5532158050","2","33473970949"
"Fracture Case","Counter-Strike 2","2 Oct","3 Oct","$0.70 USD","70","sale","Fracture Case","730","2","33473970975","0","5532158050","2","33473970975"
"Fracture Case","Counter-Strike 2","2 Oct","2 Oct","$0.69 USD","69","sale","Fracture Case","730","2","30919242689","0","3946324730","2","30919242689"
"Fracture Case","Counter-Strike 2","2 Oct","2 Oct","$0.69 USD","69","sale","Fracture Case","730","2","30919244361","0","3946324730","2","30919244361"
"Fracture Case","Counter-Strike 2","2 Oct","2 Oct","$0.69 USD","69","sale","Fracture Case","730","2","30919244070","0","3946324730","2","30919244070"
"Danger Zone Case","Counter-Strike 2","2 Oct","2 Oct","$0.81 USD","81","sale","Danger Zone Case","730","2","30395064662","0","3106076656","2","30395064662"
"Danger Zone Case","Counter-Strike 2","2 Oct","2 Oct","$0.81 USD","81","sale","Danger Zone Case","730","2","30395320811","0","3106076656","2","30395320811"
"Danger Zone Case","Counter-Strike 2","2 Oct","2 Oct","$0.81 USD","81","sale","Danger Zone Case","730","2","30395104178","0","3106076656","2","30395104178"
"Danger Zone Case","Counter-Strike 2","2 Oct","2 Oct","$0.81 USD","81","sale","Danger Zone Case","730","2","30395110538","0","3106076656","2","30395110538"
"Danger Zone Case","Counter-Strike 2","2 Oct","2 Oct","$0.81 USD","81","sale","Danger Zone Case","730","2","30395113129","0","3106076656","2","30395113129"
"Danger Zone Case","Counter-Strike 2","2 Oct","2 Oct","$0.81 USD","81","sale","Danger Zone Case","730","2","30395111282","0","3106076656","2","30395111282"
"Danger Zone Case","Counter-Strike 2","2 Oct","2 Oct","$0.81 USD","81","sale","Danger Zone Case","730","2","30395105025","0","3106076656","2","30395105025"
"Danger Zone Case","Counter-Strike 2","2 Oct","2 Oct","$0.81 USD","81","sale","Danger Zone Case","730","2","30395075921","0","3106076656","2","30395075921"
"Danger Zone Case","Counter-Strike 2","2 Oct","2 Oct","$0.81 USD","81","sale","Danger Zone Case","730","2","30394250051","0","3106076656","2","30394250051"
"Danger Zone Case","Counter-Strike 2","2 Oct","2 Oct","$0.81 USD","81","sale","Danger Zone Case","730","2","30393957184","0","3106076656","2","30393957184"
"Danger Zone Case","Counter-Strike 2","2 Oct","2 Oct","$0.81 USD","81","sale","Danger Zone Case","730","2","30395101030","0","3106076656","2","30395101030"
"Danger Zone Case","Counter-Strike 2","2 Oct","2 Oct","$0.81 USD","81","sale","Danger Zone Case","730","2","30394553259","0","3106076656","2","30394553259"
"Danger Zone Case","Counter-Strike 2","2 Oct","2 Oct","$0.81 USD","81","sale","Danger Zone Case","730","2","30394614319","0","3106076656","2","30394614319"
"Danger Zone Case","Counter-Strike 2","2 Oct","2 Oct","$0.81 USD","81","sale","Danger Zone Case","730","2","30394871038","0","3106076656","2","30394871038"
"Danger Zone Case","Counter-Strike 2","2 Oct","2 Oct","$0.81 USD","81","sale","Danger Zone Case","730","2","30395039409","0","3106076656","2","30395039409"
"Danger Zone Case","Counter-Strike 2","2 Oct","2 Oct","$0.81 USD","81","sale","Danger Zone Case","730","2","30395078040","0","3106076656","2","30395078040"
"Danger Zone Case","Counter-Strike 2","2 Oct","2 Oct","$0.81 USD","81","sale","Danger Zone Case","730","2","30394886830","0","3106076656","2","30394886830"
"Danger Zone Case","Counter-Strike 2","2 Oct","2 Oct","$0.81 USD","81","sale","Danger Zone Case","730","2","30393957093","0","3106076656","2","30393957093"
"Danger Zone Case","Counter-Strike 2","2 Oct","2 Oct","$0.81 USD","81","sale","Danger Zone Case","730","2","30395115111","0","3106076656","2","30395115111"
"Danger Zone Case","Counter-Strike 2","2 Oct","2 Oct","$0.81 USD","81","sale","Danger Zone Case","730","2","30395104345","0","3106076656","2","30395104345"
"Danger Zone Case","Counter-Strike 2","2 Oct","2 Oct","$0.81 USD","81","sale","Danger Zone Case","730","2","30395091574","0","3106076656","2","30395091574"
"Danger Zone Case","Counter-Strike 2","2 Oct","2 Oct","$0.81 USD","81","sale","Danger Zone Case","730","2","30395085519","0","3106076656","2","30395085519"
"Danger Zone Case","Counter-Strike 2","2 Oct","2 Oct","$0.81 USD","81","sale","Danger Zone Case","730","2","30395084184","0","3106076656","2","30395084184"
"Danger Zone Case","Counter-Strike 2","2 Oct","2 Oct","$0.81 USD","81","sale","Danger Zone Case","730","2","30395117706","0","3106076656","2","30395117706"
"Danger Zone Case","Counter-Strike 2","2 Oct","2 Oct","$0.81 USD","81","sale","Danger Zone Case","730","2","30395131535","0","3106076656","2","30395131535"
"Danger Zone Case","Counter-Strike 2","2 Oct","2 Oct","$0.81 USD","81","sale","Danger Zone Case","730","2","30395204877","0","3106076656","2","30395204877"
"Danger Zone Case","Counter-Strike 2","2 Oct","2 Oct","$0.81 USD","81","sale","Danger Zone Case","730","2","30395138261","0","3106076656","2","30395138261"
"Danger Zone Case","Counter-Strike 2","2 Oct","2 Oct","$0.81 USD","81","sale","Danger Zone Case","730","2","30395121792","0","3106076656","2","30395121792"
"Danger Zone Case","Counter-Strike 2","2 Oct","2 Oct","$0.81 USD","81","sale","Danger Zone Case","730","2","30395213102","0","3106076656","2","30395213102"
"Danger Zone Case","Counter-Strike 2","2 Oct","2 Oct","$0.81 USD","81","sale","Danger Zone Case","730","2","30395276005","0","3106076656","2","30395276005"
"Danger Zone Case","Counter-Strike 2","2 Oct","2 Oct","$0.81 USD","81","sale","Danger Zone Case","730","2","30395311451","0","3106076656","2","30395311451"
"Danger Zone Case","Counter-Strike 2","2 Oct","2 Oct","$0.81 USD","81","sale","Danger Zone Case","730","2","30395332781","0","3106076656","2","30395332781"
"Danger Zone Case","Counter-Strike 2","2 Oct","2 Oct","$0.81 USD","81","sale","Danger Zone Case","730","2","30395394486","0","3106076656","2","30395394486"
"Danger Zone Case","Counter-Strike 2","2 Oct","2 Oct","$0.81 USD","81","sale","Danger Zone Case","730","2","30395399649","0","3106076656","2","30395399649"
"Danger Zone Case","Counter-Strike 2","2 Oct","2 Oct","$0.81 USD","81","sale","Danger Zone Case","730","2","30395396525","0","3106076656","2","30395396525"
"Danger Zone Case","Counter-Strike 2","2 Oct","2 Oct","$0.81 USD","81","sale","Danger Zone Case","730","2","30395662889","0","3106076656","2","30395662889"
"Danger Zone Case","Counter-Strike 2","2 Oct","2 Oct","$0.81 USD","81","sale","Danger Zone Case","730","2","30395565781","0","3106076656","2","30395565781"
"Danger Zone Case","Counter-Strike 2","2 Oct","2 Oct","$0.81 USD","81","sale","Danger Zone Case","730","2","30395398284","0","3106076656","2","30395398284"
"Danger Zone Case","Counter-Strike 2","2 Oct","2 Oct","$0.81 USD","81","sale","Danger Zone Case","730","2","30395667749","0","3106076656","2","30395667749"
"Danger Zone Case","Counter-Strike 2","2 Oct","2 Oct","$0.81 USD","81","sale","Danger Zone Case","730","2","30395670556","0","3106076656","2","30395670556"
"Danger Zone Case","Counter-Strike 2","2 Oct","2 Oct","$0.81 USD","81","sale","Danger Zone Case","730","2","30395671946","0","3106076656","2","30395671946"
"Danger Zone Case","Counter-Strike 2","2 Oct","2 Oct","$0.81 USD","81","sale","Danger Zone Case","730","2","30395669052","0","3106076656","2","30395669052"
"Danger Zone Case","Counter-Strike 2","2 Oct","2 Oct","$0.81 USD","81","sale","Danger Zone Case","730","2","30395675403","0","3106076656","2","30395675403"
"Danger Zone Case","Counter-Strike 2","2 Oct","2 Oct","$0.81 USD","81","sale","Danger Zone Case","730","2","30395677111","0","3106076656","2","30395677111"
"Danger Zone Case","Counter-Strike 2","2 Oct","2 Oct","$0.81 USD","81","sale","Danger Zone Case","730","2","30395711339","0","3106076656","2","30395711339"
"Danger Zone Case","Counter-Strike 2","2 Oct","2 Oct","$0.81 USD","81","sale","Danger Zone Case","730","2","30395713494","0","3106076656","2","30395713494"
"Sealed Graffiti | Sheriff (Wire Blue)","Counter-Strike 2","23 Jul","20 Sep","$0.01 USD","1","sale","Sealed Graffiti | Sheriff (Wire Blue)","730","2","23294711806","302028390","1989279967","2","23294711806"
"Sealed Graffiti | Cocky (Frog Green)","Counter-Strike 2","23 Jul","2 Sep","$0.01 USD","1","sale","Sealed Graffiti | Cocky (Frog Green)","730","2","23199189525","302028390","1989293155","2","23199189525"
"Revolution Case","Counter-Strike 2","18 Aug","18 Aug","$1.15 USD","115","purchase","Revolution Case","730","2","32477976244","0","5472271355","2","32477976244"
"Snakebite Case","Counter-Strike 2","16 Aug","16 Aug","$0.32 USD","32","purchase","Snakebite Case","730","2","32431671573","0","4418618853","2","32431671573"
"Snakebite Case","Counter-Strike 2","16 Aug","16 Aug","$0.32 USD","32","purchase","Snakebite Case","730","2","32433126226","0","4418618853","2","32433126226"
"Snakebite Case","Counter-Strike 2","16 Aug","16 Aug","$0.32 USD","32","purchase","Snakebite Case","730","2","27688516579","0","4418618853","2","27688516579"
"Snakebite Case","Counter-Strike 2","16 Aug","16 Aug","$0.32 USD","32","purchase","Snakebite Case","730","2","32431066862","0","5469118776","2","32431066862"
"Snakebite Case","Counter-Strike 2","16 Aug","16 Aug","$0.32 USD","32","purchase","Snakebite Case","730","2","32431067203","0","5469118776","2","32431067203"
"Snakebite Case","Counter-Strike 2","16 Aug","16 Aug","$0.32 USD","32","purchase","Snakebite Case","730","2","32433130512","0","4418618853","2","32433130512"
"Snakebite Case","Counter-Strike 2","16 Aug","16 Aug","$0.32 USD","32","purchase","Snakebite Case","730","2","32433127437","0","4418618853","2","32433127437"
"Snakebite Case","Counter-Strike 2","16 Aug","16 Aug","$0.32 USD","32","purchase","Snakebite Case","730","2","32433102047","0","4418618853","2","32433102047"
"Snakebite Case","Counter-Strike 2","16 Aug","16 Aug","$0.32 USD","32","purchase","Snakebite Case","730","2","32433120402","0","5469118776","2","32433120402"
"Snakebite Case","Counter-Strike 2","16 Aug","16 Aug","$0.32 USD","32","purchase","Snakebite Case","730","2","32432013882","0","4418618853","2","32432013882"
"Snakebite Case","Counter-Strike 2","16 Aug","16 Aug","$0.32 USD","32","purchase","Snakebite Case","730","2","32433114847","0","5469118776","2","32433114847"
"Snakebite Case","Counter-Strike 2","16 Aug","16 Aug","$0.32 USD","32","purchase","Snakebite Case","730","2","32433096316","0","4418618853","2","32433096316"
"Snakebite Case","Counter-Strike 2","16 Aug","16 Aug","$0.32 USD","32","purchase","Snakebite Case","730","2","32433095498","0","4418618853","2","32433095498"
"Snakebite Case","Counter-Strike 2","16 Aug","16 Aug","$0.32 USD","32","purchase","Snakebite Case","730","2","32034095108","0","4418618853","2","32034095108"
"Snakebite Case","Counter-Strike 2","16 Aug","16 Aug","$0.32 USD","32","purchase","Snakebite Case","730","2","32433094101","0","4418618853","2","32433094101"
"Snakebite Case","Counter-Strike 2","16 Aug","16 Aug","$0.32 USD","32","purchase","Snakebite Case","730","2","32432945848","0","5469118776","2","32432945848"
"Snakebite Case","Counter-Strike 2","16 Aug","16 Aug","$0.32 USD","32","purchase","Snakebite Case","730","2","32321800294","0","4418618853","2","32321800294"
"Snakebite Case","Counter-Strike 2","16 Aug","16 Aug","$0.32 USD","32","purchase","Snakebite Case","730","2","32433084746","0","4418618853","2","32433084746"
"Snakebite Case","Counter-Strike 2","16 Aug","16 Aug","$0.32 USD","32","purchase","Snakebite Case","730","2","32379816989","0","4418618853","2","32379816989"
"Snakebite Case","Counter-Strike 2","16 Aug","16 Aug","$0.32 USD","32","purchase","Snakebite Case","730","2","32433042145","0","4418618853","2","32433042145"
"Snakebite Case","Counter-Strike 2","16 Aug","16 Aug","$0.32 USD","32","purchase","Snakebite Case","730","2","32237018603","0","4418618853","2","32237018603"
"Snakebite Case","Counter-Strike 2","16 Aug","16 Aug","$0.32 USD","32","purchase","Snakebite Case","730","2","32433072470","0","4418618853","2","32433072470"
"Snakebite Case","Counter-Strike 2","16 Aug","16 Aug","$0.32 USD","32","purchase","Snakebite Case","730","2","32277322094","0","4418618853","2","32277322094"
"Snakebite Case","Counter-Strike 2","16 Aug","16 Aug","$0.32 USD","32","purchase","Snakebite Case","730","2","32433049191","0","4418618853","2","32433049191"
"Snakebite Case","Counter-Strike 2","16 Aug","16 Aug","$0.32 USD","32","purchase","Snakebite Case","730","2","32431990317","0","4418618853","2","32431990317"
"Snakebite Case","Counter-Strike 2","16 Aug","16 Aug","$0.32 USD","32","purchase","Snakebite Case","730","2","32433064426","0","4418618853","2","32433064426"
"Snakebite Case","Counter-Strike 2","16 Aug","16 Aug","$0.32 USD","32","purchase","Snakebite Case","730","2","32047600562","0","4418618853","2","32047600562"
"Snakebite Case","Counter-Strike 2","16 Aug","16 Aug","$0.32 USD","32","purchase","Snakebite Case","730","2","32433056096","0","4418618853","2","32433056096"
"Snakebite Case","Counter-Strike 2","16 Aug","16 Aug","$0.32 USD","32","purchase","Snakebite Case","730","2","32433039556","0","5469118776","2","32433039556"
"Snakebite Case","Counter-Strike 2","16 Aug","16 Aug","$0.32 USD","32","purchase","Snakebite Case","730","2","25001449014","0","4418618853","2","25001449014"
"Snakebite Case","Counter-Strike 2","16 Aug","16 Aug","$0.32 USD","32","purchase","Snakebite Case","730","2","32432970628","0","4418618853","2","32432970628"
"Snakebite Case","Counter-Strike 2","16 Aug","16 Aug","$0.32 USD","32","purchase","Snakebite Case","730","2","27103845708","0","4418618853","2","27103845708"
"Snakebite Case","Counter-Strike 2","16 Aug","16 Aug","$0.32 USD","32","purchase","Snakebite Case","730","2","32432972095","0","4418618853","2","32432972095"
"Snakebite Case","Counter-Strike 2","16 Aug","16 Aug","$0.32 USD","32","purchase","Snakebite Case","730","2","22653458599","0","4418618853","2","22653458599"
"Snakebite Case","Counter-Strike 2","16 Aug","16 Aug","$0.32 USD","32","purchase","Snakebite Case","730","2","32432821145","0","4418618853","2","32432821145"
"Snakebite Case","Counter-Strike 2","16 Aug","16 Aug","$0.32 USD","32","purchase","Snakebite Case","730","2","32432756711","0","5469118776","2","32432756711"
"Snakebite Case","Counter-Strike 2","16 Aug","16 Aug","$0.32 USD","32","purchase","Snakebite Case","730","2","31316888466","0","4418618853","2","31316888466"
"Snakebite Case","Counter-Strike 2","16 Aug","16 Aug","$0.32 USD","32","purchase","Snakebite Case","730","2","32432645073","0","4418618853","2","32432645073"
"Snakebite Case","Counter-Strike 2","16 Aug","16 Aug","$0.32 USD","32","purchase","Snakebite Case","730","2","32419238769","0","4418618853","2","32419238769"
"Snakebite Case","Counter-Strike 2","16 Aug","16 Aug","$0.32 USD","32","purchase","Snakebite Case","730","2","32294314157","0","4418618853","2","32294314157"
"Snakebite Case","Counter-Strike 2","16 Aug","16 Aug","$0.32 USD","32","purchase","Snakebite Case","730","2","32419244309","0","4418618853","2","32419244309"
"Snakebite Case","Counter-Strike 2","16 Aug","16 Aug","$0.32 USD","32","purchase","Snakebite Case","730","2","32419187568","0","4418618853","2","32419187568"
"Snakebite Case","Counter-Strike 2","16 Aug","16 Aug","$0.32 USD","32","purchase","Snakebite Case","730","2","32419252086","0","4418618853","2","32419252086"
"Snakebite Case","Counter-Strike 2","16 Aug","16 Aug","$0.32 USD","32","purchase","Snakebite Case","730","2","32419214756","0","4418618853","2","32419214756"
"Snakebite Case","Counter-Strike 2","16 Aug","16 Aug","$0.32 USD","32","purchase","Snakebite Case","730","2","31986299037","0","4418618853","2","31986299037"
"Snakebite Case","Counter-Strike 2","16 Aug","16 Aug","$0.32 USD","32","purchase","Snakebite Case","730","2","32419143261","0","4418618853","2","32419143261"
"Snakebite Case","Counter-Strike 2","16 Aug","16 Aug","$0.32 USD","32","purchase","Snakebite Case","730","2","32419224113","0","4418618853","2","32419224113"
"Snakebite Case","Counter-Strike 2","16 Aug","16 Aug","$0.32 USD","32","purchase","Snakebite Case","730","2","32419217541","0","4418618853","2","32419217541"
"Snakebite Case","Counter-Strike 2","16 Aug","16 Aug","$0.32 USD","32","purchase","Snakebite Case","730","2","32419194076","0","4418618853","2","32419194076"
"Snakebite Case","Counter-Strike 2","16 Aug","16 Aug","$0.32 USD","32","purchase","Snakebite Case","730","2","32419199366","0","4418618853","2","32419199366"
"Snakebite Case","Counter-Strike 2","16 Aug","16 Aug","$0.32 USD","32","purchase","Snakebite Case","730","2","31997444113","0","4418618853","2","31997444113"
"Snakebite Case","Counter-Strike 2","16 Aug","16 Aug","$0.32 USD","32","purchase","Snakebite Case","730","2","32419170007","0","4418618853","2","32419170007"
"Snakebite Case","Counter-Strike 2","16 Aug","16 Aug","$0.32 USD","32","purchase","Snakebite Case","730","2","32419184765","0","5467607721","2","32419184765"
"Snakebite Case","Counter-Strike 2","16 Aug","16 Aug","$0.32 USD","32","purchase","Snakebite Case","730","2","32419183887","0","5467607721","2","32419183887"
"Snakebite Case","Counter-Strike 2","16 Aug","16 Aug","$0.32 USD","32","purchase","Snakebite Case","730","2","32419134655","0","4418618853","2","32419134655"
"Snakebite Case","Counter-Strike 2","16 Aug","16 Aug","$0.32 USD","32","purchase","Snakebite Case","730","2","32391655203","0","4418618853","2","32391655203"
"Snakebite Case","Counter-Strike 2","16 Aug","16 Aug","$0.32 USD","32","purchase","Snakebite Case","730","2","32419105228","0","4418618853","2","32419105228"
"Snakebite Case","Counter-Strike 2","16 Aug","16 Aug","$0.32 USD","32","purchase","Snakebite Case","730","2","30497392362","0","4418618853","2","30497392362"
"Snakebite Case","Counter-Strike 2","16 Aug","16 Aug","$0.32 USD","32","purchase","Snakebite Case","730","2","32419134661","0","4418618853","2","32419134661"
"Snakebite Case","Counter-Strike 2","16 Aug","16 Aug","$0.32 USD","32","purchase","Snakebite Case","730","2","32419140120","0","4418618853","2","32419140120"
"Snakebite Case","Counter-Strike 2","16 Aug","16 Aug","$0.32 USD","32","purchase","Snakebite Case","730","2","32419107646","0","4418618853","2","32419107646"
"Snakebite Case","Counter-Strike 2","16 Aug","16 Aug","$0.32 USD","32","purchase","Snakebite Case","730","2","32419137961","0","4418618853","2","32419137961"
"Snakebite Case","Counter-Strike 2","16 Aug","16 Aug","$0.32 USD","32","purchase","Snakebite Case","730","2","32419114487","0","4418618853","2","32419114487"
"Snakebite Case","Counter-Strike 2","16 Aug","16 Aug","$0.32 USD","32","purchase","Snakebite Case","730","2","32416909830","0","4418618853","2","32416909830"
"Snakebite Case","Counter-Strike 2","16 Aug","16 Aug","$0.32 USD","32","purchase","Snakebite Case","730","2","32390367493","0","4418618853","2","32390367493"
"Snakebite Case","Counter-Strike 2","16 Aug","16 Aug","$0.32 USD","32","purchase","Snakebite Case","730","2","32372794417","0","4418618853","2","32372794417"
"Snakebite Case","Counter-Strike 2","16 Aug","16 Aug","$0.32 USD","32","purchase","Snakebite Case","730","2","32419107210","0","4418618853","2","32419107210"
"Snakebite Case","Counter-Strike 2","16 Aug","16 Aug","$0.32 USD","32","purchase","Snakebite Case","730","2","32418974653","0","4418618853","2","32418974653"
"Snakebite Case","Counter-Strike 2","16 Aug","16 Aug","$0.32 USD","32","purchase","Snakebite Case","730","2","32419104948","0","4418618853","2","32419104948"
"Snakebite Case","Counter-Strike 2","16 Aug","16 Aug","$0.32 USD","32","purchase","Snakebite Case","730","2","32419097191","0","4418618853","2","32419097191"
"Snakebite Case","Counter-Strike 2","16 Aug","16 Aug","$0.32 USD","32","purchase","Snakebite Case","730","2","32419100480","0","4418618853","2","32419100480"
"Snakebite Case","Counter-Strike 2","16 Aug","16 Aug","$0.32 USD","32","purchase","Snakebite Case","730","2","32418772140","0","4418618853","2","32418772140"
"Snakebite Case","Counter-Strike 2","16 Aug","16 Aug","$0.32 USD","32","purchase","Snakebite Case","730","2","32200945642","0","4418618853","2","32200945642"
"Snakebite Case","Counter-Strike 2","16 Aug","16 Aug","$0.32 USD","32","purchase","Snakebite Case","730","2","32419066746","0","4418618853","2","32419066746"
"Snakebite Case","Counter-Strike 2","16 Aug","16 Aug","$0.32 USD","32","purchase","Snakebite Case","730","2","32419076522","0","4418618853","2","32419076522"
"Snakebite Case","Counter-Strike 2","16 Aug","16 Aug","$0.32 USD","32","purchase","Snakebite Case","730","2","32257759061","0","4418618853","2","32257759061"
"Snakebite Case","Counter-Strike 2","16 Aug","16 Aug","$0.32 USD","32","purchase","Snakebite Case","730","2","31079872806","0","4418618853","2","31079872806"
"Snakebite Case","Counter-Strike 2","16 Aug","16 Aug","$0.32 USD","32","purchase","Snakebite Case","730","2","32316043333","0","4418618853","2","32316043333"
"Snakebite Case","Counter-Strike 2","16 Aug","16 Aug","$0.32 USD","32","purchase","Snakebite Case","730","2","32419031156","0","4418618853","2","32419031156"
"Snakebite Case","Counter-Strike 2","16 Aug","16 Aug","$0.32 USD","32","purchase","Snakebite Case","730","2","31170311297","0","4418618853","2","31170311297"
"Snakebite Case","Counter-Strike 2","16 Aug","16 Aug","$0.32 USD","32","purchase","Snakebite Case","730","2","32418978234","0","4418618853","2","32418978234"
"Snakebite Case","Counter-Strike 2","16 Aug","16 Aug","$0.32 USD","32","purchase","Snakebite Case","730","2","32419008740","0","4418618853","2","32419008740"
"Snakebite Case","Counter-Strike 2","16 Aug","16 Aug","$0.32 USD","32","purchase","Snakebite Case","730","2","32293837614","0","5461356686","2","32293837614"
"Snakebite Case","Counter-Strike 2","16 Aug","16 Aug","$0.32 USD","32","purchase","Snakebite Case","730","2","32419018490","0","4418618853","2","32419018490"
"Snakebite Case","Counter-Strike 2","16 Aug","16 Aug","$0.32 USD","32","purchase","Snakebite Case","730","2","32419006807","0","4418618853","2","32419006807"
"Snakebite Case","Counter-Strike 2","16 Aug","16 Aug","$0.32 USD","32","purchase","Snakebite Case","730","2","32418983675","0","4418618853","2","32418983675"
"Snakebite Case","Counter-Strike 2","16 Aug","16 Aug","$0.32 USD","32","purchase","Snakebite Case","730","2","32225134461","0","4418618853","2","32225134461"
"Snakebite Case","Counter-Strike 2","16 Aug","16 Aug","$0.32 USD","32","purchase","Snakebite Case","730","2","32418754440","0","4418618853","2","32418754440"
"Snakebite Case","Counter-Strike 2","16 Aug","16 Aug","$0.32 USD","32","purchase","Snakebite Case","730","2","32418919933","0","5467607721","2","32418919933"
"Snakebite Case","Counter-Strike 2","16 Aug","16 Aug","$0.32 USD","32","purchase","Snakebite Case","730","2","32418929651","0","4418618853","2","32418929651"
"Snakebite Case","Counter-Strike 2","16 Aug","16 Aug","$0.32 USD","32","purchase","Snakebite Case","730","2","32059004460","0","4418618853","2","32059004460"
"Snakebite Case","Counter-Strike 2","16 Aug","16 Aug","$0.32 USD","32","purchase","Snakebite Case","730","2","32416496215","0","4418618853","2","32416496215"
"Snakebite Case","Counter-Strike 2","16 Aug","16 Aug","$0.32 USD","32","purchase","Snakebite Case","730","2","27860793635","0","4418618853","2","27860793635"
"Snakebite Case","Counter-Strike 2","16 Aug","16 Aug","$0.32 USD","32","purchase","Snakebite Case","730","2","32418907403","0","5467607721","2","32418907403"
"Snakebite Case","Counter-Strike 2","16 Aug","16 Aug","$0.32 USD","32","purchase","Snakebite Case","730","2","32097809791","0","4418618853","2","32097809791"
"Snakebite Case","Counter-Strike 2","16 Aug","16 Aug","$0.32 USD","32","purchase","Snakebite Case","730","2","31493657276","0","4418618853","2","31493657276"
"Snakebite Case","Counter-Strike 2","16 Aug","16 Aug","$0.32 USD","32","purchase","Snakebite Case","730","2","32293121421","0","5461356686","2","32293121421"
"Snakebite Case","Counter-Strike 2","16 Aug","16 Aug","$0.32 USD","32","purchase","Snakebite Case","730","2","32418861975","0","4418618853","2","32418861975"
"Snakebite Case","Counter-Strike 2","16 Aug","16 Aug","$0.32 USD","32","purchase","Snakebite Case","730","2","32418709612","0","4418618853","2","32418709612"
"Snakebite Case","Counter-Strike 2","16 Aug","16 Aug","$0.32 USD","32","purchase","Snakebite Case","730","2","32307511212","0","4418618853","2","32307511212"
"Rio 2022 Dust II Souvenir Package","Counter-Strike 2","15 Aug","15 Aug","$5.87 USD","587","sale","Rio 2022 Dust II Souvenir Package","730","2","32394873006","236997301","5070479660","2","32394873006"
"MP7 | Powercore","Counter-Strike 2","15 Aug","15 Aug","$1.14 USD","114","sale","MP7 | Powercore (Minimal Wear)","730","2","29756631662","480085569","2960996317","2","29756631662"
"Rio 2022 Dust II Souvenir Package","Counter-Strike 2","15 Aug","15 Aug","$5.88 USD","588","sale","Rio 2022 Dust II Souvenir Package","730","2","29963260822","236997301","5070479660","2","29963260822"
"Sealed Graffiti | NaCl (Shark White)","Counter-Strike 2","23 Jul","13 Aug","$0.01 USD","1","sale","Sealed Graffiti | NaCl (Shark White)","730","2","29573993588","302028390","1989279141","2","29573993588"
"Sealed Graffiti | NaCl (Shark White)","Counter-Strike 2","23 Jul","13 Aug","$0.01 USD","1","sale","Sealed Graffiti | NaCl (Shark White)","730","2","31677319461","302028390","1989279141","2","31677319461"
"Sealed Graffiti | Piggles (Princess Pink)","Counter-Strike 2","23 Jul","23 Jul","$0.01 USD","1","sale","Sealed Graffiti | Piggles (Princess Pink)","730","2","31105364863","302028390","1989292750","2","31105364863"
"Recoil Case","Counter-Strike 2","23 Jul","23 Jul","$0.60 USD","60","purchase","Recoil Case","730","2","31153378199","0","4901046679","2","31153378199"
"Recoil Case","Counter-Strike 2","23 Jul","23 Jul","$0.60 USD","60","purchase","Recoil Case","730","2","31322408228","0","4901046679","2","31322408228"
"Recoil Case","Counter-Strike 2","23 Jul","23 Jul","$0.60 USD","60","purchase","Recoil Case","730","2","31563883949","0","4901046679","2","31563883949"
"Recoil Case","Counter-Strike 2","23 Jul","23 Jul","$0.60 USD","60","purchase","Recoil Case","730","2","31753994576","0","4901046679","2","31753994576"
"Rio 2022 Dust II Souvenir Package","Counter-Strike 2","23 Jul","23 Jul","$5.76 USD","576","sale","Rio 2022 Dust II Souvenir Package","730","2","28017184435","236997301","5074353838","2","28017184435"
"Sticker | Vitality (Holo) | Paris 2023","Counter-Strike 2","22 Jul","22 Jul","$3.23 USD","323","purchase","Sticker | Vitality (Holo) | Paris 2023","730","2","31739747807","188530139","5429076728","2","31739747807"
"Sticker | Vitality (Holo) | Paris 2023","Counter-Strike 2","22 Jul","22 Jul","$3.24 USD","324","purchase","Sticker | Vitality (Holo) | Paris 2023","730","2","31739732817","188530139","5429076728","2","31739732817"
"Sticker | Vitality (Holo) | Paris 2023","Counter-Strike 2","22 Jul","22 Jul","$3.24 USD","324","purchase","Sticker | Vitality (Holo) | Paris 2023","730","2","31739376181","188530139","5429076728","2","31739376181"
"Sticker | Vitality (Holo) | Paris 2023","Counter-Strike 2","22 Jul","22 Jul","$3.24 USD","324","purchase","Sticker | Vitality (Holo) | Paris 2023","730","2","31739332830","188530139","5429076728","2","31739332830"
"Sticker | Vitality (Holo) | Paris 2023","Counter-Strike 2","22 Jul","22 Jul","$3.22 USD","322","purchase","Sticker | Vitality (Holo) | Paris 2023","730","2","31739220547","188530139","5429076728","2","31739220547"
"Sticker | Vitality (Holo) | Paris 2023","Counter-Strike 2","22 Jul","22 Jul","$3.19 USD","319","purchase","Sticker | Vitality (Holo) | Paris 2023","730","2","31590945884","188530139","5420298751","2","31590945884"
"Sticker | Vitality (Holo) | Paris 2023","Counter-Strike 2","22 Jul","22 Jul","$3.24 USD","324","purchase","Sticker | Vitality (Holo) | Paris 2023","730","2","31731858826","188530139","5429076728","2","31731858826"
"Sticker | Vitality (Holo) | Paris 2023","Counter-Strike 2","22 Jul","22 Jul","$3.23 USD","323","purchase","Sticker | Vitality (Holo) | Paris 2023","730","2","31738288400","188530139","5327976320","2","31738288400"
"Sticker | Vitality (Holo) | Paris 2023","Counter-Strike 2","22 Jul","22 Jul","$3.24 USD","324","purchase","Sticker | Vitality (Holo) | Paris 2023","730","2","31730420565","188530139","5429076728","2","31730420565"
"Sticker | Vitality (Holo) | Paris 2023","Counter-Strike 2","22 Jul","22 Jul","$3.24 USD","324","purchase","Sticker | Vitality (Holo) | Paris 2023","730","2","31011366735","188530139","5327976320","2","31011366735"
"Rio 2022 Dust II Souvenir Package","Counter-Strike 2","22 Jul","22 Jul","$5.81 USD","581","sale","Rio 2022 Dust II Souvenir Package","730","2","29963297459","236997301","5076869811","2","29963297459"
"Rio 2022 Dust II Souvenir Package","Counter-Strike 2","22 Jul","22 Jul","$5.81 USD","581","sale","Rio 2022 Dust II Souvenir Package","730","2","29963287479","236997301","5070479660","2","29963287479"
"Rio 2022 Dust II Souvenir Package","Counter-Strike 2","22 Jul","22 Jul","$5.81 USD","581","sale","Rio 2022 Dust II Souvenir Package","730","2","29963282054","236997301","5070479660","2","29963282054"
"Rio 2022 Dust II Souvenir Package","Counter-Strike 2","22 Jul","22 Jul","$5.81 USD","581","sale","Rio 2022 Dust II Souvenir Package","730","2","28698349385","236997301","5074353838","2","28698349385"
"Rio 2022 Dust II Souvenir Package","Counter-Strike 2","22 Jul","22 Jul","$5.81 USD","581","sale","Rio 2022 Dust II Souvenir Package","730","2","28698347854","236997301","5074353838","2","28698347854"
"Rio 2022 Dust II Souvenir Package","Counter-Strike 2","22 Jul","22 Jul","$5.81 USD","581","sale","Rio 2022 Dust II Souvenir Package","730","2","28698348726","236997301","5074353838","2","28698348726"
"Sticker | Team Liquid (Holo) | Paris 2023","Counter-Strike 2","19 Jul","19 Jul","$3.60 USD","360","purchase","Sticker | Team Liquid (Holo) | Paris 2023","730","2","31679280837","188530139","5426073532","2","31679280837"
"Sticker | Team Liquid (Holo) | Paris 2023","Counter-Strike 2","19 Jul","19 Jul","$3.59 USD","359","purchase","Sticker | Team Liquid (Holo) | Paris 2023","730","2","31680696053","188530139","5426073532","2","31680696053"
"Dual Berettas | Drift Wood","Counter-Strike 2","19 Jul","19 Jul","$1.31 USD","131","sale","Dual Berettas | Drift Wood (Field-Tested)","730","2","29575110827","480085569","4571592628","2","29575110827"
"Sticker | Team Liquid (Holo) | Paris 2023","Counter-Strike 2","19 Jul","19 Jul","$3.59 USD","359","purchase","Sticker | Team Liquid (Holo) | Paris 2023","730","2","31631407245","188530139","5423241911","2","31631407245"
"MAG-7 | Carbon Fiber","Counter-Strike 2","19 Jul","19 Jul","$1.82 USD","182","sale","MAG-7 | Carbon Fiber (Factory New)","730","2","29581231697","480085569","4141779475","2","29581231697"
"Sticker | Team Liquid (Holo) | Paris 2023","Counter-Strike 2","19 Jul","19 Jul","$3.59 USD","359","purchase","Sticker | Team Liquid (Holo) | Paris 2023","730","2","31680841323","188530139","5426073532","2","31680841323"
"Rio 2022 Dust II Souvenir Package","Counter-Strike 2","19 Jul","19 Jul","$5.78 USD","578","sale","Rio 2022 Dust II Souvenir Package","730","2","31545557574","236997301","5076869811","2","31545557574"
"Rio 2022 Dust II Souvenir Package","Counter-Strike 2","19 Jul","19 Jul","$5.78 USD","578","sale","Rio 2022 Dust II Souvenir Package","730","2","31545558127","236997301","5076869811","2","31545558127"
"Sticker | Team Liquid (Holo) | Paris 2023","Counter-Strike 2","19 Jul","19 Jul","$3.84 USD","384","purchase","Sticker | Team Liquid (Holo) | Paris 2023","730","2","31667432384","188530139","5424642763","2","31667432384"
"Sticker | Team Liquid (Holo) | Paris 2023","Counter-Strike 2","19 Jul","19 Jul","$3.84 USD","384","purchase","Sticker | Team Liquid (Holo) | Paris 2023","730","2","31670523417","188530139","5426073532","2","31670523417"
"Sticker | Team Liquid (Holo) | Paris 2023","Counter-Strike 2","19 Jul","19 Jul","$3.84 USD","384","purchase","Sticker | Team Liquid (Holo) | Paris 2023","730","2","31670466822","188530139","5426073532","2","31670466822"
"Rio 2022 Dust II Souvenir Package","Counter-Strike 2","19 Jul","19 Jul","$5.76 USD","576","sale","Rio 2022 Dust II Souvenir Package","730","2","31669674544","236997301","5074379890","2","31669674544"
"Rio 2022 Dust II Souvenir Package","Counter-Strike 2","19 Jul","19 Jul","$5.76 USD","576","sale","Rio 2022 Dust II Souvenir Package","730","2","31669675168","236997301","5074379890","2","31669675168"
"Dreams & Nightmares Case","Counter-Strike 2","12 Jul","12 Jul","$1.21 USD","121","purchase","Dreams & Nightmares Case","730","2","31501136473","0","4717330486","2","31501136473"
"Windy","Summer In The City Trading Card","11 Jul","11 Jul","$0.04 USD","4","purchase","2459330-Windy","753","6","26515977411","0","5396063342","6","26515995144"
"Cat Nap (Trading Card)","Summer In The City Trading Card","11 Jul","11 Jul","$0.04 USD","4","purchase","2459330-Cat Nap (Trading Card)","753","6","26478229302","0","5396063338","6","26515967372"
"Happy Cat","Summer In The City Trading Card","6 Jul","11 Jul","$0.05 USD","5","purchase","2459330-Happy Cat","753","6","26304849048","0","5396063352","6","26307146261"
"Balmy","Summer In The City Trading Card","11 Jul","11 Jul","$0.04 USD","4","purchase","2459330-Balmy","753","6","26469369542","0","5396063335","6","26515401988"
"Palms","Summer In The City Trading Card","11 Jul","11 Jul","$0.04 USD","4","purchase","2459330-Palms","753","6","26308301621","0","5396063351","6","26515953898"
"Umbrella","Summer In The City Trading Card","11 Jul","11 Jul","$0.04 USD","4","purchase","2459330-Umbrella","753","6","26103145310","0","5396063350","6","26515819510"
"Dreamy","Summer In The City Trading Card","6 Jul","11 Jul","$0.05 USD","5","purchase","2459330-Dreamy","753","6","26166528262","0","5396063349","6","26305790626"
"Fishies","Summer In The City Trading Card","6 Jul","11 Jul","$0.05 USD","5","purchase","2459330-Fishies","753","6","26304302149","0","5396063341","6","26305869148"
"Parrot","Summer In The City Trading Card","6 Jul","11 Jul","$0.05 USD","5","purchase","2459330-Parrot","753","6","26305022845","0","5396063339","6","26305455228"
"Cooler Cat","Summer In The City Trading Card","6 Jul","11 Jul","$0.05 USD","5","purchase","2459330-Cooler Cat","753","6","26231394919","0","5396063347","6","26305137747"
"FAMAS | CaliCamo","Counter-Strike 2","11 Jul","11 Jul","$1.32 USD","132","sale","FAMAS | CaliCamo (Field-Tested)","730","2","29574001320","519977179","4571594377","2","29574001320"
"P250 | Metallic DDPAT","Counter-Strike 2","11 Jul","11 Jul","$0.30 USD","30","sale","P250 | Metallic DDPAT (Factory New)","730","2","29381732185","302028390","310777393","2","29381732185"
"Dreamy","Summer In The City Trading Card","6 Jul","10 Jul","$0.05 USD","5","purchase","2459330-Dreamy","753","6","26284114350","0","5396063349","6","26291383979"
"Balmy","Summer In The City Trading Card","6 Jul","10 Jul","$0.05 USD","5","purchase","2459330-Balmy","753","6","26296431836","0","5396063335","6","26305136844"
"Palms","Summer In The City Trading Card","6 Jul","10 Jul","$0.05 USD","5","purchase","2459330-Palms","753","6","26292000788","0","5396063351","6","26304477439"
"Umbrella","Summer In The City Trading Card","6 Jul","10 Jul","$0.05 USD","5","purchase","2459330-Umbrella","753","6","26295175643","0","5396063350","6","26302934551"
"Fishies","Summer In The City Trading Card","6 Jul","10 Jul","$0.05 USD","5","purchase","2459330-Fishies","753","6","26293376159","0","5396063341","6","26304016947"
"Windy","Summer In The City Trading Card","6 Jul","10 Jul","$0.05 USD","5","purchase","2459330-Windy","753","6","26293249950","0","5396063342","6","26303690799"
"Chill Breeze","Summer In The City Trading Card","6 Jul","10 Jul","$0.05 USD","5","purchase","2459330-Chill Breeze","753","6","26286884158","0","5396063348","6","26297252236"
"Parrot","Summer In The City Trading Card","6 Jul","10 Jul","$0.05 USD","5","purchase","2459330-Parrot","753","6","26295053787","0","5396063339","6","26303098986"
"Cooler Cat","Summer In The City Trading Card","6 Jul","10 Jul","$0.05 USD","5","purchase","2459330-Cooler Cat","753","6","26296983600","0","5396063347","6","26297110252"
"Rage","God of War Trading Card","10 Jul","10 Jul","$0.10 USD","10","purchase","1593500-Rage","753","6","25966134066","0","4713824585","6","26446602372"
"Brothers","God of War Trading Card","10 Jul","10 Jul","$0.10 USD","10","purchase","1593500-Brothers","753","6","26204382595","0","4713824592","6","26467324358"
"Smartest Man Alive","God of War Trading Card","9 Jul","10 Jul","$0.11 USD","11","purchase","1593500-Smartest Man Alive","753","6","19749888213","0","4713824647","6","26418677846"
"Father","God of War Trading Card","10 Jul","10 Jul","$0.10 USD","10","purchase","1593500-Father","753","6","23741578892","0","4713824646","6","26457552333"
"Witch of the Woods","God of War Trading Card","10 Jul","10 Jul","$0.09 USD","9","purchase","1593500-Witch of the Woods","753","6","26474146944","0","4713824596","6","26475459346"
"Boy","God of War Trading Card","10 Jul","10 Jul","$0.09 USD","9","purchase","1593500-Boy","753","6","26474062331","0","4713824542","6","26475664676"
"Smartest Man Alive","God of War Trading Card","9 Jul","10 Jul","$0.11 USD","11","purchase","1593500-Smartest Man Alive","753","6","21758426694","0","4713824647","6","26417267684"
"Father","God of War Trading Card","10 Jul","10 Jul","$0.10 USD","10","purchase","1593500-Father","753","6","26404905586","0","4713824646","6","26457478992"
"Rage","God of War Trading Card","10 Jul","10 Jul","$0.09 USD","9","purchase","1593500-Rage","753","6","26471790226","0","4713824585","6","26474428608"
"Witch of the Woods","God of War Trading Card","10 Jul","10 Jul","$0.09 USD","9","purchase","1593500-Witch of the Woods","753","6","26340950628","0","4713824596","6","26475096531"
"Brothers","God of War Trading Card","10 Jul","10 Jul","$0.09 USD","9","purchase","1593500-Brothers","753","6","19834099609","0","4713824592","6","26475327199"
"Boy","God of War Trading Card","10 Jul","10 Jul","$0.09 USD","9","purchase","1593500-Boy","753","6","26457703214","0","4713824542","6","26474759389"
"Dreams & Nightmares Case","Counter-Strike 2","10 Jul","10 Jul","$1.27 USD","127","purchase","Dreams & Nightmares Case","730","2","31451674250","0","4717330486","2","31451674250"
"Dreams & Nightmares Case","Counter-Strike 2","10 Jul","10 Jul","$1.27 USD","127","purchase","Dreams & Nightmares Case","730","2","29159467845","0","4717330486","2","29159467845"
"Dreams & Nightmares Case","Counter-Strike 2","10 Jul","10 Jul","$1.21 USD","121","purchase","Dreams & Nightmares Case","730","2","31374429926","0","4717330486","2","31374429926"
"Dreams & Nightmares Case","Counter-Strike 2","10 Jul","10 Jul","$1.27 USD","127","purchase","Dreams & Nightmares Case","730","2","31448889910","0","4717330486","2","31448889910"
"Dreams & Nightmares Case","Counter-Strike 2","10 Jul","10 Jul","$1.26 USD","126","purchase","Dreams & Nightmares Case","730","2","31451634025","0","4717330486","2","31451634025"
"Dreams & Nightmares Case","Counter-Strike 2","10 Jul","10 Jul","$1.26 USD","126","purchase","Dreams & Nightmares Case","730","2","31398182351","0","4717330486","2","31398182351"
"Dreams & Nightmares Case","Counter-Strike 2","10 Jul","10 Jul","$1.22 USD","122","purchase","Dreams & Nightmares Case","730","2","31398189932","0","4717330486","2","31398189932"
"Dreams & Nightmares Case","Counter-Strike 2","10 Jul","10 Jul","$1.23 USD","123","purchase","Dreams & Nightmares Case","730","2","31398115502","0","4717330486","2","31398115502"
"Dreams & Nightmares Case","Counter-Strike 2","10 Jul","10 Jul","$1.26 USD","126","purchase","Dreams & Nightmares Case","730","2","31297484414","0","4717330486","2","31297484414"
"Dreams & Nightmares Case","Counter-Strike 2","10 Jul","10 Jul","$1.24 USD","124","purchase","Dreams & Nightmares Case","730","2","31451661808","0","4717330486","2","31451661808"
"Dreams & Nightmares Case","Counter-Strike 2","10 Jul","10 Jul","$1.26 USD","126","purchase","Dreams & Nightmares Case","730","2","26338908215","0","4717330486","2","26338908215"
"Dreams & Nightmares Case","Counter-Strike 2","10 Jul","10 Jul","$1.27 USD","127","purchase","Dreams & Nightmares Case","730","2","31451570275","0","4717330486","2","31451570275"
"Dreams & Nightmares Case","Counter-Strike 2","10 Jul","10 Jul","$1.21 USD","121","purchase","Dreams & Nightmares Case","730","2","25373208158","0","4717330486","2","25373208158"
"Dreams & Nightmares Case","Counter-Strike 2","10 Jul","10 Jul","$1.27 USD","127","purchase","Dreams & Nightmares Case","730","2","29763636379","0","4717330486","2","29763636379"
"Dreams & Nightmares Case","Counter-Strike 2","10 Jul","10 Jul","$1.27 USD","127","purchase","Dreams & Nightmares Case","730","2","31451612272","0","4717330486","2","31451612272"
"Dreams & Nightmares Case","Counter-Strike 2","10 Jul","10 Jul","$1.27 USD","127","purchase","Dreams & Nightmares Case","730","2","31302475741","0","4717330486","2","31302475741"
"Dreams & Nightmares Case","Counter-Strike 2","10 Jul","10 Jul","$1.26 USD","126","purchase","Dreams & Nightmares Case","730","2","31451578590","0","4717330486","2","31451578590"
"Dreams & Nightmares Case","Counter-Strike 2","10 Jul","10 Jul","$1.23 USD","123","purchase","Dreams & Nightmares Case","730","2","28562704881","0","4717330486","2","28562704881"
"Dreams & Nightmares Case","Counter-Strike 2","10 Jul","10 Jul","$1.27 USD","127","purchase","Dreams & Nightmares Case","730","2","29587010782","0","4717330486","2","29587010782"
"Dreams & Nightmares Case","Counter-Strike 2","10 Jul","10 Jul","$1.21 USD","121","purchase","Dreams & Nightmares Case","730","2","31323049964","0","4717330486","2","31323049964"
"Dreams & Nightmares Case","Counter-Strike 2","10 Jul","10 Jul","$1.23 USD","123","purchase","Dreams & Nightmares Case","730","2","31451623147","0","4717330486","2","31451623147"
"Dreams & Nightmares Case","Counter-Strike 2","10 Jul","10 Jul","$1.27 USD","127","purchase","Dreams & Nightmares Case","730","2","31451633328","0","4717330486","2","31451633328"
"Dreams & Nightmares Case","Counter-Strike 2","10 Jul","10 Jul","$1.27 USD","127","purchase","Dreams & Nightmares Case","730","2","31451638632","0","4717330486","2","31451638632"
"Dreams & Nightmares Case","Counter-Strike 2","10 Jul","10 Jul","$1.27 USD","127","purchase","Dreams & Nightmares Case","730","2","31089505421","0","4717330486","2","31089505421"
"Dreams & Nightmares Case","Counter-Strike 2","10 Jul","10 Jul","$1.26 USD","126","purchase","Dreams & Nightmares Case","730","2","30136790544","0","4717330486","2","30136790544"
"Dreams & Nightmares Case","Counter-Strike 2","10 Jul","10 Jul","$1.24 USD","124","purchase","Dreams & Nightmares Case","730","2","31451617547","0","4717330486","2","31451617547"
"Dreams & Nightmares Case","Counter-Strike 2","10 Jul","10 Jul","$1.27 USD","127","purchase","Dreams & Nightmares Case","730","2","30269790527","0","4717330486","2","30269790527"
"Dreams & Nightmares Case","Counter-Strike 2","10 Jul","10 Jul","$1.26 USD","126","purchase","Dreams & Nightmares Case","730","2","31451613876","0","4717330486","2","31451613876"
"Dreams & Nightmares Case","Counter-Strike 2","10 Jul","10 Jul","$1.27 USD","127","purchase","Dreams & Nightmares Case","730","2","31118695798","0","4717330486","2","31118695798"
"Dreams & Nightmares Case","Counter-Strike 2","10 Jul","10 Jul","$1.27 USD","127","purchase","Dreams & Nightmares Case","730","2","31451625137","0","4717330486","2","31451625137"
"Dreams & Nightmares Case","Counter-Strike 2","10 Jul","10 Jul","$1.26 USD","126","purchase","Dreams & Nightmares Case","730","2","31239455602","0","4717330486","2","31239455602"
"Dreams & Nightmares Case","Counter-Strike 2","10 Jul","10 Jul","$1.26 USD","126","purchase","Dreams & Nightmares Case","730","2","31451577115","0","4717330486","2","31451577115"
"Dreams & Nightmares Case","Counter-Strike 2","10 Jul","10 Jul","$1.26 USD","126","purchase","Dreams & Nightmares Case","730","2","30860392498","0","4717330486","2","30860392498"
"Dreams & Nightmares Case","Counter-Strike 2","10 Jul","10 Jul","$1.27 USD","127","purchase","Dreams & Nightmares Case","730","2","26578636016","0","4717330486","2","26578636016"
"Dreams & Nightmares Case","Counter-Strike 2","10 Jul","10 Jul","$1.26 USD","126","purchase","Dreams & Nightmares Case","730","2","31451555026","0","4717330486","2","31451555026"
"Dreams & Nightmares Case","Counter-Strike 2","10 Jul","10 Jul","$1.27 USD","127","purchase","Dreams & Nightmares Case","730","2","31451583966","0","4717330486","2","31451583966"
"Dreams & Nightmares Case","Counter-Strike 2","10 Jul","10 Jul","$1.27 USD","127","purchase","Dreams & Nightmares Case","730","2","31451597610","0","4717330486","2","31451597610"
"Dreams & Nightmares Case","Counter-Strike 2","10 Jul","10 Jul","$1.26 USD","126","purchase","Dreams & Nightmares Case","730","2","29427379415","0","4717330486","2","29427379415"
"Dreams & Nightmares Case","Counter-Strike 2","10 Jul","10 Jul","$1.27 USD","127","purchase","Dreams & Nightmares Case","730","2","31449751730","0","4717330486","2","31449751730"
"Dreams & Nightmares Case","Counter-Strike 2","10 Jul","10 Jul","$1.27 USD","127","purchase","Dreams & Nightmares Case","730","2","31451603272","0","4717330486","2","31451603272"
"Dreams & Nightmares Case","Counter-Strike 2","10 Jul","10 Jul","$1.27 USD","127","purchase","Dreams & Nightmares Case","730","2","31451408794","0","5412476573","2","31451408794"
"Dreams & Nightmares Case","Counter-Strike 2","10 Jul","10 Jul","$1.27 USD","127","purchase","Dreams & Nightmares Case","730","2","31451408767","0","5412476573","2","31451408767"
"Dreams & Nightmares Case","Counter-Strike 2","10 Jul","10 Jul","$1.27 USD","127","purchase","Dreams & Nightmares Case","730","2","31451428023","0","5412476573","2","31451428023"
"Dreams & Nightmares Case","Counter-Strike 2","10 Jul","10 Jul","$1.27 USD","127","purchase","Dreams & Nightmares Case","730","2","31451408735","0","5412476573","2","31451408735"
"Dreams & Nightmares Case","Counter-Strike 2","10 Jul","10 Jul","$1.27 USD","127","purchase","Dreams & Nightmares Case","730","2","31451367925","0","5412476573","2","31451367925"
"Dreams & Nightmares Case","Counter-Strike 2","10 Jul","10 Jul","$1.27 USD","127","purchase","Dreams & Nightmares Case","730","2","31451408777","0","5412476573","2","31451408777"
"Dreams & Nightmares Case","Counter-Strike 2","10 Jul","10 Jul","$1.27 USD","127","purchase","Dreams & Nightmares Case","730","2","31451379920","0","5412476573","2","31451379920"
"Dreams & Nightmares Case","Counter-Strike 2","10 Jul","10 Jul","$1.27 USD","127","purchase","Dreams & Nightmares Case","730","2","31451367866","0","5412476573","2","31451367866"
"Dreams & Nightmares Case","Counter-Strike 2","10 Jul","10 Jul","$1.27 USD","127","purchase","Dreams & Nightmares Case","730","2","31451367825","0","5412476573","2","31451367825"
"Dreams & Nightmares Case","Counter-Strike 2","10 Jul","10 Jul","$1.27 USD","127","purchase","Dreams & Nightmares Case","730","2","31451320144","0","5412476573","2","31451320144"
"Dreams & Nightmares Case","Counter-Strike 2","10 Jul","10 Jul","$1.27 USD","127","purchase","Dreams & Nightmares Case","730","2","31451367898","0","5412476573","2","31451367898"
"Dreams & Nightmares Case","Counter-Strike 2","10 Jul","10 Jul","$1.27 USD","127","purchase","Dreams & Nightmares Case","730","2","31451367880","0","5412476573","2","31451367880"
"Dreams & Nightmares Case","Counter-Strike 2","10 Jul","10 Jul","$1.27 USD","127","purchase","Dreams & Nightmares Case","730","2","31451367848","0","5412476573","2","31451367848"
"Dreams & Nightmares Case","Counter-Strike 2","10 Jul","10 Jul","$1.27 USD","127","purchase","Dreams & Nightmares Case","730","2","31451596808","0","4717330486","2","31451596808"
"Dreams & Nightmares Case","Counter-Strike 2","10 Jul","10 Jul","$1.27 USD","127","purchase","Dreams & Nightmares Case","730","2","31451629450","0","4717330486","2","31451629450"
"Dreams & Nightmares Case","Counter-Strike 2","10 Jul","10 Jul","$1.27 USD","127","purchase","Dreams & Nightmares Case","730","2","28101729365","0","4717330486","2","28101729365"
"Cat Nap (Trading Card)","Summer In The City Trading Card","6 Jul","10 Jul","$0.05 USD","5","purchase","2459330-Cat Nap (Trading Card)","753","6","26295558988","0","5396063338","6","26304866872"
"Balmy","Summer In The City Trading Card","6 Jul","10 Jul","$0.05 USD","5","purchase","2459330-Balmy","753","6","26295878552","0","5396063335","6","26304924863"
"Palms","Summer In The City Trading Card","6 Jul","10 Jul","$0.05 USD","5","purchase","2459330-Palms","753","6","26291093650","0","5396063351","6","26304435916"
"Umbrella","Summer In The City Trading Card","6 Jul","10 Jul","$0.05 USD","5","purchase","2459330-Umbrella","753","6","26294712408","0","5396063350","6","26302919331"
"Dreamy","Summer In The City Trading Card","6 Jul","10 Jul","$0.05 USD","5","purchase","2459330-Dreamy","753","6","26289838439","0","5396063349","6","26291335251"
"Fishies","Summer In The City Trading Card","6 Jul","10 Jul","$0.05 USD","5","purchase","2459330-Fishies","753","6","26301630809","0","5396063341","6","26304024586"
"Windy","Summer In The City Trading Card","6 Jul","10 Jul","$0.05 USD","5","purchase","2459330-Windy","753","6","26295013482","0","5396063342","6","26303681449"
"Parrot","Summer In The City Trading Card","6 Jul","10 Jul","$0.05 USD","5","purchase","2459330-Parrot","753","6","26292676845","0","5396063339","6","26303090916"
"Cooler Cat","Summer In The City Trading Card","6 Jul","10 Jul","$0.05 USD","5","purchase","2459330-Cooler Cat","753","6","26293564394","0","5396063347","6","26297098708"
"Cat Nap (Trading Card)","Summer In The City Trading Card","6 Jul","10 Jul","$0.05 USD","5","purchase","2459330-Cat Nap (Trading Card)","753","6","26295518516","0","5396063338","6","26304866840"
"Balmy","Summer In The City Trading Card","6 Jul","10 Jul","$0.05 USD","5","purchase","2459330-Balmy","753","6","26295787144","0","5396063335","6","26304904314"
"Palms","Summer In The City Trading Card","6 Jul","10 Jul","$0.05 USD","5","purchase","2459330-Palms","753","6","26289893872","0","5396063351","6","26304441601"
"Umbrella","Summer In The City Trading Card","6 Jul","10 Jul","$0.05 USD","5","purchase","2459330-Umbrella","753","6","26294697428","0","5396063350","6","26302919325"
"Dreamy","Summer In The City Trading Card","6 Jul","10 Jul","$0.05 USD","5","purchase","2459330-Dreamy","753","6","26279341436","0","5396063349","6","26291345844"
"Fishies","Summer In The City Trading Card","6 Jul","10 Jul","$0.05 USD","5","purchase","2459330-Fishies","753","6","26293827187","0","5396063341","6","26304019391"
"Parrot","Summer In The City Trading Card","6 Jul","10 Jul","$0.05 USD","5","purchase","2459330-Parrot","753","6","26295040163","0","5396063339","6","26303082038"
"Cooler Cat","Summer In The City Trading Card","6 Jul","10 Jul","$0.05 USD","5","purchase","2459330-Cooler Cat","753","6","26293464799","0","5396063347","6","26297098696"
"Cat Nap (Trading Card)","Summer In The City Trading Card","3 Jul","3 Jul","$0.05 USD","5","purchase","2459330-Cat Nap (Trading Card)","753","6","26155239462","0","5396063338","6","26166271998"
"Happy Cat","Summer In The City Trading Card","3 Jul","3 Jul","$0.05 USD","5","purchase","2459330-Happy Cat","753","6","26160841250","0","5396063352","6","26166175354"
"Palms","Summer In The City Trading Card","3 Jul","3 Jul","$0.05 USD","5","purchase","2459330-Palms","753","6","26155901073","0","5396063351","6","26165957086"
"Umbrella","Summer In The City Trading Card","3 Jul","3 Jul","$0.05 USD","5","purchase","2459330-Umbrella","753","6","26158853344","0","5396063350","6","26165850627"
"Dreamy","Summer In The City Trading Card","3 Jul","3 Jul","$0.05 USD","5","purchase","2459330-Dreamy","753","6","26159987484","0","5396063349","6","26165778848"
"Fishies","Summer In The City Trading Card","3 Jul","3 Jul","$0.05 USD","5","purchase","2459330-Fishies","753","6","26155661526","0","5396063341","6","26165661997"
"Chill Breeze","Summer In The City Trading Card","3 Jul","3 Jul","$0.05 USD","5","purchase","2459330-Chill Breeze","753","6","26157419119","0","5396063348","6","26165402874"
"Clutch Case","Counter-Strike 2","3 Jul","3 Jul","$0.80 USD","80","purchase","Clutch Case","730","2","18372676860","0","2727227113","2","18372676860"
"Clutch Case","Counter-Strike 2","3 Jul","3 Jul","$0.80 USD","80","purchase","Clutch Case","730","2","30726182335","0","2727227113","2","30726182335"
"Clutch Case","Counter-Strike 2","3 Jul","3 Jul","$0.80 USD","80","purchase","Clutch Case","730","2","15849091813","0","2727227113","2","15849091813"
"Clutch Case","Counter-Strike 2","3 Jul","3 Jul","$0.80 USD","80","purchase","Clutch Case","730","2","30938986631","0","2727227113","2","30938986631"
"Clutch Case","Counter-Strike 2","3 Jul","3 Jul","$0.80 USD","80","purchase","Clutch Case","730","2","25049583694","0","2727227113","2","25049583694"
"Clutch Case","Counter-Strike 2","3 Jul","3 Jul","$0.80 USD","80","purchase","Clutch Case","730","2","27951411167","0","2727227113","2","27951411167"
"Clutch Case","Counter-Strike 2","3 Jul","3 Jul","$0.80 USD","80","purchase","Clutch Case","730","2","27928269216","0","2727227113","2","27928269216"
"Clutch Case","Counter-Strike 2","3 Jul","3 Jul","$0.80 USD","80","purchase","Clutch Case","730","2","13819130772","0","2727227113","2","13819130772"
"Clutch Case","Counter-Strike 2","3 Jul","3 Jul","$0.80 USD","80","purchase","Clutch Case","730","2","17362879791","0","2727227113","2","17362879791"
"Clutch Case","Counter-Strike 2","3 Jul","3 Jul","$0.80 USD","80","purchase","Clutch Case","730","2","17362879680","0","2727227113","2","17362879680"
"Clutch Case","Counter-Strike 2","3 Jul","3 Jul","$0.80 USD","80","purchase","Clutch Case","730","2","23643760145","0","2727227113","2","23643760145"
"Clutch Case","Counter-Strike 2","3 Jul","3 Jul","$0.80 USD","80","purchase","Clutch Case","730","2","18336384502","0","2727227113","2","18336384502"
"Clutch Case","Counter-Strike 2","3 Jul","3 Jul","$0.80 USD","80","purchase","Clutch Case","730","2","23574372998","0","2727227113","2","23574372998"
"Clutch Case","Counter-Strike 2","3 Jul","3 Jul","$0.80 USD","80","purchase","Clutch Case","730","2","19865153076","0","2727227113","2","19865153076"
"Clutch Case","Counter-Strike 2","3 Jul","3 Jul","$0.80 USD","80","purchase","Clutch Case","730","2","18435898176","0","2727227113","2","18435898176"
"Clutch Case","Counter-Strike 2","3 Jul","3 Jul","$0.80 USD","80","purchase","Clutch Case","730","2","18710316246","0","2727227113","2","18710316246"
"SSG 08 | Hand Brake","Counter-Strike 2","3 Jul","3 Jul","$0.93 USD","93","sale","SSG 08 | Hand Brake (Minimal Wear)","730","2","29619219231","480085569","5290109714","2","29619219231"
"SCAR-20 | Magna Carta","Counter-Strike 2","3 Jul","3 Jul","$12.15 USD","1215","sale","SCAR-20 | Magna Carta (Field-Tested)","730","2","31244012451","519977179","4141779090","2","31244012451"
"Clutch Case","Counter-Strike 2","3 Jul","3 Jul","$0.80 USD","80","purchase","Clutch Case","730","2","24026587361","0","2727227113","2","24026587361"
"Clutch Case","Counter-Strike 2","3 Jul","3 Jul","$0.80 USD","80","purchase","Clutch Case","730","2","28253378881","0","2727227113","2","28253378881"
"MP5-SD | Nitro","Counter-Strike 2","3 Jul","3 Jul","$1.69 USD","169","sale","MP5-SD | Nitro (Field-Tested)","730","2","31243938742","480085569","4141779083","2","31243938742"
"Recoil Case","Counter-Strike 2","30 Jun","30 Jun","$0.61 USD","61","purchase","Recoil Case","730","2","30174017779","0","4901046679","2","30174017779"
"Recoil Case","Counter-Strike 2","30 Jun","30 Jun","$0.61 USD","61","purchase","Recoil Case","730","2","31157934252","0","4901046679","2","31157934252"
"Recoil Case","Counter-Strike 2","30 Jun","30 Jun","$0.61 USD","61","purchase","Recoil Case","730","2","31019223623","0","4901046679","2","31019223623"
"Recoil Case","Counter-Strike 2","30 Jun","30 Jun","$0.61 USD","61","purchase","Recoil Case","730","2","29944295615","0","4901046679","2","29944295615"
"Recoil Case","Counter-Strike 2","30 Jun","30 Jun","$0.61 USD","61","purchase","Recoil Case","730","2","29366734178","0","4901046679","2","29366734178"
"Recoil Case","Counter-Strike 2","30 Jun","30 Jun","$0.61 USD","61","purchase","Recoil Case","730","2","30857208641","0","4901046679","2","30857208641"
"Recoil Case","Counter-Strike 2","30 Jun","30 Jun","$0.61 USD","61","purchase","Recoil Case","730","2","30990269438","0","4901046679","2","30990269438"
"Recoil Case","Counter-Strike 2","30 Jun","30 Jun","$0.61 USD","61","purchase","Recoil Case","730","2","31157885911","0","4901046679","2","31157885911"
"Recoil Case","Counter-Strike 2","30 Jun","30 Jun","$0.61 USD","61","purchase","Recoil Case","730","2","31157898011","0","4901046679","2","31157898011"
"Recoil Case","Counter-Strike 2","30 Jun","30 Jun","$0.61 USD","61","purchase","Recoil Case","730","2","31157896397","0","4901046679","2","31157896397"
"Recoil Case","Counter-Strike 2","30 Jun","30 Jun","$0.61 USD","61","purchase","Recoil Case","730","2","31157905408","0","4901046679","2","31157905408"
"Recoil Case","Counter-Strike 2","30 Jun","30 Jun","$0.61 USD","61","purchase","Recoil Case","730","2","30787481962","0","4901046679","2","30787481962"
"Recoil Case","Counter-Strike 2","30 Jun","30 Jun","$0.61 USD","61","purchase","Recoil Case","730","2","31157917629","0","5396837181","2","31157917629"
"Recoil Case","Counter-Strike 2","30 Jun","30 Jun","$0.61 USD","61","purchase","Recoil Case","730","2","30840966226","0","4901046679","2","30840966226"
"Recoil Case","Counter-Strike 2","30 Jun","30 Jun","$0.61 USD","61","purchase","Recoil Case","730","2","31149131372","0","4901046679","2","31149131372"
"Recoil Case","Counter-Strike 2","30 Jun","30 Jun","$0.61 USD","61","purchase","Recoil Case","730","2","31157891273","0","4901046679","2","31157891273"
"Recoil Case","Counter-Strike 2","30 Jun","30 Jun","$0.61 USD","61","purchase","Recoil Case","730","2","31033754266","0","4901046679","2","31033754266"
"Recoil Case","Counter-Strike 2","30 Jun","30 Jun","$0.61 USD","61","purchase","Recoil Case","730","2","31116024945","0","4901046679","2","31116024945"
"Recoil Case","Counter-Strike 2","30 Jun","30 Jun","$0.61 USD","61","purchase","Recoil Case","730","2","31139312652","0","4901046679","2","31139312652"
"Recoil Case","Counter-Strike 2","30 Jun","30 Jun","$0.61 USD","61","purchase","Recoil Case","730","2","30769997388","0","4901046679","2","30769997388"
"Recoil Case","Counter-Strike 2","30 Jun","30 Jun","$0.61 USD","61","purchase","Recoil Case","730","2","31129542149","0","5394084843","2","31129542149"
"Recoil Case","Counter-Strike 2","30 Jun","30 Jun","$0.61 USD","61","purchase","Recoil Case","730","2","31156842942","0","5395404100","2","31156842942"
"Recoil Case","Counter-Strike 2","30 Jun","30 Jun","$0.61 USD","61","purchase","Recoil Case","730","2","30676539768","0","4901046679","2","30676539768"
"Recoil Case","Counter-Strike 2","30 Jun","30 Jun","$0.61 USD","61","purchase","Recoil Case","730","2","31157829754","0","5395404100","2","31157829754"
"Recoil Case","Counter-Strike 2","30 Jun","30 Jun","$0.61 USD","61","purchase","Recoil Case","730","2","30820710571","0","4901046679","2","30820710571"
"Recoil Case","Counter-Strike 2","30 Jun","30 Jun","$0.61 USD","61","purchase","Recoil Case","730","2","31157806303","0","5395404100","2","31157806303"
"Recoil Case","Counter-Strike 2","30 Jun","30 Jun","$0.61 USD","61","purchase","Recoil Case","730","2","31157806746","0","4901046679","2","31157806746"
"Recoil Case","Counter-Strike 2","30 Jun","30 Jun","$0.61 USD","61","purchase","Recoil Case","730","2","30924708247","0","5385373073","2","30924708247"
"Antwerp 2022 Dust II Souvenir Package","Counter-Strike 2","30 Jun","30 Jun","$10.94 USD","1094","sale","Antwerp 2022 Dust II Souvenir Package","730","2","29763336633","236997301","4859153265","2","29763336633"
"Antwerp 2022 Dust II Souvenir Package","Counter-Strike 2","30 Jun","30 Jun","$10.94 USD","1094","sale","Antwerp 2022 Dust II Souvenir Package","730","2","29763337223","236997301","4859153265","2","29763337223"
"Fracture Case","Counter-Strike 2","23 Jun","23 Jun","$0.64 USD","64","purchase","Fracture Case","730","2","30919146098","0","3946324730","2","30919146098"
"Fracture Case","Counter-Strike 2","23 Jun","23 Jun","$0.64 USD","64","purchase","Fracture Case","730","2","30917749904","0","5385373071","2","30917749904"
"Fracture Case","Counter-Strike 2","23 Jun","23 Jun","$0.64 USD","64","purchase","Fracture Case","730","2","29975462175","0","3946324730","2","29975462175"
"Fracture Case","Counter-Strike 2","23 Jun","23 Jun","$0.64 USD","64","purchase","Fracture Case","730","2","30625774689","0","3946324730","2","30625774689"
"Fracture Case","Counter-Strike 2","23 Jun","23 Jun","$0.64 USD","64","purchase","Fracture Case","730","2","30725885711","0","3946324730","2","30725885711"
"Fracture Case","Counter-Strike 2","23 Jun","23 Jun","$0.64 USD","64","purchase","Fracture Case","730","2","30915245383","0","3946324730","2","30915245383"
"Fracture Case","Counter-Strike 2","23 Jun","23 Jun","$0.64 USD","64","purchase","Fracture Case","730","2","30834935423","0","3946324730","2","30834935423"
"Fracture Case","Counter-Strike 2","23 Jun","23 Jun","$0.64 USD","64","purchase","Fracture Case","730","2","20789132725","0","3946324730","2","20789132725"
"Fracture Case","Counter-Strike 2","23 Jun","23 Jun","$0.64 USD","64","purchase","Fracture Case","730","2","30919213201","0","3946324730","2","30919213201"
"Fracture Case","Counter-Strike 2","23 Jun","23 Jun","$0.64 USD","64","purchase","Fracture Case","730","2","30919149710","0","3946324730","2","30919149710"
"Fracture Case","Counter-Strike 2","23 Jun","23 Jun","$0.64 USD","64","purchase","Fracture Case","730","2","30919151772","0","3946324730","2","30919151772"
"Fracture Case","Counter-Strike 2","23 Jun","23 Jun","$0.64 USD","64","purchase","Fracture Case","730","2","30898288090","0","3946324730","2","30898288090"
"Fracture Case","Counter-Strike 2","23 Jun","23 Jun","$0.64 USD","64","purchase","Fracture Case","730","2","30714180218","0","3946324730","2","30714180218"
"Rio 2022 Legends Sticker Capsule","Counter-Strike 2","16 Jun","16 Jun","$0.41 USD","41","sale","Rio 2022 Legends Sticker Capsule","730","2","28017169840","143865972","5051655021","2","28017169840"
"Rio 2022 Legends Sticker Capsule","Counter-Strike 2","16 Jun","16 Jun","$0.41 USD","41","sale","Rio 2022 Legends Sticker Capsule","730","2","28017169841","143865972","5051655021","2","28017169841"
"Rio 2022 Legends Sticker Capsule","Counter-Strike 2","16 Jun","16 Jun","$0.41 USD","41","sale","Rio 2022 Legends Sticker Capsule","730","2","28017169844","143865972","5051655021","2","28017169844"
"Rio 2022 Legends Sticker Capsule","Counter-Strike 2","16 Jun","16 Jun","$0.41 USD","41","sale","Rio 2022 Legends Sticker Capsule","730","2","28017169842","143865972","5051655021","2","28017169842"
"Rio 2022 Legends Sticker Capsule","Counter-Strike 2","16 Jun","16 Jun","$0.41 USD","41","sale","Rio 2022 Legends Sticker Capsule","730","2","28017169846","143865972","5051655021","2","28017169846"
"Rio 2022 Legends Sticker Capsule","Counter-Strike 2","16 Jun","16 Jun","$0.41 USD","41","sale","Rio 2022 Legends Sticker Capsule","730","2","28017169847","143865972","5051655021","2","28017169847"
"Rio 2022 Legends Sticker Capsule","Counter-Strike 2","16 Jun","16 Jun","$0.41 USD","41","sale","Rio 2022 Legends Sticker Capsule","730","2","28017169843","143865972","5051655021","2","28017169843"
"Rio 2022 Legends Sticker Capsule","Counter-Strike 2","16 Jun","16 Jun","$0.41 USD","41","sale","Rio 2022 Legends Sticker Capsule","730","2","28017169845","143865972","5051655021","2","28017169845"
"Rio 2022 Legends Sticker Capsule","Counter-Strike 2","16 Jun","16 Jun","$0.41 USD","41","sale","Rio 2022 Legends Sticker Capsule","730","2","28017169833","143865972","5051655021","2","28017169833"
"Rio 2022 Legends Sticker Capsule","Counter-Strike 2","16 Jun","16 Jun","$0.41 USD","41","sale","Rio 2022 Legends Sticker Capsule","730","2","28017169834","143865972","5051655021","2","28017169834"
"Rio 2022 Legends Sticker Capsule","Counter-Strike 2","16 Jun","16 Jun","$0.41 USD","41","sale","Rio 2022 Legends Sticker Capsule","730","2","28017169835","143865972","5051655021","2","28017169835"
"Rio 2022 Legends Sticker Capsule","Counter-Strike 2","16 Jun","16 Jun","$0.41 USD","41","sale","Rio 2022 Legends Sticker Capsule","730","2","28017169836","143865972","5051655021","2","28017169836"
"Rio 2022 Legends Sticker Capsule","Counter-Strike 2","16 Jun","16 Jun","$0.41 USD","41","sale","Rio 2022 Legends Sticker Capsule","730","2","28017169837","143865972","5051655021","2","28017169837"
"Rio 2022 Legends Sticker Capsule","Counter-Strike 2","16 Jun","16 Jun","$0.41 USD","41","sale","Rio 2022 Legends Sticker Capsule","730","2","28017169838","143865972","5051655021","2","28017169838"
"Rio 2022 Legends Sticker Capsule","Counter-Strike 2","16 Jun","16 Jun","$0.41 USD","41","sale","Rio 2022 Legends Sticker Capsule","730","2","28017169839","143865972","5051655021","2","28017169839"
"Rio 2022 Legends Sticker Capsule","Counter-Strike 2","16 Jun","16 Jun","$0.41 USD","41","sale","Rio 2022 Legends Sticker Capsule","730","2","28017169832","143865972","5051655021","2","28017169832"
"Rio 2022 Legends Sticker Capsule","Counter-Strike 2","16 Jun","16 Jun","$0.41 USD","41","sale","Rio 2022 Legends Sticker Capsule","730","2","28017169831","143865972","5051655021","2","28017169831"
"Rio 2022 Legends Sticker Capsule","Counter-Strike 2","16 Jun","16 Jun","$0.41 USD","41","sale","Rio 2022 Legends Sticker Capsule","730","2","28017169830","143865972","5051655021","2","28017169830"
"Rio 2022 Legends Sticker Capsule","Counter-Strike 2","16 Jun","16 Jun","$0.41 USD","41","sale","Rio 2022 Legends Sticker Capsule","730","2","28017169828","143865972","5051655021","2","28017169828"
"Rio 2022 Legends Sticker Capsule","Counter-Strike 2","16 Jun","16 Jun","$0.41 USD","41","sale","Rio 2022 Legends Sticker Capsule","730","2","28017169829","143865972","5051655021","2","28017169829"
"Rio 2022 Legends Sticker Capsule","Counter-Strike 2","16 Jun","16 Jun","$0.41 USD","41","sale","Rio 2022 Legends Sticker Capsule","730","2","28017168772","143865972","5051655021","2","28017168772"
"Rio 2022 Legends Sticker Capsule","Counter-Strike 2","16 Jun","16 Jun","$0.41 USD","41","sale","Rio 2022 Legends Sticker Capsule","730","2","28017168770","143865972","5051655021","2","28017168770"
"Rio 2022 Legends Sticker Capsule","Counter-Strike 2","16 Jun","16 Jun","$0.41 USD","41","sale","Rio 2022 Legends Sticker Capsule","730","2","28017168769","143865972","5051655021","2","28017168769"
"Rio 2022 Legends Sticker Capsule","Counter-Strike 2","16 Jun","16 Jun","$0.41 USD","41","sale","Rio 2022 Legends Sticker Capsule","730","2","28017168767","143865972","5051655021","2","28017168767"
"Rio 2022 Legends Sticker Capsule","Counter-Strike 2","16 Jun","16 Jun","$0.41 USD","41","sale","Rio 2022 Legends Sticker Capsule","730","2","28017168771","143865972","5051655021","2","28017168771"
"Rio 2022 Legends Sticker Capsule","Counter-Strike 2","16 Jun","16 Jun","$0.41 USD","41","sale","Rio 2022 Legends Sticker Capsule","730","2","28017168768","143865972","5051655021","2","28017168768"
"Rio 2022 Legends Sticker Capsule","Counter-Strike 2","16 Jun","16 Jun","$0.41 USD","41","sale","Rio 2022 Legends Sticker Capsule","730","2","28017168761","143865972","5051655021","2","28017168761"
"Rio 2022 Legends Sticker Capsule","Counter-Strike 2","16 Jun","16 Jun","$0.41 USD","41","sale","Rio 2022 Legends Sticker Capsule","730","2","28017168762","143865972","5051655021","2","28017168762"
"Rio 2022 Legends Sticker Capsule","Counter-Strike 2","16 Jun","16 Jun","$0.41 USD","41","sale","Rio 2022 Legends Sticker Capsule","730","2","28017168763","143865972","5051655021","2","28017168763"
"Rio 2022 Legends Sticker Capsule","Counter-Strike 2","16 Jun","16 Jun","$0.41 USD","41","sale","Rio 2022 Legends Sticker Capsule","730","2","28017168764","143865972","5051655021","2","28017168764"
"Rio 2022 Legends Sticker Capsule","Counter-Strike 2","16 Jun","16 Jun","$0.41 USD","41","sale","Rio 2022 Legends Sticker Capsule","730","2","28017168766","143865972","5051655021","2","28017168766"
"Rio 2022 Legends Sticker Capsule","Counter-Strike 2","16 Jun","16 Jun","$0.41 USD","41","sale","Rio 2022 Legends Sticker Capsule","730","2","28017168765","143865972","5051655021","2","28017168765"
"Rio 2022 Legends Sticker Capsule","Counter-Strike 2","16 Jun","16 Jun","$0.41 USD","41","sale","Rio 2022 Legends Sticker Capsule","730","2","28017168754","143865972","5051655021","2","28017168754"
"Rio 2022 Legends Sticker Capsule","Counter-Strike 2","16 Jun","16 Jun","$0.41 USD","41","sale","Rio 2022 Legends Sticker Capsule","730","2","28017168755","143865972","5051655021","2","28017168755"
"Rio 2022 Legends Sticker Capsule","Counter-Strike 2","16 Jun","16 Jun","$0.41 USD","41","sale","Rio 2022 Legends Sticker Capsule","730","2","28017168756","143865972","5051655021","2","28017168756"
"Rio 2022 Legends Sticker Capsule","Counter-Strike 2","16 Jun","16 Jun","$0.41 USD","41","sale","Rio 2022 Legends Sticker Capsule","730","2","28017168757","143865972","5051655021","2","28017168757"
"Rio 2022 Legends Sticker Capsule","Counter-Strike 2","16 Jun","16 Jun","$0.41 USD","41","sale","Rio 2022 Legends Sticker Capsule","730","2","28017168758","143865972","5051655021","2","28017168758"
"Rio 2022 Legends Sticker Capsule","Counter-Strike 2","16 Jun","16 Jun","$0.41 USD","41","sale","Rio 2022 Legends Sticker Capsule","730","2","28017168759","143865972","5051655021","2","28017168759"
"Rio 2022 Legends Sticker Capsule","Counter-Strike 2","16 Jun","16 Jun","$0.41 USD","41","sale","Rio 2022 Legends Sticker Capsule","730","2","28017168760","143865972","5051655021","2","28017168760"
"Rio 2022 Legends Sticker Capsule","Counter-Strike 2","16 Jun","16 Jun","$0.41 USD","41","sale","Rio 2022 Legends Sticker Capsule","730","2","28017168753","143865972","5051655021","2","28017168753"
"Rio 2022 Legends Sticker Capsule","Counter-Strike 2","16 Jun","16 Jun","$0.41 USD","41","sale","Rio 2022 Legends Sticker Capsule","730","2","28017167444","143865972","5051655021","2","28017167444"
"Rio 2022 Legends Sticker Capsule","Counter-Strike 2","16 Jun","16 Jun","$0.41 USD","41","sale","Rio 2022 Legends Sticker Capsule","730","2","28017167445","143865972","5051655021","2","28017167445"
"Rio 2022 Legends Sticker Capsule","Counter-Strike 2","16 Jun","16 Jun","$0.41 USD","41","sale","Rio 2022 Legends Sticker Capsule","730","2","28017167446","143865972","5051655021","2","28017167446"
"Rio 2022 Legends Sticker Capsule","Counter-Strike 2","16 Jun","16 Jun","$0.41 USD","41","sale","Rio 2022 Legends Sticker Capsule","730","2","28017167439","143865972","5051655021","2","28017167439"
"Rio 2022 Legends Sticker Capsule","Counter-Strike 2","16 Jun","16 Jun","$0.41 USD","41","sale","Rio 2022 Legends Sticker Capsule","730","2","28017167440","143865972","5051655021","2","28017167440"
"Rio 2022 Legends Sticker Capsule","Counter-Strike 2","16 Jun","16 Jun","$0.41 USD","41","sale","Rio 2022 Legends Sticker Capsule","730","2","28017167441","143865972","5051655021","2","28017167441"
"Rio 2022 Legends Sticker Capsule","Counter-Strike 2","16 Jun","16 Jun","$0.41 USD","41","sale","Rio 2022 Legends Sticker Capsule","730","2","28017167443","143865972","5051655021","2","28017167443"
"Rio 2022 Legends Sticker Capsule","Counter-Strike 2","16 Jun","16 Jun","$0.41 USD","41","sale","Rio 2022 Legends Sticker Capsule","730","2","28017167442","143865972","5051655021","2","28017167442"
"Rio 2022 Legends Sticker Capsule","Counter-Strike 2","16 Jun","16 Jun","$0.41 USD","41","sale","Rio 2022 Legends Sticker Capsule","730","2","28017167433","143865972","5051655021","2","28017167433"
"Rio 2022 Legends Sticker Capsule","Counter-Strike 2","16 Jun","16 Jun","$0.41 USD","41","sale","Rio 2022 Legends Sticker Capsule","730","2","28017167434","143865972","5051655021","2","28017167434"
"Rio 2022 Legends Sticker Capsule","Counter-Strike 2","16 Jun","16 Jun","$0.41 USD","41","sale","Rio 2022 Legends Sticker Capsule","730","2","28017167435","143865972","5051655021","2","28017167435"
"Rio 2022 Legends Sticker Capsule","Counter-Strike 2","16 Jun","16 Jun","$0.41 USD","41","sale","Rio 2022 Legends Sticker Capsule","730","2","28017167437","143865972","5051655021","2","28017167437"
"Rio 2022 Legends Sticker Capsule","Counter-Strike 2","16 Jun","16 Jun","$0.41 USD","41","sale","Rio 2022 Legends Sticker Capsule","730","2","28017167436","143865972","5051655021","2","28017167436"
"Rio 2022 Legends Sticker Capsule","Counter-Strike 2","16 Jun","16 Jun","$0.41 USD","41","sale","Rio 2022 Legends Sticker Capsule","730","2","28017167438","143865972","5051655021","2","28017167438"
"Rio 2022 Legends Sticker Capsule","Counter-Strike 2","16 Jun","16 Jun","$0.41 USD","41","sale","Rio 2022 Legends Sticker Capsule","730","2","28017167431","143865972","5051655021","2","28017167431"
"Rio 2022 Legends Sticker Capsule","Counter-Strike 2","16 Jun","16 Jun","$0.41 USD","41","sale","Rio 2022 Legends Sticker Capsule","730","2","28017167432","143865972","5051655021","2","28017167432"
"Rio 2022 Legends Sticker Capsule","Counter-Strike 2","16 Jun","16 Jun","$0.41 USD","41","sale","Rio 2022 Legends Sticker Capsule","730","2","28017166393","143865972","5051655021","2","28017166393"
"Rio 2022 Legends Sticker Capsule","Counter-Strike 2","16 Jun","16 Jun","$0.41 USD","41","sale","Rio 2022 Legends Sticker Capsule","730","2","28017166395","143865972","5051655021","2","28017166395"
"Rio 2022 Legends Sticker Capsule","Counter-Strike 2","16 Jun","16 Jun","$0.41 USD","41","sale","Rio 2022 Legends Sticker Capsule","730","2","28017167427","143865972","5051655021","2","28017167427"
"Rio 2022 Legends Sticker Capsule","Counter-Strike 2","16 Jun","16 Jun","$0.41 USD","41","sale","Rio 2022 Legends Sticker Capsule","730","2","28017167428","143865972","5051655021","2","28017167428"
"Rio 2022 Legends Sticker Capsule","Counter-Strike 2","16 Jun","16 Jun","$0.41 USD","41","sale","Rio 2022 Legends Sticker Capsule","730","2","28017167429","143865972","5051655021","2","28017167429"
"Rio 2022 Legends Sticker Capsule","Counter-Strike 2","16 Jun","16 Jun","$0.41 USD","41","sale","Rio 2022 Legends Sticker Capsule","730","2","28017167430","143865972","5051655021","2","28017167430"
"Rio 2022 Legends Sticker Capsule","Counter-Strike 2","16 Jun","16 Jun","$0.41 USD","41","sale","Rio 2022 Legends Sticker Capsule","730","2","28017166392","143865972","5051655021","2","28017166392"
"Rio 2022 Legends Sticker Capsule","Counter-Strike 2","16 Jun","16 Jun","$0.41 USD","41","sale","Rio 2022 Legends Sticker Capsule","730","2","28017166388","143865972","5051655021","2","28017166388"
"Rio 2022 Legends Sticker Capsule","Counter-Strike 2","16 Jun","16 Jun","$0.41 USD","41","sale","Rio 2022 Legends Sticker Capsule","730","2","28017166386","143865972","5051655021","2","28017166386"
"Rio 2022 Legends Sticker Capsule","Counter-Strike 2","16 Jun","16 Jun","$0.41 USD","41","sale","Rio 2022 Legends Sticker Capsule","730","2","28017166389","143865972","5051655021","2","28017166389"
"Rio 2022 Legends Sticker Capsule","Counter-Strike 2","16 Jun","16 Jun","$0.41 USD","41","sale","Rio 2022 Legends Sticker Capsule","730","2","28017166394","143865972","5051655021","2","28017166394"
"Rio 2022 Legends Sticker Capsule","Counter-Strike 2","16 Jun","16 Jun","$0.41 USD","41","sale","Rio 2022 Legends Sticker Capsule","730","2","28017166383","143865972","5051655021","2","28017166383"
"Rio 2022 Legends Sticker Capsule","Counter-Strike 2","16 Jun","16 Jun","$0.41 USD","41","sale","Rio 2022 Legends Sticker Capsule","730","2","28017166390","143865972","5051655021","2","28017166390"
"Rio 2022 Legends Sticker Capsule","Counter-Strike 2","16 Jun","16 Jun","$0.41 USD","41","sale","Rio 2022 Legends Sticker Capsule","730","2","28017166387","143865972","5051655021","2","28017166387"
"Rio 2022 Legends Sticker Capsule","Counter-Strike 2","16 Jun","16 Jun","$0.41 USD","41","sale","Rio 2022 Legends Sticker Capsule","730","2","28017166391","143865972","5051655021","2","28017166391"
"Rio 2022 Legends Sticker Capsule","Counter-Strike 2","16 Jun","16 Jun","$0.41 USD","41","sale","Rio 2022 Legends Sticker Capsule","730","2","28017166385","143865972","5051655021","2","28017166385"
"Rio 2022 Legends Sticker Capsule","Counter-Strike 2","16 Jun","16 Jun","$0.41 USD","41","sale","Rio 2022 Legends Sticker Capsule","730","2","28017166376","143865972","5051655021","2","28017166376"
"Rio 2022 Legends Sticker Capsule","Counter-Strike 2","16 Jun","16 Jun","$0.41 USD","41","sale","Rio 2022 Legends Sticker Capsule","730","2","28017166380","143865972","5051655021","2","28017166380"
"Rio 2022 Legends Sticker Capsule","Counter-Strike 2","16 Jun","16 Jun","$0.41 USD","41","sale","Rio 2022 Legends Sticker Capsule","730","2","28017166382","143865972","5051655021","2","28017166382"
"Rio 2022 Legends Sticker Capsule","Counter-Strike 2","16 Jun","16 Jun","$0.41 USD","41","sale","Rio 2022 Legends Sticker Capsule","730","2","28017166377","143865972","5051655021","2","28017166377"
"Rio 2022 Legends Sticker Capsule","Counter-Strike 2","16 Jun","16 Jun","$0.41 USD","41","sale","Rio 2022 Legends Sticker Capsule","730","2","28017166378","143865972","5051655021","2","28017166378"
"Rio 2022 Legends Sticker Capsule","Counter-Strike 2","16 Jun","16 Jun","$0.41 USD","41","sale","Rio 2022 Legends Sticker Capsule","730","2","28017166379","143865972","5051655021","2","28017166379"
"Rio 2022 Legends Sticker Capsule","Counter-Strike 2","16 Jun","16 Jun","$0.41 USD","41","sale","Rio 2022 Legends Sticker Capsule","730","2","28017166381","143865972","5051655021","2","28017166381"
"Rio 2022 Legends Sticker Capsule","Counter-Strike 2","16 Jun","16 Jun","$0.41 USD","41","sale","Rio 2022 Legends Sticker Capsule","730","2","28017166384","143865972","5051655021","2","28017166384"
"Rio 2022 Legends Sticker Capsule","Counter-Strike 2","16 Jun","16 Jun","$0.41 USD","41","sale","Rio 2022 Legends Sticker Capsule","730","2","28017171146","143865972","5051655021","2","28017171146"
"Rio 2022 Legends Sticker Capsule","Counter-Strike 2","16 Jun","16 Jun","$0.41 USD","41","sale","Rio 2022 Legends Sticker Capsule","730","2","28017171148","143865972","5051655021","2","28017171148"
"Rio 2022 Legends Sticker Capsule","Counter-Strike 2","16 Jun","16 Jun","$0.41 USD","41","sale","Rio 2022 Legends Sticker Capsule","730","2","28017171147","143865972","5051655021","2","28017171147"
"Rio 2022 Legends Sticker Capsule","Counter-Strike 2","16 Jun","16 Jun","$0.41 USD","41","sale","Rio 2022 Legends Sticker Capsule","730","2","28017171149","143865972","5051655021","2","28017171149"
"Rio 2022 Legends Sticker Capsule","Counter-Strike 2","16 Jun","16 Jun","$0.41 USD","41","sale","Rio 2022 Legends Sticker Capsule","730","2","28017171150","143865972","5051655021","2","28017171150"
"Rio 2022 Legends Sticker Capsule","Counter-Strike 2","16 Jun","16 Jun","$0.41 USD","41","sale","Rio 2022 Legends Sticker Capsule","730","2","28017171151","143865972","5051655021","2","28017171151"
"Rio 2022 Legends Sticker Capsule","Counter-Strike 2","16 Jun","16 Jun","$0.41 USD","41","sale","Rio 2022 Legends Sticker Capsule","730","2","28017171152","143865972","5051655021","2","28017171152"
"Rio 2022 Legends Sticker Capsule","Counter-Strike 2","16 Jun","16 Jun","$0.41 USD","41","sale","Rio 2022 Legends Sticker Capsule","730","2","28017171157","143865972","5051655021","2","28017171157"
"Rio 2022 Legends Sticker Capsule","Counter-Strike 2","16 Jun","16 Jun","$0.41 USD","41","sale","Rio 2022 Legends Sticker Capsule","730","2","28017171156","143865972","5051655021","2","28017171156"
"Rio 2022 Legends Sticker Capsule","Counter-Strike 2","16 Jun","16 Jun","$0.41 USD","41","sale","Rio 2022 Legends Sticker Capsule","730","2","28017171154","143865972","5051655021","2","28017171154"
"Rio 2022 Legends Sticker Capsule","Counter-Strike 2","16 Jun","16 Jun","$0.41 USD","41","sale","Rio 2022 Legends Sticker Capsule","730","2","28017171153","143865972","5051655021","2","28017171153"
"Rio 2022 Legends Sticker Capsule","Counter-Strike 2","16 Jun","16 Jun","$0.41 USD","41","sale","Rio 2022 Legends Sticker Capsule","730","2","28017171155","143865972","5051655021","2","28017171155"
"Rio 2022 Legends Sticker Capsule","Counter-Strike 2","16 Jun","16 Jun","$0.41 USD","41","sale","Rio 2022 Legends Sticker Capsule","730","2","28017171158","143865972","5051655021","2","28017171158"
"Rio 2022 Legends Sticker Capsule","Counter-Strike 2","16 Jun","16 Jun","$0.41 USD","41","sale","Rio 2022 Legends Sticker Capsule","730","2","28017171159","143865972","5051655021","2","28017171159"
"Prisma Case","Counter-Strike 2","11 Jun","12 Jun","$0.70 USD","70","sale","Prisma Case","730","2","29573992575","0","3213411179","2","29573992575"
"Prisma Case","Counter-Strike 2","11 Jun","12 Jun","$0.70 USD","70","sale","Prisma Case","730","2","29573992830","0","3213411179","2","29573992830"
"Prisma Case","Counter-Strike 2","11 Jun","12 Jun","$0.70 USD","70","sale","Prisma Case","730","2","29573993386","0","3213411179","2","29573993386"
"Prisma Case","Counter-Strike 2","11 Jun","12 Jun","$0.70 USD","70","sale","Prisma Case","730","2","29573993564","0","3213411179","2","29573993564"
"Prisma Case","Counter-Strike 2","11 Jun","12 Jun","$0.70 USD","70","sale","Prisma Case","730","2","29573994098","0","3213411179","2","29573994098"
"Prisma Case","Counter-Strike 2","11 Jun","12 Jun","$0.70 USD","70","sale","Prisma Case","730","2","29573994417","0","3213411179","2","29573994417"
"Prisma Case","Counter-Strike 2","11 Jun","12 Jun","$0.70 USD","70","sale","Prisma Case","730","2","29573993995","0","3213411179","2","29573993995"
"Prisma Case","Counter-Strike 2","11 Jun","12 Jun","$0.70 USD","70","sale","Prisma Case","730","2","29573994696","0","3213411179","2","29573994696"
"Prisma Case","Counter-Strike 2","11 Jun","12 Jun","$0.70 USD","70","sale","Prisma Case","730","2","29573994931","0","3213411179","2","29573994931"
"Prisma Case","Counter-Strike 2","11 Jun","12 Jun","$0.70 USD","70","sale","Prisma Case","730","2","29573997237","0","3213411179","2","29573997237"
"Prisma Case","Counter-Strike 2","11 Jun","12 Jun","$0.70 USD","70","sale","Prisma Case","730","2","29573997156","0","3213411179","2","29573997156"
"CS20 Case","Counter-Strike 2","11 Jun","11 Jun","$0.76 USD","76","sale","CS20 Case","730","2","29573993724","0","3564864937","2","29573993724"
"CS20 Case","Counter-Strike 2","11 Jun","11 Jun","$0.76 USD","76","sale","CS20 Case","730","2","29573992920","0","3564864937","2","29573992920"
"CS20 Case","Counter-Strike 2","11 Jun","11 Jun","$0.76 USD","76","sale","CS20 Case","730","2","29573992345","0","3564864937","2","29573992345"
"CS20 Case","Counter-Strike 2","11 Jun","11 Jun","$0.76 USD","76","sale","CS20 Case","730","2","29573993326","0","3564864937","2","29573993326"
"Rio 2022 Champions Autograph Capsule","Counter-Strike 2","7 Jun","7 Jun","$0.38 USD","38","sale","Rio 2022 Champions Autograph Capsule","730","2","28017145114","143865972","5085771808","2","28017145114"
"Rio 2022 Champions Autograph Capsule","Counter-Strike 2","7 Jun","7 Jun","$0.38 USD","38","sale","Rio 2022 Champions Autograph Capsule","730","2","28017145115","143865972","5085771808","2","28017145115"
"Rio 2022 Champions Autograph Capsule","Counter-Strike 2","7 Jun","7 Jun","$0.38 USD","38","sale","Rio 2022 Champions Autograph Capsule","730","2","28017145117","143865972","5085771808","2","28017145117"
"Rio 2022 Champions Autograph Capsule","Counter-Strike 2","7 Jun","7 Jun","$0.38 USD","38","sale","Rio 2022 Champions Autograph Capsule","730","2","28017145116","143865972","5085771808","2","28017145116"
"Rio 2022 Champions Autograph Capsule","Counter-Strike 2","7 Jun","7 Jun","$0.38 USD","38","sale","Rio 2022 Champions Autograph Capsule","730","2","28017145118","143865972","5085771808","2","28017145118"
"Rio 2022 Champions Autograph Capsule","Counter-Strike 2","7 Jun","7 Jun","$0.38 USD","38","sale","Rio 2022 Champions Autograph Capsule","730","2","28017145121","143865972","5085771808","2","28017145121"
"Rio 2022 Champions Autograph Capsule","Counter-Strike 2","7 Jun","7 Jun","$0.38 USD","38","sale","Rio 2022 Champions Autograph Capsule","730","2","28017145120","143865972","5085771808","2","28017145120"
"Rio 2022 Champions Autograph Capsule","Counter-Strike 2","7 Jun","7 Jun","$0.38 USD","38","sale","Rio 2022 Champions Autograph Capsule","730","2","28017145119","143865972","5085771808","2","28017145119"
"Rio 2022 Champions Autograph Capsule","Counter-Strike 2","7 Jun","7 Jun","$0.38 USD","38","sale","Rio 2022 Champions Autograph Capsule","730","2","28017145122","143865972","5085771808","2","28017145122"
"Rio 2022 Champions Autograph Capsule","Counter-Strike 2","7 Jun","7 Jun","$0.38 USD","38","sale","Rio 2022 Champions Autograph Capsule","730","2","28017145123","143865972","5085771808","2","28017145123"
"Rio 2022 Champions Autograph Capsule","Counter-Strike 2","7 Jun","7 Jun","$0.38 USD","38","sale","Rio 2022 Champions Autograph Capsule","730","2","28017145124","143865972","5085771808","2","28017145124"
"Rio 2022 Champions Autograph Capsule","Counter-Strike 2","7 Jun","7 Jun","$0.38 USD","38","sale","Rio 2022 Champions Autograph Capsule","730","2","28017145125","143865972","5085771808","2","28017145125"
"Rio 2022 Champions Autograph Capsule","Counter-Strike 2","7 Jun","7 Jun","$0.38 USD","38","sale","Rio 2022 Champions Autograph Capsule","730","2","28017146279","143865972","5085771808","2","28017146279"
"Rio 2022 Champions Autograph Capsule","Counter-Strike 2","7 Jun","7 Jun","$0.38 USD","38","sale","Rio 2022 Champions Autograph Capsule","730","2","28017146284","143865972","5085771808","2","28017146284"
"Rio 2022 Champions Autograph Capsule","Counter-Strike 2","7 Jun","7 Jun","$0.38 USD","38","sale","Rio 2022 Champions Autograph Capsule","730","2","28017146282","143865972","5085771808","2","28017146282"
"Rio 2022 Champions Autograph Capsule","Counter-Strike 2","7 Jun","7 Jun","$0.38 USD","38","sale","Rio 2022 Champions Autograph Capsule","730","2","28017146283","143865972","5085771808","2","28017146283"
"Rio 2022 Champions Autograph Capsule","Counter-Strike 2","7 Jun","7 Jun","$0.38 USD","38","sale","Rio 2022 Champions Autograph Capsule","730","2","28017146281","143865972","5085771808","2","28017146281"
"Rio 2022 Champions Autograph Capsule","Counter-Strike 2","7 Jun","7 Jun","$0.38 USD","38","sale","Rio 2022 Champions Autograph Capsule","730","2","28017146280","143865972","5085771808","2","28017146280"
"Rio 2022 Champions Autograph Capsule","Counter-Strike 2","7 Jun","7 Jun","$0.38 USD","38","sale","Rio 2022 Champions Autograph Capsule","730","2","28017146285","143865972","5085771808","2","28017146285"
"Rio 2022 Champions Autograph Capsule","Counter-Strike 2","7 Jun","7 Jun","$0.38 USD","38","sale","Rio 2022 Champions Autograph Capsule","730","2","28017146286","143865972","5085771808","2","28017146286"
"Rio 2022 Champions Autograph Capsule","Counter-Strike 2","7 Jun","7 Jun","$0.38 USD","38","sale","Rio 2022 Champions Autograph Capsule","730","2","28017146287","143865972","5085771808","2","28017146287"
"Rio 2022 Champions Autograph Capsule","Counter-Strike 2","7 Jun","7 Jun","$0.38 USD","38","sale","Rio 2022 Champions Autograph Capsule","730","2","28017147993","143865972","5085771808","2","28017147993"
"Operation Broken Fang Case","Counter-Strike 2","6 Jun","6 Jun","$4.00 USD","400","sale","Operation Broken Fang Case","730","2","29573995414","519977179","4114525951","2","29573995414"
"Fracture Case","Counter-Strike 2","30 May","30 May","$0.59 USD","59","sale","Fracture Case","730","2","30521909972","0","3946324730","2","30521909972"
"Clutch Case","Counter-Strike 2","20 May","20 May","$0.78 USD","78","purchase","Clutch Case","730","2","30432832909","0","5339821065","2","30432832909"
"Clutch Case","Counter-Strike 2","20 May","20 May","$0.78 USD","78","purchase","Clutch Case","730","2","30432832894","0","5339821065","2","30432832894"
"Clutch Case","Counter-Strike 2","20 May","20 May","$0.78 USD","78","purchase","Clutch Case","730","2","30432832563","0","5339821065","2","30432832563"
"Operation Breakout Weapon Case","Counter-Strike 2","20 May","20 May","$6.55 USD","655","purchase","Operation Breakout Weapon Case","730","2","4697856021","0","520025252","2","4697856021"
"Clutch Case","Counter-Strike 2","18 May","18 May","$0.80 USD","80","purchase","Clutch Case","730","2","21180024673","0","2727227113","2","21180024673"
"Clutch Case","Counter-Strike 2","18 May","18 May","$0.80 USD","80","purchase","Clutch Case","730","2","20694335102","0","2727227113","2","20694335102"
"Clutch Case","Counter-Strike 2","18 May","18 May","$0.80 USD","80","purchase","Clutch Case","730","2","28040897911","0","2727227113","2","28040897911"
"Clutch Case","Counter-Strike 2","18 May","18 May","$0.80 USD","80","purchase","Clutch Case","730","2","20869015934","0","2727227113","2","20869015934"
"Clutch Case","Counter-Strike 2","18 May","18 May","$0.80 USD","80","purchase","Clutch Case","730","2","27511035624","0","2727227113","2","27511035624"
"Clutch Case","Counter-Strike 2","18 May","18 May","$0.80 USD","80","purchase","Clutch Case","730","2","27265560448","0","2727227113","2","27265560448"
"Clutch Case","Counter-Strike 2","18 May","18 May","$0.80 USD","80","purchase","Clutch Case","730","2","22832520697","0","2727227113","2","22832520697"
"Clutch Case","Counter-Strike 2","18 May","18 May","$0.80 USD","80","purchase","Clutch Case","730","2","30250262053","0","2727227113","2","30250262053"
"Clutch Case","Counter-Strike 2","18 May","18 May","$0.80 USD","80","purchase","Clutch Case","730","2","26703965355","0","2727227113","2","26703965355"
"Clutch Case","Counter-Strike 2","18 May","18 May","$0.80 USD","80","purchase","Clutch Case","730","2","30398290590","0","2727227113","2","30398290590"
"Clutch Case","Counter-Strike 2","18 May","18 May","$0.80 USD","80","purchase","Clutch Case","730","2","30398291183","0","2727227113","2","30398291183"
"Clutch Case","Counter-Strike 2","18 May","18 May","$0.80 USD","80","purchase","Clutch Case","730","2","30398291581","0","2727227113","2","30398291581"
"Clutch Case","Counter-Strike 2","18 May","18 May","$0.80 USD","80","purchase","Clutch Case","730","2","26763424455","0","2727227113","2","26763424455"
"Clutch Case","Counter-Strike 2","18 May","18 May","$0.80 USD","80","purchase","Clutch Case","730","2","30398280282","0","5336946197","2","30398280282"
"Clutch Case","Counter-Strike 2","18 May","18 May","$0.80 USD","80","purchase","Clutch Case","730","2","30398266287","0","5336946197","2","30398266287"
"Clutch Case","Counter-Strike 2","18 May","18 May","$0.80 USD","80","purchase","Clutch Case","730","2","30397386932","0","5336946197","2","30397386932"
"Clutch Case","Counter-Strike 2","18 May","18 May","$0.80 USD","80","purchase","Clutch Case","730","2","19763662682","0","2727227113","2","19763662682"
"Clutch Case","Counter-Strike 2","18 May","18 May","$0.80 USD","80","purchase","Clutch Case","730","2","19800389427","0","2727227113","2","19800389427"
"Clutch Case","Counter-Strike 2","18 May","18 May","$0.80 USD","80","purchase","Clutch Case","730","2","19851018501","0","2727227113","2","19851018501"
"Clutch Case","Counter-Strike 2","18 May","18 May","$0.80 USD","80","purchase","Clutch Case","730","2","15929884981","0","2727227113","2","15929884981"
"Clutch Case","Counter-Strike 2","18 May","18 May","$0.80 USD","80","purchase","Clutch Case","730","2","16091372722","0","2727227113","2","16091372722"
"Clutch Case","Counter-Strike 2","18 May","18 May","$0.80 USD","80","purchase","Clutch Case","730","2","26756602061","0","2727227113","2","26756602061"
"Clutch Case","Counter-Strike 2","18 May","18 May","$0.80 USD","80","purchase","Clutch Case","730","2","15832705082","0","2727227113","2","15832705082"
"Clutch Case","Counter-Strike 2","18 May","18 May","$0.80 USD","80","purchase","Clutch Case","730","2","16722348759","0","2727227113","2","16722348759"
"Clutch Case","Counter-Strike 2","18 May","18 May","$0.80 USD","80","purchase","Clutch Case","730","2","30398213416","0","2727227113","2","30398213416"
"Clutch Case","Counter-Strike 2","18 May","18 May","$0.80 USD","80","purchase","Clutch Case","730","2","14858861205","0","2727227113","2","14858861205"
"Clutch Case","Counter-Strike 2","18 May","18 May","$0.80 USD","80","purchase","Clutch Case","730","2","14295807353","0","2727227113","2","14295807353"
"Clutch Case","Counter-Strike 2","18 May","18 May","$0.80 USD","80","purchase","Clutch Case","730","2","30396128119","0","5336946197","2","30396128119"
"Clutch Case","Counter-Strike 2","18 May","18 May","$0.80 USD","80","purchase","Clutch Case","730","2","22121528969","0","2727227113","2","22121528969"
"Clutch Case","Counter-Strike 2","18 May","18 May","$0.80 USD","80","purchase","Clutch Case","730","2","17248782343","0","2727227113","2","17248782343"
"Clutch Case","Counter-Strike 2","18 May","18 May","$0.80 USD","80","purchase","Clutch Case","730","2","15502700018","0","2727227113","2","15502700018"
"Clutch Case","Counter-Strike 2","18 May","18 May","$0.80 USD","80","purchase","Clutch Case","730","2","30397450141","0","5336946197","2","30397450141"
"Danger Zone Case","Counter-Strike 2","18 May","18 May","$0.65 USD","65","purchase","Danger Zone Case","730","2","20150433409","0","3106076656","2","20150433409"
"Danger Zone Case","Counter-Strike 2","18 May","18 May","$0.65 USD","65","purchase","Danger Zone Case","730","2","19996316120","0","3106076656","2","19996316120"
"Danger Zone Case","Counter-Strike 2","18 May","18 May","$0.65 USD","65","purchase","Danger Zone Case","730","2","16302132759","0","3106076656","2","16302132759"
"Danger Zone Case","Counter-Strike 2","18 May","18 May","$0.65 USD","65","purchase","Danger Zone Case","730","2","16367054190","0","3106076656","2","16367054190"
"Danger Zone Case","Counter-Strike 2","18 May","18 May","$0.65 USD","65","purchase","Danger Zone Case","730","2","16091271459","0","3106076656","2","16091271459"
"Danger Zone Case","Counter-Strike 2","18 May","18 May","$0.65 USD","65","purchase","Danger Zone Case","730","2","16373273603","0","3106076656","2","16373273603"
"Danger Zone Case","Counter-Strike 2","18 May","18 May","$0.65 USD","65","purchase","Danger Zone Case","730","2","15673793976","0","3106076656","2","15673793976"
"Danger Zone Case","Counter-Strike 2","18 May","18 May","$0.65 USD","65","purchase","Danger Zone Case","730","2","15772300841","0","3106076656","2","15772300841"
"Danger Zone Case","Counter-Strike 2","18 May","18 May","$0.65 USD","65","purchase","Danger Zone Case","730","2","16720902565","0","3106076656","2","16720902565"
"Danger Zone Case","Counter-Strike 2","18 May","18 May","$0.65 USD","65","purchase","Danger Zone Case","730","2","30395560471","0","5336945326","2","30395560471"
"Danger Zone Case","Counter-Strike 2","18 May","18 May","$0.65 USD","65","purchase","Danger Zone Case","730","2","25752214189","0","3106076656","2","25752214189"
"Danger Zone Case","Counter-Strike 2","18 May","18 May","$0.65 USD","65","purchase","Danger Zone Case","730","2","25752214155","0","3106076656","2","25752214155"
"Danger Zone Case","Counter-Strike 2","18 May","18 May","$0.65 USD","65","purchase","Danger Zone Case","730","2","25752214130","0","3106076656","2","25752214130"
"Danger Zone Case","Counter-Strike 2","18 May","18 May","$0.65 USD","65","purchase","Danger Zone Case","730","2","25752214044","0","3106076656","2","25752214044"
"Danger Zone Case","Counter-Strike 2","18 May","18 May","$0.65 USD","65","purchase","Danger Zone Case","730","2","30365767904","0","3106076656","2","30365767904"
"Danger Zone Case","Counter-Strike 2","18 May","18 May","$0.65 USD","65","purchase","Danger Zone Case","730","2","18565189060","0","3106076656","2","18565189060"
"Danger Zone Case","Counter-Strike 2","18 May","18 May","$0.65 USD","65","purchase","Danger Zone Case","730","2","16854764946","0","3106076656","2","16854764946"
"Danger Zone Case","Counter-Strike 2","18 May","18 May","$0.65 USD","65","purchase","Danger Zone Case","730","2","17412243097","0","3106076656","2","17412243097"
"Danger Zone Case","Counter-Strike 2","18 May","18 May","$0.65 USD","65","purchase","Danger Zone Case","730","2","15471766850","0","3106076656","2","15471766850"
"Danger Zone Case","Counter-Strike 2","18 May","18 May","$0.65 USD","65","purchase","Danger Zone Case","730","2","30395160221","0","3106076656","2","30395160221"
"Danger Zone Case","Counter-Strike 2","18 May","18 May","$0.65 USD","65","purchase","Danger Zone Case","730","2","30395136321","0","3106076656","2","30395136321"
"Danger Zone Case","Counter-Strike 2","18 May","18 May","$0.65 USD","65","purchase","Danger Zone Case","730","2","20899235366","0","3106076656","2","20899235366"
"Danger Zone Case","Counter-Strike 2","18 May","18 May","$0.65 USD","65","purchase","Danger Zone Case","730","2","30326206811","0","5331162457","2","30326206811"
"Danger Zone Case","Counter-Strike 2","18 May","18 May","$0.65 USD","65","purchase","Danger Zone Case","730","2","30326206855","0","5331162457","2","30326206855"
"Danger Zone Case","Counter-Strike 2","18 May","18 May","$0.65 USD","65","purchase","Danger Zone Case","730","2","24397207818","0","3106076656","2","24397207818"
"Danger Zone Case","Counter-Strike 2","18 May","18 May","$0.65 USD","65","purchase","Danger Zone Case","730","2","24475172141","0","3106076656","2","24475172141"
"Danger Zone Case","Counter-Strike 2","18 May","18 May","$0.65 USD","65","purchase","Danger Zone Case","730","2","24647472293","0","3106076656","2","24647472293"
"Danger Zone Case","Counter-Strike 2","18 May","18 May","$0.65 USD","65","purchase","Danger Zone Case","730","2","30326206944","0","5331162457","2","30326206944"
"Danger Zone Case","Counter-Strike 2","18 May","18 May","$0.65 USD","65","purchase","Danger Zone Case","730","2","30326206982","0","5331162457","2","30326206982"
"Danger Zone Case","Counter-Strike 2","18 May","18 May","$0.65 USD","65","purchase","Danger Zone Case","730","2","20121371243","0","3106076656","2","20121371243"
"Danger Zone Case","Counter-Strike 2","18 May","18 May","$0.65 USD","65","purchase","Danger Zone Case","730","2","30326206997","0","5331162457","2","30326206997"
"Danger Zone Case","Counter-Strike 2","18 May","18 May","$0.65 USD","65","purchase","Danger Zone Case","730","2","19932815751","0","3106076656","2","19932815751"
"Danger Zone Case","Counter-Strike 2","18 May","18 May","$0.65 USD","65","purchase","Danger Zone Case","730","2","24446348259","0","3106076656","2","24446348259"
"Danger Zone Case","Counter-Strike 2","18 May","18 May","$0.65 USD","65","purchase","Danger Zone Case","730","2","30326207229","0","5331162457","2","30326207229"
"Danger Zone Case","Counter-Strike 2","18 May","18 May","$0.65 USD","65","purchase","Danger Zone Case","730","2","30326207287","0","5331162457","2","30326207287"
"Danger Zone Case","Counter-Strike 2","18 May","18 May","$0.65 USD","65","purchase","Danger Zone Case","730","2","23996977005","0","3106076656","2","23996977005"
"Danger Zone Case","Counter-Strike 2","18 May","18 May","$0.65 USD","65","purchase","Danger Zone Case","730","2","30326207434","0","5331162457","2","30326207434"
"Danger Zone Case","Counter-Strike 2","18 May","18 May","$0.65 USD","65","purchase","Danger Zone Case","730","2","24113150396","0","3106076656","2","24113150396"
"Danger Zone Case","Counter-Strike 2","18 May","18 May","$0.65 USD","65","purchase","Danger Zone Case","730","2","24065791518","0","3106076656","2","24065791518"
"Danger Zone Case","Counter-Strike 2","18 May","18 May","$0.65 USD","65","purchase","Danger Zone Case","730","2","20129993716","0","3106076656","2","20129993716"
"Danger Zone Case","Counter-Strike 2","18 May","18 May","$0.65 USD","65","purchase","Danger Zone Case","730","2","24402101643","0","3106076656","2","24402101643"
"Danger Zone Case","Counter-Strike 2","18 May","18 May","$0.65 USD","65","purchase","Danger Zone Case","730","2","23335991328","0","3106076656","2","23335991328"
"Danger Zone Case","Counter-Strike 2","18 May","18 May","$0.65 USD","65","purchase","Danger Zone Case","730","2","30392317565","0","5335530591","2","30392317565"
"Danger Zone Case","Counter-Strike 2","18 May","18 May","$0.65 USD","65","purchase","Danger Zone Case","730","2","22112291834","0","3106076656","2","22112291834"
"Danger Zone Case","Counter-Strike 2","18 May","18 May","$0.65 USD","65","purchase","Danger Zone Case","730","2","16163667323","0","3106076656","2","16163667323"
"Danger Zone Case","Counter-Strike 2","18 May","18 May","$0.65 USD","65","purchase","Danger Zone Case","730","2","17560329323","0","3106076656","2","17560329323"
"Rio 2022 Dust II Souvenir Package","Counter-Strike 2","15 May","16 May","$8.70 USD","870","sale","Rio 2022 Dust II Souvenir Package","730","2","30315550150","236997301","5329541391","2","30315550150"
"Rio 2022 Dust II Souvenir Package","Counter-Strike 2","15 May","16 May","$8.70 USD","870","sale","Rio 2022 Dust II Souvenir Package","730","2","30315550148","236997301","5329541391","2","30315550148"
"Rio 2022 Dust II Souvenir Package","Counter-Strike 2","13 May","13 May","$7.75 USD","775","purchase","Rio 2022 Dust II Souvenir Package","730","2","30315533595","236997301","5076869811","2","30315533595"
"Rio 2022 Dust II Souvenir Package","Counter-Strike 2","13 May","13 May","$7.75 USD","775","purchase","Rio 2022 Dust II Souvenir Package","730","2","30315532998","236997301","5076869811","2","30315532998"
"Sticker | Outsiders (Holo) | Rio 2022","Counter-Strike 2","9 May","9 May","$2.59 USD","259","sale","Sticker | Outsiders (Holo) | Rio 2022","730","2","30206945514","188530139","5051655235","2","30206945514"
"Sticker | Outsiders (Holo) | Rio 2022","Counter-Strike 2","9 May","9 May","$2.59 USD","259","sale","Sticker | Outsiders (Holo) | Rio 2022","730","2","30206946610","188530139","5051655235","2","30206946610"
"Sticker | Outsiders (Holo) | Rio 2022","Counter-Strike 2","9 May","9 May","$2.59 USD","259","sale","Sticker | Outsiders (Holo) | Rio 2022","730","2","30206946937","188530139","5051655235","2","30206946937"
"Sticker | Outsiders (Holo) | Rio 2022","Counter-Strike 2","9 May","9 May","$2.59 USD","259","sale","Sticker | Outsiders (Holo) | Rio 2022","730","2","30206945938","188530139","5051655235","2","30206945938"
"Fracture Case","Counter-Strike 2","9 May","9 May","$0.57 USD","57","purchase","Fracture Case","730","2","30222165772","0","3946324730","2","30222165772"
"Fracture Case","Counter-Strike 2","9 May","9 May","$0.60 USD","60","purchase","Fracture Case","730","2","26957326621","0","3946324730","2","26957326621"
"Fracture Case","Counter-Strike 2","9 May","9 May","$0.60 USD","60","purchase","Fracture Case","730","2","29132927183","0","3946324730","2","29132927183"
"Fracture Case","Counter-Strike 2","9 May","9 May","$0.59 USD","59","purchase","Fracture Case","730","2","29258415583","0","3946324730","2","29258415583"
"Fracture Case","Counter-Strike 2","9 May","9 May","$0.59 USD","59","purchase","Fracture Case","730","2","30222171476","0","3946324730","2","30222171476"
"Fracture Case","Counter-Strike 2","9 May","9 May","$0.58 USD","58","purchase","Fracture Case","730","2","30222169614","0","3946324730","2","30222169614"
"Fracture Case","Counter-Strike 2","9 May","9 May","$0.59 USD","59","purchase","Fracture Case","730","2","26484119011","0","3946324730","2","26484119011"
"Fracture Case","Counter-Strike 2","9 May","9 May","$0.60 USD","60","purchase","Fracture Case","730","2","30222162367","0","3946324730","2","30222162367"
"Fracture Case","Counter-Strike 2","9 May","9 May","$0.58 USD","58","purchase","Fracture Case","730","2","30222160520","0","3946324730","2","30222160520"
"Fracture Case","Counter-Strike 2","9 May","9 May","$0.57 USD","57","purchase","Fracture Case","730","2","30222141802","0","3946324730","2","30222141802"
"Fracture Case","Counter-Strike 2","9 May","9 May","$0.60 USD","60","purchase","Fracture Case","730","2","30139558952","0","3946324730","2","30139558952"
"Fracture Case","Counter-Strike 2","9 May","9 May","$0.58 USD","58","purchase","Fracture Case","730","2","30222163472","0","5322236301","2","30222163472"
"Fracture Case","Counter-Strike 2","9 May","9 May","$0.58 USD","58","purchase","Fracture Case","730","2","30222163635","0","5322236301","2","30222163635"
"Fracture Case","Counter-Strike 2","9 May","9 May","$0.60 USD","60","purchase","Fracture Case","730","2","30220479710","0","3946324730","2","30220479710"
"Fracture Case","Counter-Strike 2","9 May","9 May","$0.60 USD","60","purchase","Fracture Case","730","2","29630892154","0","3946324730","2","29630892154"
"Fracture Case","Counter-Strike 2","9 May","9 May","$0.60 USD","60","purchase","Fracture Case","730","2","26896110313","0","3946324730","2","26896110313"
"Fracture Case","Counter-Strike 2","9 May","9 May","$0.60 USD","60","purchase","Fracture Case","730","2","25543863075","0","3946324730","2","25543863075"
"Fracture Case","Counter-Strike 2","9 May","9 May","$0.60 USD","60","purchase","Fracture Case","730","2","26947830590","0","3946324730","2","26947830590"
"Fracture Case","Counter-Strike 2","9 May","9 May","$0.60 USD","60","purchase","Fracture Case","730","2","25330118213","0","3946324730","2","25330118213"
"Fracture Case","Counter-Strike 2","9 May","9 May","$0.57 USD","57","purchase","Fracture Case","730","2","30222135392","0","3946324730","2","30222135392"
"Fracture Case","Counter-Strike 2","9 May","9 May","$0.61 USD","61","purchase","Fracture Case","730","2","30221975510","0","5322236301","2","30221975510"
"Fracture Case","Counter-Strike 2","9 May","9 May","$0.61 USD","61","purchase","Fracture Case","730","2","30221807701","0","5322236301","2","30221807701"
"Fracture Case","Counter-Strike 2","9 May","9 May","$0.61 USD","61","purchase","Fracture Case","730","2","30221841588","0","5322236301","2","30221841588"
"Fracture Case","Counter-Strike 2","9 May","9 May","$0.61 USD","61","purchase","Fracture Case","730","2","30221842370","0","5322236301","2","30221842370"
"Fracture Case","Counter-Strike 2","9 May","9 May","$0.61 USD","61","purchase","Fracture Case","730","2","30221888383","0","5322236301","2","30221888383"
"Fracture Case","Counter-Strike 2","9 May","9 May","$0.61 USD","61","purchase","Fracture Case","730","2","30221814703","0","5322236301","2","30221814703"
"Fracture Case","Counter-Strike 2","9 May","9 May","$0.61 USD","61","purchase","Fracture Case","730","2","30221810785","0","5322236301","2","30221810785"
"Fracture Case","Counter-Strike 2","9 May","9 May","$0.61 USD","61","purchase","Fracture Case","730","2","30221815365","0","5322236301","2","30221815365"
"Fracture Case","Counter-Strike 2","9 May","9 May","$0.61 USD","61","purchase","Fracture Case","730","2","30221910206","0","5322236301","2","30221910206"
"Fracture Case","Counter-Strike 2","9 May","9 May","$0.61 USD","61","purchase","Fracture Case","730","2","30221794773","0","5322236301","2","30221794773"
"Fracture Case","Counter-Strike 2","9 May","9 May","$0.61 USD","61","purchase","Fracture Case","730","2","30221794778","0","5322236301","2","30221794778"
"Fracture Case","Counter-Strike 2","9 May","9 May","$0.61 USD","61","purchase","Fracture Case","730","2","30221794783","0","5322236301","2","30221794783"
"Fracture Case","Counter-Strike 2","9 May","9 May","$0.61 USD","61","purchase","Fracture Case","730","2","30221794793","0","5322236301","2","30221794793"
"Fracture Case","Counter-Strike 2","9 May","9 May","$0.61 USD","61","purchase","Fracture Case","730","2","30221802092","0","5322236301","2","30221802092"
"Fracture Case","Counter-Strike 2","9 May","9 May","$0.61 USD","61","purchase","Fracture Case","730","2","30221794754","0","5322236301","2","30221794754"
"Fracture Case","Counter-Strike 2","9 May","9 May","$0.61 USD","61","purchase","Fracture Case","730","2","30221794765","0","5322236301","2","30221794765"
"Fracture Case","Counter-Strike 2","9 May","9 May","$0.61 USD","61","purchase","Fracture Case","730","2","30221794737","0","5322236301","2","30221794737"
"Fracture Case","Counter-Strike 2","9 May","9 May","$0.61 USD","61","purchase","Fracture Case","730","2","30221794661","0","5322236301","2","30221794661"
"Fracture Case","Counter-Strike 2","9 May","9 May","$0.61 USD","61","purchase","Fracture Case","730","2","30221794698","0","5322236301","2","30221794698"
"Fracture Case","Counter-Strike 2","9 May","9 May","$0.61 USD","61","purchase","Fracture Case","730","2","30221794674","0","5322236301","2","30221794674"
"Fracture Case","Counter-Strike 2","9 May","9 May","$0.61 USD","61","purchase","Fracture Case","730","2","30221794706","0","5322236301","2","30221794706"
"Fracture Case","Counter-Strike 2","9 May","9 May","$0.61 USD","61","purchase","Fracture Case","730","2","30221794687","0","5322236301","2","30221794687"
"Fracture Case","Counter-Strike 2","9 May","9 May","$0.61 USD","61","purchase","Fracture Case","730","2","30221794667","0","5322236301","2","30221794667"
"Fracture Case","Counter-Strike 2","9 May","9 May","$0.61 USD","61","purchase","Fracture Case","730","2","30221794654","0","5322236301","2","30221794654"
"Fracture Case","Counter-Strike 2","9 May","9 May","$0.61 USD","61","purchase","Fracture Case","730","2","30221794682","0","5322236301","2","30221794682"
"Fracture Case","Counter-Strike 2","9 May","9 May","$0.61 USD","61","purchase","Fracture Case","730","2","30221794606","0","5322236301","2","30221794606"
"Fracture Case","Counter-Strike 2","9 May","9 May","$0.61 USD","61","purchase","Fracture Case","730","2","30222052589","0","5322236301","2","30222052589"
"Fracture Case","Counter-Strike 2","9 May","9 May","$0.61 USD","61","purchase","Fracture Case","730","2","30222052580","0","5322236301","2","30222052580"
"Fracture Case","Counter-Strike 2","9 May","9 May","$0.61 USD","61","purchase","Fracture Case","730","2","30222052569","0","5322236301","2","30222052569"
"Fracture Case","Counter-Strike 2","9 May","9 May","$0.61 USD","61","purchase","Fracture Case","730","2","30222052561","0","5322236301","2","30222052561"
"Smartest Man Alive","God of War Trading Card","5 May","5 May","$0.09 USD","9","purchase","1593500-Smartest Man Alive","753","6","24148336711","0","4713824647","6","25386564617"
"Father","God of War Trading Card","3 May","5 May","$0.10 USD","10","purchase","1593500-Father","753","6","25251150694","0","4713824646","6","25364165614"
"Rage","God of War Trading Card","5 May","5 May","$0.10 USD","10","purchase","1593500-Rage","753","6","22678280331","0","4713824585","6","25384958133"
"Witch of the Woods","God of War Trading Card","5 May","5 May","$0.09 USD","9","purchase","1593500-Witch of the Woods","753","6","19750223220","0","4713824596","6","25387572497"
"Brothers","God of War Trading Card","25 Apr","5 May","$0.11 USD","11","purchase","1593500-Brothers","753","6","25163777217","0","4713824592","6","25268982775"
"Boy","God of War Trading Card","4 May","5 May","$0.10 USD","10","purchase","1593500-Boy","753","6","25257728269","0","4713824542","6","25379827983"
"Rio 2022 Contenders Sticker Capsule","Counter-Strike 2","2 May","2 May","$0.70 USD","70","sale","Rio 2022 Contenders Sticker Capsule","730","2","30011716836","143865972","5041282399","2","30011716836"
"Rio 2022 Contenders Sticker Capsule","Counter-Strike 2","2 May","2 May","$0.70 USD","70","sale","Rio 2022 Contenders Sticker Capsule","730","2","30011714816","143865972","5041282399","2","30011714816"
"Rio 2022 Contenders Sticker Capsule","Counter-Strike 2","2 May","2 May","$0.70 USD","70","sale","Rio 2022 Contenders Sticker Capsule","730","2","30011715405","143865972","5041282399","2","30011715405"
"Rio 2022 Contenders Sticker Capsule","Counter-Strike 2","2 May","2 May","$0.70 USD","70","sale","Rio 2022 Contenders Sticker Capsule","730","2","30011716334","143865972","5041282399","2","30011716334"
"Rio 2022 Contenders Sticker Capsule","Counter-Strike 2","2 May","2 May","$0.70 USD","70","sale","Rio 2022 Contenders Sticker Capsule","730","2","30011713579","143865972","5041282399","2","30011713579"
"Rio 2022 Contenders Sticker Capsule","Counter-Strike 2","2 May","2 May","$0.70 USD","70","sale","Rio 2022 Contenders Sticker Capsule","730","2","30011713150","143865972","5041282399","2","30011713150"
"Rio 2022 Contenders Sticker Capsule","Counter-Strike 2","2 May","2 May","$0.70 USD","70","sale","Rio 2022 Contenders Sticker Capsule","730","2","30011713904","143865972","5041282399","2","30011713904"
"Rio 2022 Contenders Sticker Capsule","Counter-Strike 2","2 May","2 May","$0.70 USD","70","sale","Rio 2022 Contenders Sticker Capsule","730","2","30011714360","143865972","5041282399","2","30011714360"
"Rio 2022 Contenders Sticker Capsule","Counter-Strike 2","2 May","2 May","$0.70 USD","70","sale","Rio 2022 Contenders Sticker Capsule","730","2","30011711957","143865972","5041282399","2","30011711957"
"Rio 2022 Contenders Sticker Capsule","Counter-Strike 2","2 May","2 May","$0.70 USD","70","sale","Rio 2022 Contenders Sticker Capsule","730","2","30011712816","143865972","5041282399","2","30011712816"
"Rio 2022 Contenders Sticker Capsule","Counter-Strike 2","2 May","2 May","$0.70 USD","70","sale","Rio 2022 Contenders Sticker Capsule","730","2","30011711499","143865972","5041282399","2","30011711499"
"Rio 2022 Contenders Sticker Capsule","Counter-Strike 2","2 May","2 May","$0.70 USD","70","sale","Rio 2022 Contenders Sticker Capsule","730","2","30011712411","143865972","5041282399","2","30011712411"
"Rio 2022 Contenders Sticker Capsule","Counter-Strike 2","2 May","2 May","$0.70 USD","70","sale","Rio 2022 Contenders Sticker Capsule","730","2","30011710157","143865972","5041282399","2","30011710157"
"Rio 2022 Contenders Sticker Capsule","Counter-Strike 2","2 May","2 May","$0.70 USD","70","sale","Rio 2022 Contenders Sticker Capsule","730","2","30011710630","143865972","5041282399","2","30011710630"
"Rio 2022 Contenders Sticker Capsule","Counter-Strike 2","2 May","2 May","$0.70 USD","70","sale","Rio 2022 Contenders Sticker Capsule","730","2","30011711100","143865972","5041282399","2","30011711100"
"Rio 2022 Contenders Sticker Capsule","Counter-Strike 2","2 May","2 May","$0.70 USD","70","sale","Rio 2022 Contenders Sticker Capsule","730","2","30011707340","143865972","5041282399","2","30011707340"
"Rio 2022 Contenders Sticker Capsule","Counter-Strike 2","2 May","2 May","$0.70 USD","70","sale","Rio 2022 Contenders Sticker Capsule","730","2","30011707745","143865972","5041282399","2","30011707745"
"Rio 2022 Contenders Sticker Capsule","Counter-Strike 2","2 May","2 May","$0.70 USD","70","sale","Rio 2022 Contenders Sticker Capsule","730","2","30011708131","143865972","5041282399","2","30011708131"
"Rio 2022 Contenders Sticker Capsule","Counter-Strike 2","2 May","2 May","$0.70 USD","70","sale","Rio 2022 Contenders Sticker Capsule","730","2","30011708497","143865972","5041282399","2","30011708497"
"Rio 2022 Contenders Sticker Capsule","Counter-Strike 2","2 May","2 May","$0.70 USD","70","sale","Rio 2022 Contenders Sticker Capsule","730","2","30011704122","143865972","5041282399","2","30011704122"
"Rio 2022 Contenders Sticker Capsule","Counter-Strike 2","2 May","2 May","$0.70 USD","70","sale","Rio 2022 Contenders Sticker Capsule","730","2","30011709086","143865972","5041282399","2","30011709086"
"Rio 2022 Contenders Sticker Capsule","Counter-Strike 2","2 May","2 May","$0.70 USD","70","sale","Rio 2022 Contenders Sticker Capsule","730","2","30011703568","143865972","5041282399","2","30011703568"
"Rio 2022 Challengers Sticker Capsule","Counter-Strike 2","2 May","2 May","$0.66 USD","66","sale","Rio 2022 Challengers Sticker Capsule","730","2","30011686803","143865972","5041282398","2","30011686803"
"Rio 2022 Challengers Sticker Capsule","Counter-Strike 2","2 May","2 May","$0.66 USD","66","sale","Rio 2022 Challengers Sticker Capsule","730","2","30011692198","143865972","5041282398","2","30011692198"
"Rio 2022 Challengers Sticker Capsule","Counter-Strike 2","2 May","2 May","$0.66 USD","66","sale","Rio 2022 Challengers Sticker Capsule","730","2","30011687687","143865972","5041282398","2","30011687687"
"Rio 2022 Challengers Sticker Capsule","Counter-Strike 2","2 May","2 May","$0.66 USD","66","sale","Rio 2022 Challengers Sticker Capsule","730","2","30011690707","143865972","5041282398","2","30011690707"
"Rio 2022 Challengers Sticker Capsule","Counter-Strike 2","2 May","2 May","$0.66 USD","66","sale","Rio 2022 Challengers Sticker Capsule","730","2","30011688434","143865972","5041282398","2","30011688434"
"Rio 2022 Challengers Sticker Capsule","Counter-Strike 2","2 May","2 May","$0.66 USD","66","sale","Rio 2022 Challengers Sticker Capsule","730","2","30011691700","143865972","5041282398","2","30011691700"
"Rio 2022 Challengers Sticker Capsule","Counter-Strike 2","2 May","2 May","$0.66 USD","66","sale","Rio 2022 Challengers Sticker Capsule","730","2","30011692637","143865972","5041282398","2","30011692637"
"Rio 2022 Contenders Sticker Capsule","Counter-Strike 2","2 May","2 May","$0.70 USD","70","sale","Rio 2022 Contenders Sticker Capsule","730","2","30011704757","143865972","5041282399","2","30011704757"
"Rio 2022 Contenders Sticker Capsule","Counter-Strike 2","2 May","2 May","$0.70 USD","70","sale","Rio 2022 Contenders Sticker Capsule","730","2","30011706026","143865972","5041282399","2","30011706026"
"Rio 2022 Contenders Sticker Capsule","Counter-Strike 2","2 May","2 May","$0.70 USD","70","sale","Rio 2022 Contenders Sticker Capsule","730","2","30011705429","143865972","5041282399","2","30011705429"
"Rio 2022 Challengers Sticker Capsule","Counter-Strike 2","2 May","2 May","$0.66 USD","66","sale","Rio 2022 Challengers Sticker Capsule","730","2","30011696239","143865972","5041282398","2","30011696239"
"Rio 2022 Challengers Sticker Capsule","Counter-Strike 2","2 May","2 May","$0.66 USD","66","sale","Rio 2022 Challengers Sticker Capsule","730","2","30011695512","143865972","5041282398","2","30011695512"
"Rio 2022 Challengers Sticker Capsule","Counter-Strike 2","2 May","2 May","$0.66 USD","66","sale","Rio 2022 Challengers Sticker Capsule","730","2","30011698382","143865972","5041282398","2","30011698382"
"Rio 2022 Challengers Sticker Capsule","Counter-Strike 2","2 May","2 May","$0.66 USD","66","sale","Rio 2022 Challengers Sticker Capsule","730","2","30011697560","143865972","5041282398","2","30011697560"
"Rio 2022 Challengers Sticker Capsule","Counter-Strike 2","2 May","2 May","$0.66 USD","66","sale","Rio 2022 Challengers Sticker Capsule","730","2","30011695833","143865972","5041282398","2","30011695833"
"Rio 2022 Challengers Sticker Capsule","Counter-Strike 2","2 May","2 May","$0.66 USD","66","sale","Rio 2022 Challengers Sticker Capsule","730","2","30011696940","143865972","5041282398","2","30011696940"
"Rio 2022 Challengers Sticker Capsule","Counter-Strike 2","2 May","2 May","$0.66 USD","66","sale","Rio 2022 Challengers Sticker Capsule","730","2","30011697984","143865972","5041282398","2","30011697984"
"Rio 2022 Challengers Sticker Capsule","Counter-Strike 2","2 May","2 May","$0.66 USD","66","sale","Rio 2022 Challengers Sticker Capsule","730","2","30011693479","143865972","5041282398","2","30011693479"
"Rio 2022 Challengers Sticker Capsule","Counter-Strike 2","2 May","2 May","$0.66 USD","66","sale","Rio 2022 Challengers Sticker Capsule","730","2","30011691116","143865972","5041282398","2","30011691116"
"Rio 2022 Challengers Sticker Capsule","Counter-Strike 2","2 May","2 May","$0.66 USD","66","sale","Rio 2022 Challengers Sticker Capsule","730","2","30011694617","143865972","5041282398","2","30011694617"
"Rio 2022 Challengers Sticker Capsule","Counter-Strike 2","2 May","2 May","$0.66 USD","66","sale","Rio 2022 Challengers Sticker Capsule","730","2","30011693091","143865972","5041282398","2","30011693091"
"Rio 2022 Challengers Sticker Capsule","Counter-Strike 2","2 May","2 May","$0.66 USD","66","sale","Rio 2022 Challengers Sticker Capsule","730","2","30011688082","143865972","5041282398","2","30011688082"
"Rio 2022 Challengers Sticker Capsule","Counter-Strike 2","2 May","2 May","$0.66 USD","66","sale","Rio 2022 Challengers Sticker Capsule","730","2","30011688891","143865972","5041282398","2","30011688891"
"Rio 2022 Challengers Sticker Capsule","Counter-Strike 2","2 May","2 May","$0.66 USD","66","sale","Rio 2022 Challengers Sticker Capsule","730","2","30011693886","143865972","5041282398","2","30011693886"
"Rio 2022 Challengers Sticker Capsule","Counter-Strike 2","2 May","2 May","$0.66 USD","66","sale","Rio 2022 Challengers Sticker Capsule","730","2","30011684216","143865972","5041282398","2","30011684216"
"Rio 2022 Challengers Sticker Capsule","Counter-Strike 2","2 May","2 May","$0.66 USD","66","sale","Rio 2022 Challengers Sticker Capsule","730","2","30011695105","143865972","5041282398","2","30011695105"
"Rio 2022 Challengers Sticker Capsule","Counter-Strike 2","2 May","2 May","$0.66 USD","66","sale","Rio 2022 Challengers Sticker Capsule","730","2","30011682842","143865972","5041282398","2","30011682842"
"Rio 2022 Challengers Sticker Capsule","Counter-Strike 2","2 May","2 May","$0.66 USD","66","sale","Rio 2022 Challengers Sticker Capsule","730","2","30011682329","143865972","5041282398","2","30011682329"
"Rio 2022 Challengers Sticker Capsule","Counter-Strike 2","2 May","2 May","$0.66 USD","66","sale","Rio 2022 Challengers Sticker Capsule","730","2","30011683712","143865972","5041282398","2","30011683712"
"Rio 2022 Contenders Sticker Capsule","Counter-Strike 2","2 May","2 May","$0.70 USD","70","sale","Rio 2022 Contenders Sticker Capsule","730","2","30011706994","143865972","5041282399","2","30011706994"
"Rio 2022 Contenders Sticker Capsule","Counter-Strike 2","2 May","2 May","$0.70 USD","70","sale","Rio 2022 Contenders Sticker Capsule","730","2","30011706506","143865972","5041282399","2","30011706506"
"Rio 2022 Challengers Sticker Capsule","Counter-Strike 2","2 May","2 May","$0.66 USD","66","sale","Rio 2022 Challengers Sticker Capsule","730","2","30011685180","143865972","5041282398","2","30011685180"
"Rio 2022 Contenders Sticker Capsule","Counter-Strike 2","2 May","2 May","$0.70 USD","70","sale","Rio 2022 Contenders Sticker Capsule","730","2","30011703141","143865972","5041282399","2","30011703141"
"Rio 2022 Contenders Sticker Capsule","Counter-Strike 2","2 May","2 May","$0.70 USD","70","sale","Rio 2022 Contenders Sticker Capsule","730","2","30011702744","143865972","5041282399","2","30011702744"
"Rio 2022 Challengers Sticker Capsule","Counter-Strike 2","2 May","2 May","$0.66 USD","66","sale","Rio 2022 Challengers Sticker Capsule","730","2","30011685916","143865972","5041282398","2","30011685916"
"Rio 2022 Challengers Sticker Capsule","Counter-Strike 2","2 May","2 May","$0.66 USD","66","sale","Rio 2022 Challengers Sticker Capsule","730","2","30011687226","143865972","5041282398","2","30011687226"
"Rio 2022 Challengers Sticker Capsule","Counter-Strike 2","2 May","2 May","$0.66 USD","66","sale","Rio 2022 Challengers Sticker Capsule","730","2","30011686355","143865972","5041282398","2","30011686355"
"Rio 2022 Contenders Sticker Capsule","Counter-Strike 2","2 May","2 May","$0.70 USD","70","sale","Rio 2022 Contenders Sticker Capsule","730","2","30011717244","143865972","5041282399","2","30011717244"
"Rio 2022 Champions Autograph Capsule","Counter-Strike 2","28 Apr","29 Apr","$0.62 USD","62","sale","Rio 2022 Champions Autograph Capsule","730","2","28017145106","143865972","5085771808","2","28017145106"
"Rio 2022 Champions Autograph Capsule","Counter-Strike 2","28 Apr","29 Apr","$0.62 USD","62","sale","Rio 2022 Champions Autograph Capsule","730","2","28017145108","143865972","5085771808","2","28017145108"
"Rio 2022 Champions Autograph Capsule","Counter-Strike 2","28 Apr","29 Apr","$0.62 USD","62","sale","Rio 2022 Champions Autograph Capsule","730","2","28017145111","143865972","5085771808","2","28017145111"
"Rio 2022 Champions Autograph Capsule","Counter-Strike 2","28 Apr","29 Apr","$0.62 USD","62","sale","Rio 2022 Champions Autograph Capsule","730","2","28017145107","143865972","5085771808","2","28017145107"
"Rio 2022 Champions Autograph Capsule","Counter-Strike 2","28 Apr","29 Apr","$0.62 USD","62","sale","Rio 2022 Champions Autograph Capsule","730","2","28017145109","143865972","5085771808","2","28017145109"
"Rio 2022 Champions Autograph Capsule","Counter-Strike 2","28 Apr","29 Apr","$0.62 USD","62","sale","Rio 2022 Champions Autograph Capsule","730","2","28017145110","143865972","5085771808","2","28017145110"
"Rio 2022 Champions Autograph Capsule","Counter-Strike 2","28 Apr","29 Apr","$0.62 USD","62","sale","Rio 2022 Champions Autograph Capsule","730","2","28017145112","143865972","5085771808","2","28017145112"
"Rio 2022 Champions Autograph Capsule","Counter-Strike 2","28 Apr","29 Apr","$0.62 USD","62","sale","Rio 2022 Champions Autograph Capsule","730","2","28017145113","143865972","5085771808","2","28017145113"
"Snakebite Case","Counter-Strike 2","28 Apr","28 Apr","$0.62 USD","62","sale","Snakebite Case","730","2","29977057196","0","4418618853","2","29977057196"
"Rio 2022 Dust II Souvenir Package","Counter-Strike 2","27 Apr","27 Apr","$11.29 USD","1129","purchase","Rio 2022 Dust II Souvenir Package","730","2","28704651565","236997301","5076869811","2","28704651565"
"Rio 2022 Dust II Souvenir Package","Counter-Strike 2","27 Apr","27 Apr","$11.29 USD","1129","purchase","Rio 2022 Dust II Souvenir Package","730","2","28688316119","236997301","5070479660","2","28688316119"
"Rio 2022 Dust II Souvenir Package","Counter-Strike 2","27 Apr","27 Apr","$11.29 USD","1129","purchase","Rio 2022 Dust II Souvenir Package","730","2","28688316095","236997301","5070479660","2","28688316095"
"Rio 2022 Dust II Souvenir Package","Counter-Strike 2","27 Apr","27 Apr","$11.29 USD","1129","purchase","Rio 2022 Dust II Souvenir Package","730","2","28688316059","236997301","5070479660","2","28688316059"
"Rio 2022 Dust II Souvenir Package","Counter-Strike 2","27 Apr","27 Apr","$11.29 USD","1129","purchase","Rio 2022 Dust II Souvenir Package","730","2","28688316080","236997301","5070479660","2","28688316080"
"Rio 2022 Dust II Souvenir Package","Counter-Strike 2","27 Apr","27 Apr","$11.29 USD","1129","purchase","Rio 2022 Dust II Souvenir Package","730","2","28688316105","236997301","5070479660","2","28688316105"
"Rio 2022 Dust II Souvenir Package","Counter-Strike 2","27 Apr","27 Apr","$11.29 USD","1129","purchase","Rio 2022 Dust II Souvenir Package","730","2","28688316090","236997301","5070479660","2","28688316090"
"Rio 2022 Dust II Souvenir Package","Counter-Strike 2","27 Apr","27 Apr","$11.29 USD","1129","purchase","Rio 2022 Dust II Souvenir Package","730","2","28704651590","236997301","5076869811","2","28704651590"
"Rio 2022 Dust II Souvenir Package","Counter-Strike 2","27 Apr","27 Apr","$11.24 USD","1124","purchase","Rio 2022 Dust II Souvenir Package","730","2","29963230505","236997301","5076869811","2","29963230505"
"Rio 2022 Dust II Souvenir Package","Counter-Strike 2","27 Apr","27 Apr","$11.29 USD","1129","purchase","Rio 2022 Dust II Souvenir Package","730","2","29963233399","236997301","5076869811","2","29963233399"
"Rio 2022 Dust II Souvenir Package","Counter-Strike 2","27 Apr","27 Apr","$11.29 USD","1129","purchase","Rio 2022 Dust II Souvenir Package","730","2","29963233859","236997301","5074379890","2","29963233859"
"Rio 2022 Dust II Souvenir Package","Counter-Strike 2","27 Apr","27 Apr","$11.29 USD","1129","purchase","Rio 2022 Dust II Souvenir Package","730","2","29907907700","236997301","5302570105","2","29907907700"
"Rio 2022 Dust II Souvenir Package","Counter-Strike 2","27 Apr","27 Apr","$11.29 USD","1129","purchase","Rio 2022 Dust II Souvenir Package","730","2","29961389828","236997301","5305595855","2","29961389828"
"Rio 2022 Dust II Souvenir Package","Counter-Strike 2","27 Apr","27 Apr","$11.29 USD","1129","purchase","Rio 2022 Dust II Souvenir Package","730","2","29961389801","236997301","5305595855","2","29961389801"
"Rio 2022 Dust II Souvenir Package","Counter-Strike 2","27 Apr","27 Apr","$11.29 USD","1129","purchase","Rio 2022 Dust II Souvenir Package","730","2","29961389817","236997301","5305595855","2","29961389817"
"Rio 2022 Legends Sticker Capsule","Counter-Strike 2","19 Apr","19 Apr","$0.75 USD","75","sale","Rio 2022 Legends Sticker Capsule","730","2","28017172285","143865972","5051655021","2","28017172285"
"Rio 2022 Legends Sticker Capsule","Counter-Strike 2","19 Apr","19 Apr","$0.75 USD","75","sale","Rio 2022 Legends Sticker Capsule","730","2","28017172288","143865972","5051655021","2","28017172288"
"Rio 2022 Legends Sticker Capsule","Counter-Strike 2","19 Apr","19 Apr","$0.75 USD","75","sale","Rio 2022 Legends Sticker Capsule","730","2","28017172293","143865972","5051655021","2","28017172293"
"Rio 2022 Legends Sticker Capsule","Counter-Strike 2","19 Apr","19 Apr","$0.75 USD","75","sale","Rio 2022 Legends Sticker Capsule","730","2","28017172287","143865972","5051655021","2","28017172287"
"Rio 2022 Legends Sticker Capsule","Counter-Strike 2","19 Apr","19 Apr","$0.75 USD","75","sale","Rio 2022 Legends Sticker Capsule","730","2","28017178839","143865972","5051655021","2","28017178839"
"Dreams & Nightmares Case","Counter-Strike 2","19 Apr","19 Apr","$2.05 USD","205","sale","Dreams & Nightmares Case","730","2","29735368372","0","4717330486","2","29735368372"
"Recoil Case","Counter-Strike 2","19 Apr","19 Apr","$1.49 USD","149","sale","Recoil Case","730","2","29755837293","0","4901046679","2","29755837293"
"Rio 2022 Legends Sticker Capsule","Counter-Strike 2","18 Apr","19 Apr","$0.75 USD","75","sale","Rio 2022 Legends Sticker Capsule","730","2","28017172279","143865972","5051655021","2","28017172279"
"Rio 2022 Legends Sticker Capsule","Counter-Strike 2","18 Apr","19 Apr","$0.75 USD","75","sale","Rio 2022 Legends Sticker Capsule","730","2","29759224984","143865972","5041282397","2","29759224984"
"Rio 2022 Legends Sticker Capsule","Counter-Strike 2","18 Apr","19 Apr","$0.75 USD","75","sale","Rio 2022 Legends Sticker Capsule","730","2","28017172280","143865972","5051655021","2","28017172280"
"Rio 2022 Legends Sticker Capsule","Counter-Strike 2","18 Apr","19 Apr","$0.75 USD","75","sale","Rio 2022 Legends Sticker Capsule","730","2","29759222092","143865972","5041282397","2","29759222092"
"Rio 2022 Legends Sticker Capsule","Counter-Strike 2","18 Apr","19 Apr","$0.75 USD","75","sale","Rio 2022 Legends Sticker Capsule","730","2","29759223918","143865972","5041282397","2","29759223918"
"Rio 2022 Legends Sticker Capsule","Counter-Strike 2","18 Apr","19 Apr","$0.75 USD","75","sale","Rio 2022 Legends Sticker Capsule","730","2","28017172291","143865972","5051655021","2","28017172291"
"Rio 2022 Legends Sticker Capsule","Counter-Strike 2","18 Apr","19 Apr","$0.75 USD","75","sale","Rio 2022 Legends Sticker Capsule","730","2","28017171162","143865972","5051655021","2","28017171162"
"Rio 2022 Legends Sticker Capsule","Counter-Strike 2","18 Apr","19 Apr","$0.75 USD","75","sale","Rio 2022 Legends Sticker Capsule","730","2","29759226962","143865972","5041282397","2","29759226962"
"Rio 2022 Legends Sticker Capsule","Counter-Strike 2","18 Apr","19 Apr","$0.75 USD","75","sale","Rio 2022 Legends Sticker Capsule","730","2","29759227652","143865972","5041282397","2","29759227652"
"Rio 2022 Legends Sticker Capsule","Counter-Strike 2","18 Apr","19 Apr","$0.75 USD","75","sale","Rio 2022 Legends Sticker Capsule","730","2","28017171161","143865972","5051655021","2","28017171161"
"Rio 2022 Legends Sticker Capsule","Counter-Strike 2","18 Apr","19 Apr","$0.75 USD","75","sale","Rio 2022 Legends Sticker Capsule","730","2","28017172278","143865972","5051655021","2","28017172278"
"Rio 2022 Legends Sticker Capsule","Counter-Strike 2","18 Apr","19 Apr","$0.75 USD","75","sale","Rio 2022 Legends Sticker Capsule","730","2","28017172286","143865972","5051655021","2","28017172286"
"Rio 2022 Legends Sticker Capsule","Counter-Strike 2","18 Apr","19 Apr","$0.75 USD","75","sale","Rio 2022 Legends Sticker Capsule","730","2","28017178838","143865972","5051655021","2","28017178838"
"Rio 2022 Legends Sticker Capsule","Counter-Strike 2","18 Apr","19 Apr","$0.75 USD","75","sale","Rio 2022 Legends Sticker Capsule","730","2","28017172289","143865972","5051655021","2","28017172289"
"Rio 2022 Legends Sticker Capsule","Counter-Strike 2","18 Apr","19 Apr","$0.75 USD","75","sale","Rio 2022 Legends Sticker Capsule","730","2","29759228500","143865972","5041282397","2","29759228500"
"Rio 2022 Legends Sticker Capsule","Counter-Strike 2","18 Apr","19 Apr","$0.75 USD","75","sale","Rio 2022 Legends Sticker Capsule","730","2","28017171163","143865972","5051655021","2","28017171163"
"Rio 2022 Legends Sticker Capsule","Counter-Strike 2","18 Apr","19 Apr","$0.75 USD","75","sale","Rio 2022 Legends Sticker Capsule","730","2","28017172283","143865972","5051655021","2","28017172283"
"Rio 2022 Legends Sticker Capsule","Counter-Strike 2","18 Apr","19 Apr","$0.75 USD","75","sale","Rio 2022 Legends Sticker Capsule","730","2","28017171160","143865972","5051655021","2","28017171160"
"Rio 2022 Legends Sticker Capsule","Counter-Strike 2","18 Apr","19 Apr","$0.75 USD","75","sale","Rio 2022 Legends Sticker Capsule","730","2","28017172276","143865972","5051655021","2","28017172276"
"Rio 2022 Legends Sticker Capsule","Counter-Strike 2","18 Apr","19 Apr","$0.75 USD","75","sale","Rio 2022 Legends Sticker Capsule","730","2","28017172295","143865972","5051655021","2","28017172295"
"Rio 2022 Legends Sticker Capsule","Counter-Strike 2","18 Apr","19 Apr","$0.75 USD","75","sale","Rio 2022 Legends Sticker Capsule","730","2","28017171164","143865972","5051655021","2","28017171164"
"Rio 2022 Legends Sticker Capsule","Counter-Strike 2","18 Apr","19 Apr","$0.75 USD","75","sale","Rio 2022 Legends Sticker Capsule","730","2","28017171165","143865972","5051655021","2","28017171165"
"Rio 2022 Legends Sticker Capsule","Counter-Strike 2","18 Apr","19 Apr","$0.75 USD","75","sale","Rio 2022 Legends Sticker Capsule","730","2","28017172281","143865972","5051655021","2","28017172281"
"Rio 2022 Legends Sticker Capsule","Counter-Strike 2","18 Apr","19 Apr","$0.75 USD","75","sale","Rio 2022 Legends Sticker Capsule","730","2","28017178837","143865972","5051655021","2","28017178837"
"Rio 2022 Legends Sticker Capsule","Counter-Strike 2","18 Apr","19 Apr","$0.75 USD","75","sale","Rio 2022 Legends Sticker Capsule","730","2","28017172284","143865972","5051655021","2","28017172284"
"Rio 2022 Legends Sticker Capsule","Counter-Strike 2","18 Apr","19 Apr","$0.75 USD","75","sale","Rio 2022 Legends Sticker Capsule","730","2","28017172290","143865972","5051655021","2","28017172290"
"Rio 2022 Legends Sticker Capsule","Counter-Strike 2","18 Apr","19 Apr","$0.75 USD","75","sale","Rio 2022 Legends Sticker Capsule","730","2","28017172292","143865972","5051655021","2","28017172292"
"Rio 2022 Legends Sticker Capsule","Counter-Strike 2","18 Apr","18 Apr","$0.74 USD","74","sale","Rio 2022 Legends Sticker Capsule","730","2","28017172282","143865972","5051655021","2","28017172282"
"Rio 2022 Legends Sticker Capsule","Counter-Strike 2","18 Apr","18 Apr","$0.74 USD","74","sale","Rio 2022 Legends Sticker Capsule","730","2","28017172277","143865972","5051655021","2","28017172277"
"Rio 2022 Legends Sticker Capsule","Counter-Strike 2","18 Apr","18 Apr","$0.74 USD","74","sale","Rio 2022 Legends Sticker Capsule","730","2","28017172294","143865972","5051655021","2","28017172294"
"Rio 2022 Legends Sticker Capsule","Counter-Strike 2","18 Apr","18 Apr","$0.74 USD","74","sale","Rio 2022 Legends Sticker Capsule","730","2","29759222782","143865972","5041282397","2","29759222782"
"Rio 2022 Legends Sticker Capsule","Counter-Strike 2","18 Apr","18 Apr","$0.74 USD","74","sale","Rio 2022 Legends Sticker Capsule","730","2","29759225728","143865972","5041282397","2","29759225728"
"AUG | Amber Slipstream","Counter-Strike 2","18 Apr","18 Apr","$0.30 USD","30","purchase","AUG | Amber Slipstream (Minimal Wear)","730","2","29756182396","188530139","3554508858","2","29756182396"
"AUG | Amber Slipstream","Counter-Strike 2","18 Apr","18 Apr","$0.28 USD","28","purchase","AUG | Amber Slipstream (Minimal Wear)","730","2","24790894506","188530139","2960964945","2","24790894506"
"AUG | Amber Slipstream","Counter-Strike 2","18 Apr","18 Apr","$0.29 USD","29","purchase","AUG | Amber Slipstream (Minimal Wear)","730","2","18731275466","188530139","2960964945","2","18731275466"
"AUG | Amber Slipstream","Counter-Strike 2","18 Apr","18 Apr","$0.30 USD","30","purchase","AUG | Amber Slipstream (Minimal Wear)","730","2","29755472179","188530139","5291865908","2","29755472179"
"AUG | Amber Slipstream","Counter-Strike 2","18 Apr","18 Apr","$0.28 USD","28","purchase","AUG | Amber Slipstream (Minimal Wear)","730","2","29755379750","188530139","5291865908","2","29755379750"
"AUG | Amber Slipstream","Counter-Strike 2","18 Apr","18 Apr","$0.28 USD","28","purchase","AUG | Amber Slipstream (Minimal Wear)","730","2","29753521572","188530139","5291865908","2","29753521572"
"AUG | Amber Slipstream","Counter-Strike 2","18 Apr","18 Apr","$0.28 USD","28","purchase","AUG | Amber Slipstream (Minimal Wear)","730","2","29717333380","188530139","5287293199","2","29717333380"
"AUG | Amber Slipstream","Counter-Strike 2","18 Apr","18 Apr","$0.30 USD","30","purchase","AUG | Amber Slipstream (Minimal Wear)","730","2","29739526965","188530139","5290292785","2","29739526965"
"AUG | Amber Slipstream","Counter-Strike 2","18 Apr","18 Apr","$0.30 USD","30","purchase","AUG | Amber Slipstream (Minimal Wear)","730","2","29752718361","188530139","5291865908","2","29752718361"
"AUG | Amber Slipstream","Counter-Strike 2","18 Apr","18 Apr","$0.28 USD","28","purchase","AUG | Amber Slipstream (Minimal Wear)","730","2","29753554000","188530139","5291865908","2","29753554000"
"Erdtree","ELDEN RING Trading Card","16 Apr","18 Apr","$0.08 USD","8","sale","1245620-Erdtree","753","6","25169968503","0","4759735051","6","25169987922"
"Stormveil Castle","ELDEN RING Trading Card","16 Apr","17 Apr","$0.08 USD","8","sale","1245620-Stormveil Castle","753","6","25169968502","0","4759735125","6","25170096104"
"Snakebite Case","Counter-Strike 2","17 Apr","17 Apr","$0.88 USD","88","sale","Snakebite Case","730","2","29573998393","0","4418618853","2","29573998393"
"Snakebite Case","Counter-Strike 2","17 Apr","17 Apr","$0.88 USD","88","sale","Snakebite Case","730","2","29574001451","0","4418618853","2","29574001451"
"Rio 2022 Champions Autograph Capsule","Counter-Strike 2","17 Apr","17 Apr","$0.72 USD","72","sale","Rio 2022 Champions Autograph Capsule","730","2","28017147990","143865972","5085771808","2","28017147990"
"Rio 2022 Champions Autograph Capsule","Counter-Strike 2","17 Apr","17 Apr","$0.72 USD","72","sale","Rio 2022 Champions Autograph Capsule","730","2","28017147988","143865972","5085771808","2","28017147988"
"Rio 2022 Champions Autograph Capsule","Counter-Strike 2","17 Apr","17 Apr","$0.72 USD","72","sale","Rio 2022 Champions Autograph Capsule","730","2","28017147987","143865972","5085771808","2","28017147987"
"Rio 2022 Champions Autograph Capsule","Counter-Strike 2","17 Apr","17 Apr","$0.72 USD","72","sale","Rio 2022 Champions Autograph Capsule","730","2","28017147991","143865972","5085771808","2","28017147991"
"Rio 2022 Champions Autograph Capsule","Counter-Strike 2","17 Apr","17 Apr","$0.72 USD","72","sale","Rio 2022 Champions Autograph Capsule","730","2","28017147992","143865972","5085771808","2","28017147992"
"Rio 2022 Champions Autograph Capsule","Counter-Strike 2","17 Apr","17 Apr","$0.72 USD","72","sale","Rio 2022 Champions Autograph Capsule","730","2","28017147989","143865972","5085771808","2","28017147989"
"Rio 2022 Champions Autograph Capsule","Counter-Strike 2","17 Apr","17 Apr","$0.72 USD","72","sale","Rio 2022 Champions Autograph Capsule","730","2","28017147979","143865972","5085771808","2","28017147979"
"Rio 2022 Champions Autograph Capsule","Counter-Strike 2","17 Apr","17 Apr","$0.72 USD","72","sale","Rio 2022 Champions Autograph Capsule","730","2","28017147980","143865972","5085771808","2","28017147980"
"Rio 2022 Champions Autograph Capsule","Counter-Strike 2","17 Apr","17 Apr","$0.72 USD","72","sale","Rio 2022 Champions Autograph Capsule","730","2","28017147981","143865972","5085771808","2","28017147981"
"Rio 2022 Champions Autograph Capsule","Counter-Strike 2","17 Apr","17 Apr","$0.72 USD","72","sale","Rio 2022 Champions Autograph Capsule","730","2","28017147982","143865972","5085771808","2","28017147982"
"Rio 2022 Champions Autograph Capsule","Counter-Strike 2","17 Apr","17 Apr","$0.72 USD","72","sale","Rio 2022 Champions Autograph Capsule","730","2","28017147984","143865972","5085771808","2","28017147984"
"Rio 2022 Champions Autograph Capsule","Counter-Strike 2","17 Apr","17 Apr","$0.72 USD","72","sale","Rio 2022 Champions Autograph Capsule","730","2","28017147985","143865972","5085771808","2","28017147985"
"Rio 2022 Champions Autograph Capsule","Counter-Strike 2","17 Apr","17 Apr","$0.72 USD","72","sale","Rio 2022 Champions Autograph Capsule","730","2","28017147986","143865972","5085771808","2","28017147986"
"Rio 2022 Champions Autograph Capsule","Counter-Strike 2","17 Apr","17 Apr","$0.72 USD","72","sale","Rio 2022 Champions Autograph Capsule","730","2","28017147983","143865972","5085771808","2","28017147983"
"Rio 2022 Champions Autograph Capsule","Counter-Strike 2","17 Apr","17 Apr","$0.72 USD","72","sale","Rio 2022 Champions Autograph Capsule","730","2","28017147978","143865972","5085771808","2","28017147978"
"Rio 2022 Champions Autograph Capsule","Counter-Strike 2","17 Apr","17 Apr","$0.72 USD","72","sale","Rio 2022 Champions Autograph Capsule","730","2","28017146297","143865972","5085771808","2","28017146297"
"Rio 2022 Champions Autograph Capsule","Counter-Strike 2","17 Apr","17 Apr","$0.72 USD","72","sale","Rio 2022 Champions Autograph Capsule","730","2","28017146298","143865972","5085771808","2","28017146298"
"Rio 2022 Champions Autograph Capsule","Counter-Strike 2","17 Apr","17 Apr","$0.72 USD","72","sale","Rio 2022 Champions Autograph Capsule","730","2","28017146296","143865972","5085771808","2","28017146296"
"Rio 2022 Champions Autograph Capsule","Counter-Strike 2","17 Apr","17 Apr","$0.72 USD","72","sale","Rio 2022 Champions Autograph Capsule","730","2","28017147975","143865972","5085771808","2","28017147975"
"Rio 2022 Champions Autograph Capsule","Counter-Strike 2","17 Apr","17 Apr","$0.72 USD","72","sale","Rio 2022 Champions Autograph Capsule","730","2","28017147976","143865972","5085771808","2","28017147976"
"Rio 2022 Champions Autograph Capsule","Counter-Strike 2","17 Apr","17 Apr","$0.72 USD","72","sale","Rio 2022 Champions Autograph Capsule","730","2","28017146288","143865972","5085771808","2","28017146288"
"Rio 2022 Champions Autograph Capsule","Counter-Strike 2","17 Apr","17 Apr","$0.72 USD","72","sale","Rio 2022 Champions Autograph Capsule","730","2","28017147977","143865972","5085771808","2","28017147977"
"Rio 2022 Champions Autograph Capsule","Counter-Strike 2","17 Apr","17 Apr","$0.72 USD","72","sale","Rio 2022 Champions Autograph Capsule","730","2","28017147974","143865972","5085771808","2","28017147974"
"Rio 2022 Champions Autograph Capsule","Counter-Strike 2","17 Apr","17 Apr","$0.72 USD","72","sale","Rio 2022 Champions Autograph Capsule","730","2","28017146289","143865972","5085771808","2","28017146289"
"Rio 2022 Champions Autograph Capsule","Counter-Strike 2","17 Apr","17 Apr","$0.72 USD","72","sale","Rio 2022 Champions Autograph Capsule","730","2","28017146292","143865972","5085771808","2","28017146292"
"Rio 2022 Champions Autograph Capsule","Counter-Strike 2","17 Apr","17 Apr","$0.72 USD","72","sale","Rio 2022 Champions Autograph Capsule","730","2","28017146291","143865972","5085771808","2","28017146291"
"Rio 2022 Champions Autograph Capsule","Counter-Strike 2","17 Apr","17 Apr","$0.72 USD","72","sale","Rio 2022 Champions Autograph Capsule","730","2","28017146295","143865972","5085771808","2","28017146295"
"Rio 2022 Champions Autograph Capsule","Counter-Strike 2","17 Apr","17 Apr","$0.72 USD","72","sale","Rio 2022 Champions Autograph Capsule","730","2","28017146294","143865972","5085771808","2","28017146294"
"Rio 2022 Champions Autograph Capsule","Counter-Strike 2","17 Apr","17 Apr","$0.72 USD","72","sale","Rio 2022 Champions Autograph Capsule","730","2","28017146290","143865972","5085771808","2","28017146290"
"Rio 2022 Champions Autograph Capsule","Counter-Strike 2","17 Apr","17 Apr","$0.72 USD","72","sale","Rio 2022 Champions Autograph Capsule","730","2","28017146293","143865972","5085771808","2","28017146293"
"Prisma 2 Case","Counter-Strike 2","17 Apr","17 Apr","$1.06 USD","106","sale","Prisma 2 Case","730","2","29574000645","0","3761545285","2","29574000645"
"Prisma 2 Case","Counter-Strike 2","17 Apr","17 Apr","$1.06 USD","106","sale","Prisma 2 Case","730","2","29573999806","0","3761545285","2","29573999806"
"Prisma 2 Case","Counter-Strike 2","17 Apr","17 Apr","$1.06 USD","106","sale","Prisma 2 Case","730","2","29573997944","0","3761545285","2","29573997944"
"Prisma 2 Case","Counter-Strike 2","17 Apr","17 Apr","$1.06 USD","106","sale","Prisma 2 Case","730","2","29573999582","0","3761545285","2","29573999582"
"Prisma 2 Case","Counter-Strike 2","17 Apr","17 Apr","$1.06 USD","106","sale","Prisma 2 Case","730","2","29573997886","0","3761545285","2","29573997886"
"Prisma 2 Case","Counter-Strike 2","17 Apr","17 Apr","$1.06 USD","106","sale","Prisma 2 Case","730","2","29573998113","0","3761545285","2","29573998113"
"Prisma 2 Case","Counter-Strike 2","17 Apr","17 Apr","$1.06 USD","106","sale","Prisma 2 Case","730","2","29574000521","0","3761545285","2","29574000521"
"Prisma 2 Case","Counter-Strike 2","17 Apr","17 Apr","$1.06 USD","106","sale","Prisma 2 Case","730","2","29573998683","0","3761545285","2","29573998683"
"Prisma 2 Case","Counter-Strike 2","17 Apr","17 Apr","$1.06 USD","106","sale","Prisma 2 Case","730","2","29573998218","0","3761545285","2","29573998218"
"Prisma 2 Case","Counter-Strike 2","17 Apr","17 Apr","$1.06 USD","106","sale","Prisma 2 Case","730","2","29573998953","0","3761545285","2","29573998953"
"Prisma 2 Case","Counter-Strike 2","17 Apr","17 Apr","$1.06 USD","106","sale","Prisma 2 Case","730","2","29573994165","0","3761545285","2","29573994165"
"Prisma 2 Case","Counter-Strike 2","17 Apr","17 Apr","$1.06 USD","106","sale","Prisma 2 Case","730","2","29573995296","0","3761545285","2","29573995296"
"Prisma 2 Case","Counter-Strike 2","17 Apr","17 Apr","$1.06 USD","106","sale","Prisma 2 Case","730","2","29573995926","0","3761545285","2","29573995926"
"Prisma 2 Case","Counter-Strike 2","17 Apr","17 Apr","$1.06 USD","106","sale","Prisma 2 Case","730","2","29573995965","0","3761545285","2","29573995965"
"Prisma 2 Case","Counter-Strike 2","17 Apr","17 Apr","$1.06 USD","106","sale","Prisma 2 Case","730","2","29573996793","0","3761545285","2","29573996793"
"Prisma 2 Case","Counter-Strike 2","17 Apr","17 Apr","$1.06 USD","106","sale","Prisma 2 Case","730","2","29573997057","0","3761545285","2","29573997057"
"Prisma 2 Case","Counter-Strike 2","17 Apr","17 Apr","$1.06 USD","106","sale","Prisma 2 Case","730","2","29573996895","0","3761545285","2","29573996895"
"Prisma 2 Case","Counter-Strike 2","17 Apr","17 Apr","$1.06 USD","106","sale","Prisma 2 Case","730","2","29573997528","0","3761545285","2","29573997528"
"Danger Zone Case","Counter-Strike 2","17 Apr","17 Apr","$1.02 USD","102","sale","Danger Zone Case","730","2","29573998781","0","3106076656","2","29573998781"
"Danger Zone Case","Counter-Strike 2","17 Apr","17 Apr","$1.02 USD","102","sale","Danger Zone Case","730","2","29573995387","0","3106076656","2","29573995387"
"Danger Zone Case","Counter-Strike 2","17 Apr","17 Apr","$1.02 USD","102","sale","Danger Zone Case","730","2","29574001161","0","3106076656","2","29574001161"
"Danger Zone Case","Counter-Strike 2","17 Apr","17 Apr","$1.02 USD","102","sale","Danger Zone Case","730","2","29573995541","0","3106076656","2","29573995541"
"Danger Zone Case","Counter-Strike 2","17 Apr","17 Apr","$1.02 USD","102","sale","Danger Zone Case","730","2","29573995893","0","3106076656","2","29573995893"
"Danger Zone Case","Counter-Strike 2","17 Apr","17 Apr","$1.02 USD","102","sale","Danger Zone Case","730","2","29573993145","0","3106076656","2","29573993145"
"Danger Zone Case","Counter-Strike 2","17 Apr","17 Apr","$1.02 USD","102","sale","Danger Zone Case","730","2","29573996672","0","3106076656","2","29573996672"
"Danger Zone Case","Counter-Strike 2","17 Apr","17 Apr","$1.02 USD","102","sale","Danger Zone Case","730","2","29573992695","0","3106076656","2","29573992695"
"Danger Zone Case","Counter-Strike 2","17 Apr","17 Apr","$1.02 USD","102","sale","Danger Zone Case","730","2","29573992422","0","3106076656","2","29573992422"
"Danger Zone Case","Counter-Strike 2","17 Apr","17 Apr","$1.02 USD","102","sale","Danger Zone Case","730","2","29573992779","0","3106076656","2","29573992779"
"Danger Zone Case","Counter-Strike 2","17 Apr","17 Apr","$1.02 USD","102","sale","Danger Zone Case","730","2","29573993500","0","3106076656","2","29573993500"
"Danger Zone Case","Counter-Strike 2","17 Apr","17 Apr","$1.02 USD","102","sale","Danger Zone Case","730","2","29573994253","0","3106076656","2","29573994253"
"Danger Zone Case","Counter-Strike 2","17 Apr","17 Apr","$1.02 USD","102","sale","Danger Zone Case","730","2","29573993864","0","3106076656","2","29573993864"
"Danger Zone Case","Counter-Strike 2","17 Apr","17 Apr","$1.02 USD","102","sale","Danger Zone Case","730","2","29573993617","0","3106076656","2","29573993617"
"Clutch Case","Counter-Strike 2","17 Apr","17 Apr","$1.22 USD","122","sale","Clutch Case","730","2","29573995035","0","2727227113","2","29573995035"
"Clutch Case","Counter-Strike 2","17 Apr","17 Apr","$1.22 USD","122","sale","Clutch Case","730","2","29573998518","0","2727227113","2","29573998518"
"Clutch Case","Counter-Strike 2","17 Apr","17 Apr","$1.22 USD","122","sale","Clutch Case","730","2","29573995572","0","2727227113","2","29573995572"
"Clutch Case","Counter-Strike 2","17 Apr","17 Apr","$1.22 USD","122","sale","Clutch Case","730","2","29573999690","0","2727227113","2","29573999690"
"Clutch Case","Counter-Strike 2","17 Apr","17 Apr","$1.22 USD","122","sale","Clutch Case","730","2","29574000263","0","2727227113","2","29574000263"
"Clutch Case","Counter-Strike 2","17 Apr","17 Apr","$1.22 USD","122","sale","Clutch Case","730","2","29574001366","0","2727227113","2","29574001366"
"Clutch Case","Counter-Strike 2","17 Apr","17 Apr","$1.22 USD","122","sale","Clutch Case","730","2","29573995148","0","2727227113","2","29573995148"
"Clutch Case","Counter-Strike 2","17 Apr","17 Apr","$1.22 USD","122","sale","Clutch Case","730","2","29573996335","0","2727227113","2","29573996335"
"Clutch Case","Counter-Strike 2","17 Apr","17 Apr","$1.22 USD","122","sale","Clutch Case","730","2","29573999051","0","2727227113","2","29573999051"
"Clutch Case","Counter-Strike 2","17 Apr","17 Apr","$1.22 USD","122","sale","Clutch Case","730","2","29573997574","0","2727227113","2","29573997574"
"Clutch Case","Counter-Strike 2","17 Apr","17 Apr","$1.22 USD","122","sale","Clutch Case","730","2","29573995602","0","2727227113","2","29573995602"
"Clutch Case","Counter-Strike 2","17 Apr","17 Apr","$1.22 USD","122","sale","Clutch Case","730","2","29573997425","0","2727227113","2","29573997425"
"Father","God of War Trading Card","16 Apr","16 Apr","$0.10 USD","10","purchase","1593500-Father","753","6","25098891731","0","4713824646","6","25166848343"
"Rage","God of War Trading Card","15 Apr","16 Apr","$0.11 USD","11","purchase","1593500-Rage","753","6","20932437501","0","4713824585","6","25155838472"
"Boy","God of War Trading Card","16 Apr","16 Apr","$0.11 USD","11","purchase","1593500-Boy","753","6","25091079133","0","4713824542","6","25166808526"
"Brothers","God of War Trading Card","7 Apr","16 Apr","$0.10 USD","10","purchase","1593500-Brothers","753","6","24971818646","0","4713824592","6","25059007904"
"Witch of the Woods","God of War Trading Card","14 Apr","16 Apr","$0.10 USD","10","purchase","1593500-Witch of the Woods","753","6","25013121169","0","4713824596","6","25141818215"
"Father","God of War Trading Card","16 Apr","16 Apr","$0.10 USD","10","purchase","1593500-Father","753","6","20102436607","0","4713824646","6","25166609791"
"Rage","God of War Trading Card","16 Apr","16 Apr","$0.10 USD","10","purchase","1593500-Rage","753","6","22542621805","0","4713824585","6","25169756182"
"Witch of the Woods","God of War Trading Card","14 Apr","16 Apr","$0.10 USD","10","purchase","1593500-Witch of the Woods","753","6","25013121171","0","4713824596","6","25141818213"
"Boy","God of War Trading Card","16 Apr","16 Apr","$0.10 USD","10","purchase","1593500-Boy","753","6","25169924123","0","4713824542","6","25169924192"
"Sticker | Spirit (Holo) | 2020 RMR","Counter-Strike 2","11 Apr","11 Apr","$0.50 USD","50","sale","Sticker | Spirit (Holo) | 2020 RMR","730","2","29573999254","188530139","5276100062","2","29573999254"
"Sticker | Spirit (Holo) | 2020 RMR","Counter-Strike 2","11 Apr","11 Apr","$0.50 USD","50","sale","Sticker | Spirit (Holo) | 2020 RMR","730","2","29573999325","188530139","5276100062","2","29573999325"
"Sticker | Spirit (Holo) | 2020 RMR","Counter-Strike 2","11 Apr","11 Apr","$0.50 USD","50","sale","Sticker | Spirit (Holo) | 2020 RMR","730","2","29573999206","188530139","5276100062","2","29573999206"
"Sticker | Spirit (Holo) | 2020 RMR","Counter-Strike 2","11 Apr","11 Apr","$0.50 USD","50","sale","Sticker | Spirit (Holo) | 2020 RMR","730","2","29573999379","188530139","5276100062","2","29573999379"
"Tec-9 | Urban DDPAT","Counter-Strike 2","9 Apr","9 Apr","$0.05 USD","5","purchase","Tec-9 | Urban DDPAT (Field-Tested)","730","2","29551969651","302028390","5274594478","2","29551969651"
"Tec-9 | Urban DDPAT","Counter-Strike 2","8 Apr","8 Apr","$0.05 USD","5","purchase","Tec-9 | Urban DDPAT (Field-Tested)","730","2","29448583657","302028390","469444882","2","29448583657"
"Rio 2022 Dust II Souvenir Package","Counter-Strike 2","7 Apr","7 Apr","$8.00 USD","800","sale","Rio 2022 Dust II Souvenir Package","730","2","27905932971","236997301","5074353838","2","27905932971"
"Rio 2022 Dust II Souvenir Package","Counter-Strike 2","7 Apr","7 Apr","$8.00 USD","800","sale","Rio 2022 Dust II Souvenir Package","730","2","27906043196","236997301","5074353838","2","27906043196"
"Rio 2022 Dust II Souvenir Package","Counter-Strike 2","7 Apr","7 Apr","$8.00 USD","800","sale","Rio 2022 Dust II Souvenir Package","730","2","28017183837","236997301","5074353838","2","28017183837"
"Rio 2022 Dust II Souvenir Package","Counter-Strike 2","7 Apr","7 Apr","$8.00 USD","800","sale","Rio 2022 Dust II Souvenir Package","730","2","27905933345","236997301","5074353838","2","27905933345"
"Rio 2022 Dust II Souvenir Package","Counter-Strike 2","7 Apr","7 Apr","$8.00 USD","800","sale","Rio 2022 Dust II Souvenir Package","730","2","27906042852","236997301","5074353838","2","27906042852"
"Rio 2022 Dust II Souvenir Package","Counter-Strike 2","7 Apr","7 Apr","$8.00 USD","800","sale","Rio 2022 Dust II Souvenir Package","730","2","27905933860","236997301","5074353838","2","27905933860"
"Rio 2022 Dust II Souvenir Package","Counter-Strike 2","7 Apr","7 Apr","$8.00 USD","800","sale","Rio 2022 Dust II Souvenir Package","730","2","28017183551","236997301","5074353838","2","28017183551"
"Rio 2022 Dust II Souvenir Package","Counter-Strike 2","7 Apr","7 Apr","$8.00 USD","800","sale","Rio 2022 Dust II Souvenir Package","730","2","28017184175","236997301","5074353838","2","28017184175"
"Rio 2022 Dust II Souvenir Package","Counter-Strike 2","7 Apr","7 Apr","$8.00 USD","800","sale","Rio 2022 Dust II Souvenir Package","730","2","27906043569","236997301","5074353838","2","27906043569"
"Rio 2022 Dust II Souvenir Package","Counter-Strike 2","7 Apr","7 Apr","$8.00 USD","800","sale","Rio 2022 Dust II Souvenir Package","730","2","28753825704","236997301","5074353838","2","28753825704"
"Revolution Case","Counter-Strike 2","6 Apr","6 Apr","$2.83 USD","283","sale","Revolution Case","730","2","29487261590","0","5189384637","2","29487261590"
"2020 RMR Contenders","Counter-Strike 2","29 Mar","29 Mar","$0.61 USD","61","purchase","2020 RMR Contenders","730","2","21511023700","143865972","4292377294","2","21511023700"
"2020 RMR Contenders","Counter-Strike 2","29 Mar","29 Mar","$0.61 USD","61","purchase","2020 RMR Contenders","730","2","21511023702","143865972","4292377294","2","21511023702"
"2020 RMR Contenders","Counter-Strike 2","29 Mar","29 Mar","$0.61 USD","61","purchase","2020 RMR Contenders","730","2","21511023706","143865972","4292377294","2","21511023706"
"2020 RMR Contenders","Counter-Strike 2","29 Mar","29 Mar","$0.61 USD","61","purchase","2020 RMR Contenders","730","2","21511028033","143865972","4292377294","2","21511028033"
"Revolution Case","Counter-Strike 2","29 Mar","29 Mar","$2.50 USD","250","sale","Revolution Case","730","2","29348618884","0","5189384637","2","29348618884"
"Rio 2022 Legends Sticker Capsule","Counter-Strike 2","29 Mar","29 Mar","$0.80 USD","80","purchase","Rio 2022 Legends Sticker Capsule","730","2","27961128042","143865972","5051655021","2","27961128042"
"Rio 2022 Legends Sticker Capsule","Counter-Strike 2","29 Mar","29 Mar","$0.80 USD","80","purchase","Rio 2022 Legends Sticker Capsule","730","2","28211015998","143865972","5051655021","2","28211015998"
"Rio 2022 Legends Sticker Capsule","Counter-Strike 2","29 Mar","29 Mar","$0.80 USD","80","purchase","Rio 2022 Legends Sticker Capsule","730","2","28697479564","143865972","5051655021","2","28697479564"
"Rio 2022 Legends Sticker Capsule","Counter-Strike 2","29 Mar","29 Mar","$0.80 USD","80","purchase","Rio 2022 Legends Sticker Capsule","730","2","27961128038","143865972","5051655021","2","27961128038"
"Rio 2022 Legends Sticker Capsule","Counter-Strike 2","29 Mar","29 Mar","$0.80 USD","80","purchase","Rio 2022 Legends Sticker Capsule","730","2","27961128044","143865972","5051655021","2","27961128044"
"Rio 2022 Legends Sticker Capsule","Counter-Strike 2","29 Mar","29 Mar","$0.80 USD","80","purchase","Rio 2022 Legends Sticker Capsule","730","2","27961128036","143865972","5051655021","2","27961128036"
"Rio 2022 Legends Sticker Capsule","Counter-Strike 2","29 Mar","29 Mar","$0.80 USD","80","purchase","Rio 2022 Legends Sticker Capsule","730","2","28697479566","143865972","5051655021","2","28697479566"
"Sticker | Outsiders (Holo) | Rio 2022","Counter-Strike 2","28 Mar","28 Mar","$12.39 USD","1239","purchase","Sticker | Outsiders (Holo) | Rio 2022","730","2","29366036496","188530139","5256850205","2","29366036496"
"Sticker | Outsiders (Holo) | Rio 2022","Counter-Strike 2","28 Mar","28 Mar","$12.39 USD","1239","purchase","Sticker | Outsiders (Holo) | Rio 2022","730","2","29366034350","188530139","5256850205","2","29366034350"
"Sticker | Outsiders (Holo) | Rio 2022","Counter-Strike 2","28 Mar","28 Mar","$12.39 USD","1239","purchase","Sticker | Outsiders (Holo) | Rio 2022","730","2","29366033472","188530139","5256850205","2","29366033472"
"Sticker | Outsiders (Holo) | Rio 2022","Counter-Strike 2","28 Mar","28 Mar","$12.39 USD","1239","purchase","Sticker | Outsiders (Holo) | Rio 2022","730","2","29364704048","188530139","5258635923","2","29364704048"
"Recoil Case","Counter-Strike 2","28 Mar","28 Mar","$0.80 USD","80","sale","Recoil Case","730","2","29177927581","0","4901046679","2","29177927581"
"AK-47 | Slate","Counter-Strike 2","21 Mar","24 Mar","$3.31 USD","331","sale","AK-47 | Slate (Field-Tested)","730","2","29201795199","480085569","5246108334","2","29201795199"
"AK-47 | Slate","Counter-Strike 2","21 Mar","24 Mar","$3.31 USD","331","sale","AK-47 | Slate (Field-Tested)","730","2","29201795178","480085569","5246108334","2","29201795178"
"AK-47 | Slate","Counter-Strike 2","21 Mar","24 Mar","$3.31 USD","331","sale","AK-47 | Slate (Field-Tested)","730","2","29201686792","188530139","5246547372","2","29201686792"
"AK-47 | Slate","Counter-Strike 2","21 Mar","24 Mar","$3.31 USD","331","sale","AK-47 | Slate (Field-Tested)","730","2","29201710068","480085569","5246114557","2","29201710068"
"AK-47 | Slate","Counter-Strike 2","21 Mar","23 Mar","$3.36 USD","336","sale","AK-47 | Slate (Field-Tested)","730","2","29201807579","480085569","5246123978","2","29201807579"
"AK-47 | Slate","Counter-Strike 2","21 Mar","21 Mar","$3.18 USD","318","purchase","AK-47 | Slate (Field-Tested)","730","2","28978400903","480085569","4841075612","2","28978400903"
"AK-47 | Slate","Counter-Strike 2","21 Mar","21 Mar","$3.18 USD","318","purchase","AK-47 | Slate (Field-Tested)","730","2","29201774844","480085569","5246108334","2","29201774844"
"AK-47 | Slate","Counter-Strike 2","21 Mar","21 Mar","$3.18 USD","318","purchase","AK-47 | Slate (Field-Tested)","730","2","29201766704","480085569","5246108334","2","29201766704"
"AK-47 | Slate","Counter-Strike 2","21 Mar","21 Mar","$3.18 USD","318","purchase","AK-47 | Slate (Field-Tested)","730","2","29201707327","480085569","4839713730","2","29201707327"
"AK-47 | Slate","Counter-Strike 2","21 Mar","21 Mar","$3.18 USD","318","purchase","AK-47 | Slate (Field-Tested)","730","2","29182884521","188530139","5244553121","2","29182884521"
"Recoil Case","Counter-Strike 2","16 Mar","16 Mar","$0.72 USD","72","sale","Recoil Case","730","2","29059700107","0","4901046679","2","29059700107"
"Revolution Case","Counter-Strike 2","14 Mar","14 Mar","$2.20 USD","220","sale","Revolution Case","730","2","29080604531","0","5189384637","2","29080604531"
"Tec-9 | Isaac","Counter-Strike 2","7 Mar","7 Mar","$1.31 USD","131","sale","Tec-9 | Isaac (Field-Tested)","730","2","28981516973","188530139","5224790445","2","28981516973"
"Tec-9 | Isaac","Counter-Strike 2","7 Mar","7 Mar","$1.30 USD","130","sale","Tec-9 | Isaac (Field-Tested)","730","2","28981522524","188530139","5224790932","2","28981522524"
"Sticker | PGL | Antwerp 2022","Counter-Strike 2","22 Oct","5 Mar","$0.01 USD","1","sale","Sticker | PGL | Antwerp 2022","730","2","26989712889","188530139","4839650831","2","26989712889"
"P2000 | Lifted Spirits","Counter-Strike 2","27 Feb","27 Feb","$0.08 USD","8","sale","P2000 | Lifted Spirits (Field-Tested)","730","2","27700238761","188530139","5074106794","2","27700238761"
"Lawan (Trading Card)","Dying Light 2: Reloaded Edition Trading Card","21 Jan","27 Feb","$0.07 USD","7","purchase","534380-Lawan (Trading Card)","753","6","22959137381","0","5122545646","6","24237258632"
"Demolisher","Dying Light 2: Reloaded Edition Trading Card","10 Feb","27 Feb","$0.07 USD","7","purchase","534380-Demolisher","753","6","22959208386","0","5122545707","6","24294023792"
"Howler","Dying Light 2: Reloaded Edition Trading Card","26 Feb","27 Feb","$0.06 USD","6","purchase","534380-Howler","753","6","22960308320","0","5122545648","6","24582561003"
"Hakon (Trading Card)","Dying Light 2: Reloaded Edition Trading Card","25 Feb","27 Feb","$0.06 USD","6","purchase","534380-Hakon (Trading Card)","753","6","24561643545","0","5122545706","6","24573488626"
"Frank","Dying Light 2: Reloaded Edition Trading Card","24 Feb","27 Feb","$0.06 USD","6","purchase","534380-Frank","753","6","24549667111","0","5122545653","6","24568508005"
"Banshee (Trading Card)","Dying Light 2: Reloaded Edition Trading Card","27 Feb","27 Feb","$0.05 USD","5","purchase","534380-Banshee (Trading Card)","753","6","23123485174","0","5122545654","6","24592474965"
"Nova | Caged Steel","Counter-Strike 2","27 Feb","27 Feb","$0.17 USD","17","sale","Nova | Caged Steel (Factory New)","730","2","27906962083","302028390","469440574","2","27906962083"
"P2000 | Urban Hazard","Counter-Strike 2","27 Feb","27 Feb","$0.06 USD","6","sale","P2000 | Urban Hazard (Battle-Scarred)","730","2","27700242676","188530139","5074106793","2","27700242676"
"Waltz","Dying Light 2: Reloaded Edition Trading Card","25 Feb","27 Feb","$0.06 USD","6","purchase","534380-Waltz","753","6","22956825278","0","5122545515","6","24572671829"
"Howler","Dying Light 2: Reloaded Edition Trading Card","26 Feb","27 Feb","$0.06 USD","6","purchase","534380-Howler","753","6","22963805454","0","5122545648","6","24582354992"
"Frank","Dying Light 2: Reloaded Edition Trading Card","27 Feb","27 Feb","$0.05 USD","5","purchase","534380-Frank","753","6","22957741838","0","5122545653","6","24592419451"
"Biter","Dying Light 2: Reloaded Edition Trading Card","27 Feb","27 Feb","$0.05 USD","5","purchase","534380-Biter","753","6","22959332004","0","5122545644","6","24592426737"
"Banshee (Trading Card)","Dying Light 2: Reloaded Edition Trading Card","24 Feb","27 Feb","$0.06 USD","6","purchase","534380-Banshee (Trading Card)","753","6","24489502732","0","5122545654","6","24567155068"
"Snakebite Case","Counter-Strike 2","27 Feb","27 Feb","$0.16 USD","16","sale","Snakebite Case","730","2","28331854439","0","4418618853","2","28331854439"
"Snakebite Case","Counter-Strike 2","27 Feb","27 Feb","$0.15 USD","15","sale","Snakebite Case","730","2","28430069676","0","4418618853","2","28430069676"
"Dreams & Nightmares Case","Counter-Strike 2","8 Feb","8 Feb","$0.59 USD","59","sale","Dreams & Nightmares Case","730","2","28259767360","0","4717330486","2","28259767360"
"AWP | Neo-Noir","Counter-Strike 2","8 Feb","8 Feb","$35.99 USD","3599","sale","AWP | Neo-Noir (Factory New)","730","2","28568623269","188530139","4238321265","2","28568623269"
"MAC-10 | Tatter","Counter-Strike 2","8 Feb","8 Feb","$6.90 USD","690","sale","MAC-10 | Tatter (Factory New)","730","2","25611900925","188530139","506858257","2","25611900925"
"Sticker | ENCE | Antwerp 2022","Counter-Strike 2","22 Oct","17 Jan","$0.01 USD","1","sale","Sticker | ENCE | Antwerp 2022","730","2","26989709680","188530139","4839650811","2","26989709680"
"Harris Brecken","Dying Light Trading Card","11 Jan","11 Jan","$0.02 USD","2","sale","239140-Harris Brecken","753","6","24089645128","0","753612598","6","24089676712"
"Volatile (Trading Card)","Dying Light Trading Card","11 Jan","11 Jan","$0.05 USD","5","purchase","239140-Volatile (Trading Card)","753","6","21134720341","0","753617460","6","24089507939"
"Hazmat","Dying Light Trading Card","6 Dec","11 Jan","$0.05 USD","5","purchase","239140-Hazmat","753","6","14431130550","0","753607023","6","22790512614"
"Jade Aldemir","Dying Light Trading Card","10 Dec","11 Jan","$0.05 USD","5","purchase","239140-Jade Aldemir","753","6","22826652274","0","753620037","6","22830637127"
"Harris Brecken","Dying Light Trading Card","11 Jan","11 Jan","$0.04 USD","4","purchase","239140-Harris Brecken","753","6","21733042609","0","753612598","6","24089573189"
"Toad","Dying Light Trading Card","11 Jan","11 Jan","$0.04 USD","4","purchase","239140-Toad","753","6","23733627656","0","753614269","6","24089540307"
"Hazmat","Dying Light Trading Card","6 Dec","11 Jan","$0.05 USD","5","purchase","239140-Hazmat","753","6","15405209711","0","753607023","6","22790062349"
"Harris Brecken","Dying Light Trading Card","5 Jan","11 Jan","$0.05 USD","5","purchase","239140-Harris Brecken","753","6","21206481839","0","753612598","6","23930897192"
"Recoil Case","Counter-Strike 2","11 Jan","11 Jan","$0.47 USD","47","sale","Recoil Case","730","2","27940630972","0","4901046679","2","27940630972"
"Jade Aldemir","Dying Light Trading Card","10 Dec","11 Jan","$0.05 USD","5","purchase","239140-Jade Aldemir","753","6","22826652281","0","753620037","6","22830637125"
"Demolisher","Dying Light Trading Card","24 Dec","11 Jan","$0.05 USD","5","purchase","239140-Demolisher","753","6","7727836771","0","753613938","6","23112354705"
"Toad","Dying Light Trading Card","26 Dec","11 Jan","$0.05 USD","5","purchase","239140-Toad","753","6","21866847066","0","753614269","6","23328910378"
"Night Hunter","Dying Light Trading Card","10 Dec","11 Jan","$0.05 USD","5","purchase","239140-Night Hunter","753","6","22829015231","0","753622893","6","22830663338"
"Volatile (Trading Card)","Dying Light Trading Card","11 Jan","11 Jan","$0.05 USD","5","purchase","239140-Volatile (Trading Card)","753","6","24075221273","0","753617460","6","24089502904"
"Demolisher","Dying Light Trading Card","23 Dec","11 Jan","$0.05 USD","5","purchase","239140-Demolisher","753","6","18488370583","0","753613938","6","23106819714"
"Toad","Dying Light Trading Card","26 Dec","11 Jan","$0.05 USD","5","purchase","239140-Toad","753","6","21866846971","0","753614269","6","23328910374"
"Night Hunter","Dying Light Trading Card","10 Dec","11 Jan","$0.05 USD","5","purchase","239140-Night Hunter","753","6","22829015237","0","753622893","6","22830663337"
"Volatile (Trading Card)","Dying Light Trading Card","11 Jan","11 Jan","$0.06 USD","6","purchase","239140-Volatile (Trading Card)","753","6","2626606591","0","753617460","6","23346089649"
"Harris Brecken","Dying Light Trading Card","5 Jan","11 Jan","$0.05 USD","5","purchase","239140-Harris Brecken","753","6","1675213698","0","753612598","6","23930069375"
"Snakebite Case","Counter-Strike 2","11 Jan","11 Jan","$0.11 USD","11","sale","Snakebite Case","730","2","28241844205","0","4418618853","2","28241844205"
"Clutch Case","Counter-Strike 2","11 Jan","11 Jan","$0.26 USD","26","sale","Clutch Case","730","2","28241844454","0","2727227113","2","28241844454"
"Fracture Case","Counter-Strike 2","11 Jan","11 Jan","$0.13 USD","13","sale","Fracture Case","730","2","28117333189","0","3946324730","2","28117333189"
"FBI","Counter-Strike 2 Trading Card","29 Dec","29 Dec","$0.01 USD","1","sale","730-FBI","753","6","23437342766","0","149754772","6","23500937944"
"Demolisher","Dying Light Trading Card","29 Nov","18 Dec","$0.05 USD","5","purchase","239140-Demolisher","753","6","22726104891","0","753613938","6","22731880801"
"Night Hunter","Dying Light Trading Card","21 Nov","18 Dec","$0.05 USD","5","purchase","239140-Night Hunter","753","6","22553997451","0","753622893","6","22557716098"
"Volatile (Trading Card)","Dying Light Trading Card","12 Dec","18 Dec","$0.06 USD","6","purchase","239140-Volatile (Trading Card)","753","6","22694433626","0","753617460","6","22851782323"
"Harris Brecken","Dying Light Trading Card","26 Nov","18 Dec","$0.05 USD","5","purchase","239140-Harris Brecken","753","6","21716377796","0","753612598","6","22700451071"
"AK-47 | Fuel Injector","Counter-Strike 2","18 Dec","18 Dec","$113.00 USD","11300","sale","AK-47 | Fuel Injector (Field-Tested)","730","2","28017132031","188530139","3117613914","2","28017132031"
"Antwerp 2022 Mirage Souvenir Package","Counter-Strike 2","17 Dec","17 Dec","$3.00 USD","300","sale","Antwerp 2022 Mirage Souvenir Package","730","2","27998186727","236997301","4859152447","2","27998186727"
"Antwerp 2022 Mirage Souvenir Package","Counter-Strike 2","17 Dec","17 Dec","$3.00 USD","300","sale","Antwerp 2022 Mirage Souvenir Package","730","2","27998187068","236997301","4859152447","2","27998187068"
"Antwerp 2022 Mirage Souvenir Package","Counter-Strike 2","17 Dec","17 Dec","$3.00 USD","300","sale","Antwerp 2022 Mirage Souvenir Package","730","2","27998187327","236997301","4859152447","2","27998187327"
"CZ75-Auto | Circaetus","Counter-Strike 2","7 Dec","7 Dec","$0.08 USD","8","sale","CZ75-Auto | Circaetus (Battle-Scarred)","730","2","27713421859","188530139","4424624962","2","27713421859"
"MAC-10 | Monkeyflage","Counter-Strike 2","7 Dec","7 Dec","$0.07 USD","7","sale","MAC-10 | Monkeyflage (Battle-Scarred)","730","2","27700244139","188530139","5074106792","2","27700244139"
"UMP-45 | Carbon Fiber","Counter-Strike 2","7 Dec","7 Dec","$0.18 USD","18","sale","UMP-45 | Carbon Fiber (Factory New)","730","2","27753114617","302028390","469444104","2","27753114617"
"Rio 2022 Mirage Souvenir Package","Counter-Strike 2","7 Dec","7 Dec","$2.70 USD","270","sale","Rio 2022 Mirage Souvenir Package","730","2","27713402714","236997301","5083143191","2","27713402714"
"Rio 2022 Mirage Souvenir Package","Counter-Strike 2","7 Dec","7 Dec","$2.70 USD","270","sale","Rio 2022 Mirage Souvenir Package","730","2","27713402079","236997301","5083143191","2","27713402079"
"Rio 2022 Mirage Souvenir Package","Counter-Strike 2","7 Dec","7 Dec","$2.70 USD","270","sale","Rio 2022 Mirage Souvenir Package","730","2","27686054162","236997301","5080404488","2","27686054162"
"Rio 2022 Mirage Souvenir Package","Counter-Strike 2","7 Dec","7 Dec","$0.27 USD","27","sale","Rio 2022 Mirage Souvenir Package","730","2","27686053719","236997301","5080404488","2","27686053719"
"Rio 2022 Mirage Souvenir Package","Counter-Strike 2","7 Dec","7 Dec","$0.27 USD","27","sale","Rio 2022 Mirage Souvenir Package","730","2","27686050027","236997301","5080404488","2","27686050027"
"Clutch Case","Counter-Strike 2","7 Dec","7 Dec","$0.25 USD","25","sale","Clutch Case","730","2","27814348917","0","2727227113","2","27814348917"
"Dreams & Nightmares Case","Counter-Strike 2","7 Dec","7 Dec","$0.39 USD","39","sale","Dreams & Nightmares Case","730","2","27875357178","0","4717330486","2","27875357178"
"M4A1-S | Hyper Beast","Counter-Strike 2","6 Dec","6 Dec","$34.50 USD","3450","sale","M4A1-S | Hyper Beast (Minimal Wear)","730","2","27901216029","188530139","937754049","2","27901216029"
"Night Hunter","Dying Light Trading Card","11 Nov","25 Nov","$0.05 USD","5","purchase","239140-Night Hunter","753","6","22460500024","0","753622893","6","22485464219"
"Harris Brecken","Dying Light Trading Card","7 Oct","25 Nov","$0.05 USD","5","purchase","239140-Harris Brecken","753","6","22028534806","0","753612598","6","22203028886"
"Fracture Case","Counter-Strike 2","25 Nov","25 Nov","$0.12 USD","12","sale","Fracture Case","730","2","27741635482","0","3946324730","2","27741635482"
"Clutch Case","Counter-Strike 2","16 Nov","16 Nov","$0.28 USD","28","sale","Clutch Case","730","2","27509830598","0","2727227113","2","27509830598"
"Clutch Case","Counter-Strike 2","16 Nov","16 Nov","$0.28 USD","28","sale","Clutch Case","730","2","27577815941","0","2727227113","2","27577815941"
"Dreams & Nightmares Case","Counter-Strike 2","16 Nov","16 Nov","$0.57 USD","57","sale","Dreams & Nightmares Case","730","2","27638584240","0","4717330486","2","27638584240"
"Fracture Case","Counter-Strike 2","16 Nov","16 Nov","$0.11 USD","11","sale","Fracture Case","730","2","27432691312","0","3946324730","2","27432691312"
"Antwerp 2022 Dust II Souvenir Package","Counter-Strike 2","22 Oct","22 Oct","$2.65 USD","265","sale","Antwerp 2022 Dust II Souvenir Package","730","2","25789403396","236997301","4859151287","2","25789403396"
"Glock-18 | Off World","Counter-Strike 2","22 Oct","22 Oct","$0.08 USD","8","sale","Glock-18 | Off World (Field-Tested)","730","2","23274490811","188530139","4305208684","2","23274490811"
"Antwerp 2022 Challengers Sticker Capsule","Counter-Strike 2","22 Oct","22 Oct","$0.17 USD","17","sale","Antwerp 2022 Challengers Sticker Capsule","730","2","26288871257","143865972","4839650842","2","26288871257"
"Antwerp 2022 Challengers Sticker Capsule","Counter-Strike 2","22 Oct","22 Oct","$0.17 USD","17","sale","Antwerp 2022 Challengers Sticker Capsule","730","2","26288871258","143865972","4839650842","2","26288871258"
"Antwerp 2022 Challengers Sticker Capsule","Counter-Strike 2","22 Oct","22 Oct","$0.17 USD","17","sale","Antwerp 2022 Challengers Sticker Capsule","730","2","26288871253","143865972","4839650842","2","26288871253"
"Antwerp 2022 Challengers Sticker Capsule","Counter-Strike 2","22 Oct","22 Oct","$0.17 USD","17","sale","Antwerp 2022 Challengers Sticker Capsule","730","2","26288871255","143865972","4839650842","2","26288871255"
"Antwerp 2022 Challengers Sticker Capsule","Counter-Strike 2","22 Oct","22 Oct","$0.17 USD","17","sale","Antwerp 2022 Challengers Sticker Capsule","730","2","26288871254","143865972","4839650842","2","26288871254"
"Antwerp 2022 Challengers Sticker Capsule","Counter-Strike 2","22 Oct","22 Oct","$0.17 USD","17","sale","Antwerp 2022 Challengers Sticker Capsule","730","2","26288871256","143865972","4839650842","2","26288871256"
"Antwerp 2022 Challengers Sticker Capsule","Counter-Strike 2","22 Oct","22 Oct","$0.17 USD","17","sale","Antwerp 2022 Challengers Sticker Capsule","730","2","26288871248","143865972","4839650842","2","26288871248"
"Antwerp 2022 Challengers Sticker Capsule","Counter-Strike 2","22 Oct","22 Oct","$0.17 USD","17","sale","Antwerp 2022 Challengers Sticker Capsule","730","2","26288871249","143865972","4839650842","2","26288871249"
"Antwerp 2022 Challengers Sticker Capsule","Counter-Strike 2","22 Oct","22 Oct","$0.17 USD","17","sale","Antwerp 2022 Challengers Sticker Capsule","730","2","26288871252","143865972","4839650842","2","26288871252"
"Antwerp 2022 Challengers Sticker Capsule","Counter-Strike 2","22 Oct","22 Oct","$0.17 USD","17","sale","Antwerp 2022 Challengers Sticker Capsule","730","2","26288869507","143865972","4839650842","2","26288869507"
"Antwerp 2022 Challengers Sticker Capsule","Counter-Strike 2","22 Oct","22 Oct","$0.17 USD","17","sale","Antwerp 2022 Challengers Sticker Capsule","730","2","26288871247","143865972","4839650842","2","26288871247"
"Antwerp 2022 Challengers Sticker Capsule","Counter-Strike 2","22 Oct","22 Oct","$0.17 USD","17","sale","Antwerp 2022 Challengers Sticker Capsule","730","2","26288871250","143865972","4839650842","2","26288871250"
"Antwerp 2022 Challengers Sticker Capsule","Counter-Strike 2","22 Oct","22 Oct","$0.17 USD","17","sale","Antwerp 2022 Challengers Sticker Capsule","730","2","26288871251","143865972","4839650842","2","26288871251"
"Antwerp 2022 Challengers Sticker Capsule","Counter-Strike 2","22 Oct","22 Oct","$0.17 USD","17","sale","Antwerp 2022 Challengers Sticker Capsule","730","2","26288869498","143865972","4839650842","2","26288869498"
"Antwerp 2022 Challengers Sticker Capsule","Counter-Strike 2","22 Oct","22 Oct","$0.17 USD","17","sale","Antwerp 2022 Challengers Sticker Capsule","730","2","26288869508","143865972","4839650842","2","26288869508"
"Antwerp 2022 Challengers Sticker Capsule","Counter-Strike 2","22 Oct","22 Oct","$0.17 USD","17","sale","Antwerp 2022 Challengers Sticker Capsule","730","2","26288869502","143865972","4839650842","2","26288869502"
"Antwerp 2022 Challengers Sticker Capsule","Counter-Strike 2","22 Oct","22 Oct","$0.17 USD","17","sale","Antwerp 2022 Challengers Sticker Capsule","730","2","26288869500","143865972","4839650842","2","26288869500"
"Antwerp 2022 Challengers Sticker Capsule","Counter-Strike 2","22 Oct","22 Oct","$0.17 USD","17","sale","Antwerp 2022 Challengers Sticker Capsule","730","2","26288869501","143865972","4839650842","2","26288869501"
"Antwerp 2022 Challengers Sticker Capsule","Counter-Strike 2","22 Oct","22 Oct","$0.17 USD","17","sale","Antwerp 2022 Challengers Sticker Capsule","730","2","26288869503","143865972","4839650842","2","26288869503"
"Antwerp 2022 Challengers Sticker Capsule","Counter-Strike 2","22 Oct","22 Oct","$0.17 USD","17","sale","Antwerp 2022 Challengers Sticker Capsule","730","2","26288869504","143865972","4839650842","2","26288869504"
"Antwerp 2022 Challengers Sticker Capsule","Counter-Strike 2","22 Oct","22 Oct","$0.17 USD","17","sale","Antwerp 2022 Challengers Sticker Capsule","730","2","26288869493","143865972","4839650842","2","26288869493"
"Antwerp 2022 Challengers Sticker Capsule","Counter-Strike 2","22 Oct","22 Oct","$0.17 USD","17","sale","Antwerp 2022 Challengers Sticker Capsule","730","2","26288869506","143865972","4839650842","2","26288869506"
"Antwerp 2022 Challengers Sticker Capsule","Counter-Strike 2","22 Oct","22 Oct","$0.17 USD","17","sale","Antwerp 2022 Challengers Sticker Capsule","730","2","26288869499","143865972","4839650842","2","26288869499"
"Antwerp 2022 Challengers Sticker Capsule","Counter-Strike 2","22 Oct","22 Oct","$0.17 USD","17","sale","Antwerp 2022 Challengers Sticker Capsule","730","2","26288869494","143865972","4839650842","2","26288869494"
"Antwerp 2022 Challengers Sticker Capsule","Counter-Strike 2","22 Oct","22 Oct","$0.17 USD","17","sale","Antwerp 2022 Challengers Sticker Capsule","730","2","26288869491","143865972","4839650842","2","26288869491"
"Antwerp 2022 Challengers Sticker Capsule","Counter-Strike 2","22 Oct","22 Oct","$0.17 USD","17","sale","Antwerp 2022 Challengers Sticker Capsule","730","2","26288869492","143865972","4839650842","2","26288869492"
"Antwerp 2022 Challengers Sticker Capsule","Counter-Strike 2","22 Oct","22 Oct","$0.17 USD","17","sale","Antwerp 2022 Challengers Sticker Capsule","730","2","26288869495","143865972","4839650842","2","26288869495"
"Antwerp 2022 Challengers Sticker Capsule","Counter-Strike 2","22 Oct","22 Oct","$0.17 USD","17","sale","Antwerp 2022 Challengers Sticker Capsule","730","2","26288869497","143865972","4839650842","2","26288869497"
"Antwerp 2022 Challengers Sticker Capsule","Counter-Strike 2","22 Oct","22 Oct","$0.17 USD","17","sale","Antwerp 2022 Challengers Sticker Capsule","730","2","26288869496","143865972","4839650842","2","26288869496"
"Antwerp 2022 Challengers Sticker Capsule","Counter-Strike 2","22 Oct","22 Oct","$0.17 USD","17","sale","Antwerp 2022 Challengers Sticker Capsule","730","2","26288869490","143865972","4839650842","2","26288869490"
"Antwerp 2022 Challengers Sticker Capsule","Counter-Strike 2","22 Oct","22 Oct","$0.17 USD","17","sale","Antwerp 2022 Challengers Sticker Capsule","730","2","26288868020","143865972","4839650842","2","26288868020"
"Antwerp 2022 Challengers Sticker Capsule","Counter-Strike 2","22 Oct","22 Oct","$0.17 USD","17","sale","Antwerp 2022 Challengers Sticker Capsule","730","2","26288868021","143865972","4839650842","2","26288868021"
"Antwerp 2022 Challengers Sticker Capsule","Counter-Strike 2","22 Oct","22 Oct","$0.17 USD","17","sale","Antwerp 2022 Challengers Sticker Capsule","730","2","26288868022","143865972","4839650842","2","26288868022"
"Antwerp 2022 Challengers Sticker Capsule","Counter-Strike 2","22 Oct","22 Oct","$0.17 USD","17","sale","Antwerp 2022 Challengers Sticker Capsule","730","2","26288869489","143865972","4839650842","2","26288869489"
"Antwerp 2022 Challengers Sticker Capsule","Counter-Strike 2","22 Oct","22 Oct","$0.17 USD","17","sale","Antwerp 2022 Challengers Sticker Capsule","730","2","26288868016","143865972","4839650842","2","26288868016"
"Antwerp 2022 Challengers Sticker Capsule","Counter-Strike 2","22 Oct","22 Oct","$0.17 USD","17","sale","Antwerp 2022 Challengers Sticker Capsule","730","2","26288868017","143865972","4839650842","2","26288868017"
"Antwerp 2022 Challengers Sticker Capsule","Counter-Strike 2","22 Oct","22 Oct","$0.17 USD","17","sale","Antwerp 2022 Challengers Sticker Capsule","730","2","26288868018","143865972","4839650842","2","26288868018"
"Antwerp 2022 Challengers Sticker Capsule","Counter-Strike 2","22 Oct","22 Oct","$0.17 USD","17","sale","Antwerp 2022 Challengers Sticker Capsule","730","2","26288868019","143865972","4839650842","2","26288868019"
"Antwerp 2022 Challengers Sticker Capsule","Counter-Strike 2","22 Oct","22 Oct","$0.17 USD","17","sale","Antwerp 2022 Challengers Sticker Capsule","730","2","26288868009","143865972","4839650842","2","26288868009"
"Antwerp 2022 Challengers Sticker Capsule","Counter-Strike 2","22 Oct","22 Oct","$0.17 USD","17","sale","Antwerp 2022 Challengers Sticker Capsule","730","2","26288868008","143865972","4839650842","2","26288868008"
"Antwerp 2022 Challengers Sticker Capsule","Counter-Strike 2","22 Oct","22 Oct","$0.17 USD","17","sale","Antwerp 2022 Challengers Sticker Capsule","730","2","26288868010","143865972","4839650842","2","26288868010"
"Antwerp 2022 Challengers Sticker Capsule","Counter-Strike 2","22 Oct","22 Oct","$0.17 USD","17","sale","Antwerp 2022 Challengers Sticker Capsule","730","2","26288868013","143865972","4839650842","2","26288868013"
"Antwerp 2022 Challengers Sticker Capsule","Counter-Strike 2","22 Oct","22 Oct","$0.17 USD","17","sale","Antwerp 2022 Challengers Sticker Capsule","730","2","26288868011","143865972","4839650842","2","26288868011"
"Antwerp 2022 Challengers Sticker Capsule","Counter-Strike 2","22 Oct","22 Oct","$0.17 USD","17","sale","Antwerp 2022 Challengers Sticker Capsule","730","2","26288868012","143865972","4839650842","2","26288868012"
"Antwerp 2022 Challengers Sticker Capsule","Counter-Strike 2","22 Oct","22 Oct","$0.17 USD","17","sale","Antwerp 2022 Challengers Sticker Capsule","730","2","26288868014","143865972","4839650842","2","26288868014"
"Antwerp 2022 Challengers Sticker Capsule","Counter-Strike 2","22 Oct","22 Oct","$0.17 USD","17","sale","Antwerp 2022 Challengers Sticker Capsule","730","2","26288868015","143865972","4839650842","2","26288868015"
"Antwerp 2022 Challengers Sticker Capsule","Counter-Strike 2","22 Oct","22 Oct","$0.17 USD","17","sale","Antwerp 2022 Challengers Sticker Capsule","730","2","26288868005","143865972","4839650842","2","26288868005"
"Antwerp 2022 Challengers Sticker Capsule","Counter-Strike 2","22 Oct","22 Oct","$0.17 USD","17","sale","Antwerp 2022 Challengers Sticker Capsule","730","2","26288866462","143865972","4839650842","2","26288866462"
"Antwerp 2022 Challengers Sticker Capsule","Counter-Strike 2","22 Oct","22 Oct","$0.17 USD","17","sale","Antwerp 2022 Challengers Sticker Capsule","730","2","26288868003","143865972","4839650842","2","26288868003"
"Antwerp 2022 Challengers Sticker Capsule","Counter-Strike 2","22 Oct","22 Oct","$0.17 USD","17","sale","Antwerp 2022 Challengers Sticker Capsule","730","2","26288868006","143865972","4839650842","2","26288868006"
"Antwerp 2022 Challengers Sticker Capsule","Counter-Strike 2","22 Oct","22 Oct","$0.17 USD","17","sale","Antwerp 2022 Challengers Sticker Capsule","730","2","26288866463","143865972","4839650842","2","26288866463"
"Antwerp 2022 Challengers Sticker Capsule","Counter-Strike 2","22 Oct","22 Oct","$0.17 USD","17","sale","Antwerp 2022 Challengers Sticker Capsule","730","2","26288866464","143865972","4839650842","2","26288866464"
"Antwerp 2022 Challengers Sticker Capsule","Counter-Strike 2","22 Oct","22 Oct","$0.17 USD","17","sale","Antwerp 2022 Challengers Sticker Capsule","730","2","26288868007","143865972","4839650842","2","26288868007"
"Antwerp 2022 Challengers Sticker Capsule","Counter-Strike 2","22 Oct","22 Oct","$0.17 USD","17","sale","Antwerp 2022 Challengers Sticker Capsule","730","2","26288868004","143865972","4839650842","2","26288868004"
"Antwerp 2022 Challengers Sticker Capsule","Counter-Strike 2","22 Oct","22 Oct","$0.17 USD","17","sale","Antwerp 2022 Challengers Sticker Capsule","730","2","26288866455","143865972","4839650842","2","26288866455"
"Antwerp 2022 Challengers Sticker Capsule","Counter-Strike 2","22 Oct","22 Oct","$0.17 USD","17","sale","Antwerp 2022 Challengers Sticker Capsule","730","2","26288866459","143865972","4839650842","2","26288866459"
"Antwerp 2022 Challengers Sticker Capsule","Counter-Strike 2","22 Oct","22 Oct","$0.17 USD","17","sale","Antwerp 2022 Challengers Sticker Capsule","730","2","26288866458","143865972","4839650842","2","26288866458"
"Antwerp 2022 Challengers Sticker Capsule","Counter-Strike 2","22 Oct","22 Oct","$0.17 USD","17","sale","Antwerp 2022 Challengers Sticker Capsule","730","2","26288866460","143865972","4839650842","2","26288866460"
"Antwerp 2022 Challengers Sticker Capsule","Counter-Strike 2","22 Oct","22 Oct","$0.17 USD","17","sale","Antwerp 2022 Challengers Sticker Capsule","730","2","26288866461","143865972","4839650842","2","26288866461"
"Antwerp 2022 Challengers Sticker Capsule","Counter-Strike 2","22 Oct","22 Oct","$0.17 USD","17","sale","Antwerp 2022 Challengers Sticker Capsule","730","2","26288866457","143865972","4839650842","2","26288866457"
"Antwerp 2022 Challengers Sticker Capsule","Counter-Strike 2","22 Oct","22 Oct","$0.17 USD","17","sale","Antwerp 2022 Challengers Sticker Capsule","730","2","26288866456","143865972","4839650842","2","26288866456"
"Antwerp 2022 Challengers Sticker Capsule","Counter-Strike 2","22 Oct","22 Oct","$0.17 USD","17","sale","Antwerp 2022 Challengers Sticker Capsule","730","2","26288866454","143865972","4839650842","2","26288866454"
"Antwerp 2022 Challengers Sticker Capsule","Counter-Strike 2","22 Oct","22 Oct","$0.17 USD","17","sale","Antwerp 2022 Challengers Sticker Capsule","730","2","26288866446","143865972","4839650842","2","26288866446"
"Antwerp 2022 Challengers Sticker Capsule","Counter-Strike 2","22 Oct","22 Oct","$0.17 USD","17","sale","Antwerp 2022 Challengers Sticker Capsule","730","2","26288866453","143865972","4839650842","2","26288866453"
"Antwerp 2022 Challengers Sticker Capsule","Counter-Strike 2","22 Oct","22 Oct","$0.17 USD","17","sale","Antwerp 2022 Challengers Sticker Capsule","730","2","26288866450","143865972","4839650842","2","26288866450"
"Antwerp 2022 Challengers Sticker Capsule","Counter-Strike 2","22 Oct","22 Oct","$0.17 USD","17","sale","Antwerp 2022 Challengers Sticker Capsule","730","2","26288866449","143865972","4839650842","2","26288866449"
"Antwerp 2022 Challengers Sticker Capsule","Counter-Strike 2","22 Oct","22 Oct","$0.17 USD","17","sale","Antwerp 2022 Challengers Sticker Capsule","730","2","26288866448","143865972","4839650842","2","26288866448"
"Antwerp 2022 Challengers Sticker Capsule","Counter-Strike 2","22 Oct","22 Oct","$0.17 USD","17","sale","Antwerp 2022 Challengers Sticker Capsule","730","2","26288866451","143865972","4839650842","2","26288866451"
"Antwerp 2022 Challengers Sticker Capsule","Counter-Strike 2","22 Oct","22 Oct","$0.17 USD","17","sale","Antwerp 2022 Challengers Sticker Capsule","730","2","26288866452","143865972","4839650842","2","26288866452"
"Antwerp 2022 Challengers Sticker Capsule","Counter-Strike 2","22 Oct","22 Oct","$0.17 USD","17","sale","Antwerp 2022 Challengers Sticker Capsule","730","2","26288866447","143865972","4839650842","2","26288866447"
"Antwerp 2022 Challengers Sticker Capsule","Counter-Strike 2","22 Oct","22 Oct","$0.17 USD","17","sale","Antwerp 2022 Challengers Sticker Capsule","730","2","26288864394","143865972","4839650842","2","26288864394"
"Antwerp 2022 Challengers Sticker Capsule","Counter-Strike 2","22 Oct","22 Oct","$0.17 USD","17","sale","Antwerp 2022 Challengers Sticker Capsule","730","2","26288864397","143865972","4839650842","2","26288864397"
"Antwerp 2022 Challengers Sticker Capsule","Counter-Strike 2","22 Oct","22 Oct","$0.17 USD","17","sale","Antwerp 2022 Challengers Sticker Capsule","730","2","26288864398","143865972","4839650842","2","26288864398"
"Antwerp 2022 Challengers Sticker Capsule","Counter-Strike 2","22 Oct","22 Oct","$0.17 USD","17","sale","Antwerp 2022 Challengers Sticker Capsule","730","2","26288864399","143865972","4839650842","2","26288864399"
"Antwerp 2022 Challengers Sticker Capsule","Counter-Strike 2","22 Oct","22 Oct","$0.17 USD","17","sale","Antwerp 2022 Challengers Sticker Capsule","730","2","26288866445","143865972","4839650842","2","26288866445"
"Antwerp 2022 Challengers Sticker Capsule","Counter-Strike 2","22 Oct","22 Oct","$0.17 USD","17","sale","Antwerp 2022 Challengers Sticker Capsule","730","2","26288864395","143865972","4839650842","2","26288864395"
"Antwerp 2022 Challengers Sticker Capsule","Counter-Strike 2","22 Oct","22 Oct","$0.17 USD","17","sale","Antwerp 2022 Challengers Sticker Capsule","730","2","26288864393","143865972","4839650842","2","26288864393"
"Antwerp 2022 Challengers Sticker Capsule","Counter-Strike 2","22 Oct","22 Oct","$0.17 USD","17","sale","Antwerp 2022 Challengers Sticker Capsule","730","2","26288864396","143865972","4839650842","2","26288864396"
"Antwerp 2022 Challengers Sticker Capsule","Counter-Strike 2","22 Oct","22 Oct","$0.17 USD","17","sale","Antwerp 2022 Challengers Sticker Capsule","730","2","26288864389","143865972","4839650842","2","26288864389"
"Antwerp 2022 Challengers Sticker Capsule","Counter-Strike 2","22 Oct","22 Oct","$0.17 USD","17","sale","Antwerp 2022 Challengers Sticker Capsule","730","2","26288864385","143865972","4839650842","2","26288864385"
"Antwerp 2022 Challengers Sticker Capsule","Counter-Strike 2","22 Oct","22 Oct","$0.17 USD","17","sale","Antwerp 2022 Challengers Sticker Capsule","730","2","26288864390","143865972","4839650842","2","26288864390"
"Antwerp 2022 Challengers Sticker Capsule","Counter-Strike 2","22 Oct","22 Oct","$0.17 USD","17","sale","Antwerp 2022 Challengers Sticker Capsule","730","2","26288864387","143865972","4839650842","2","26288864387"
"Antwerp 2022 Challengers Sticker Capsule","Counter-Strike 2","22 Oct","22 Oct","$0.17 USD","17","sale","Antwerp 2022 Challengers Sticker Capsule","730","2","26288864386","143865972","4839650842","2","26288864386"
"Antwerp 2022 Challengers Sticker Capsule","Counter-Strike 2","22 Oct","22 Oct","$0.17 USD","17","sale","Antwerp 2022 Challengers Sticker Capsule","730","2","26288864391","143865972","4839650842","2","26288864391"
"Antwerp 2022 Challengers Sticker Capsule","Counter-Strike 2","22 Oct","22 Oct","$0.17 USD","17","sale","Antwerp 2022 Challengers Sticker Capsule","730","2","26288864392","143865972","4839650842","2","26288864392"
"Antwerp 2022 Challengers Sticker Capsule","Counter-Strike 2","22 Oct","22 Oct","$0.17 USD","17","sale","Antwerp 2022 Challengers Sticker Capsule","730","2","26008361794","143865972","4839650842","2","26008361794"
"Antwerp 2022 Challengers Sticker Capsule","Counter-Strike 2","22 Oct","22 Oct","$0.17 USD","17","sale","Antwerp 2022 Challengers Sticker Capsule","730","2","26288864388","143865972","4839650842","2","26288864388"
"Antwerp 2022 Challengers Sticker Capsule","Counter-Strike 2","22 Oct","22 Oct","$0.17 USD","17","sale","Antwerp 2022 Challengers Sticker Capsule","730","2","26008361795","143865972","4839650842","2","26008361795"
"Antwerp 2022 Challengers Sticker Capsule","Counter-Strike 2","22 Oct","22 Oct","$0.17 USD","17","sale","Antwerp 2022 Challengers Sticker Capsule","730","2","26008361796","143865972","4839650842","2","26008361796"
"Antwerp 2022 Challengers Sticker Capsule","Counter-Strike 2","22 Oct","22 Oct","$0.17 USD","17","sale","Antwerp 2022 Challengers Sticker Capsule","730","2","26288864380","143865972","4839650842","2","26288864380"
"Antwerp 2022 Challengers Sticker Capsule","Counter-Strike 2","22 Oct","22 Oct","$0.17 USD","17","sale","Antwerp 2022 Challengers Sticker Capsule","730","2","26288864381","143865972","4839650842","2","26288864381"
"Antwerp 2022 Challengers Sticker Capsule","Counter-Strike 2","22 Oct","22 Oct","$0.17 USD","17","sale","Antwerp 2022 Challengers Sticker Capsule","730","2","26288864382","143865972","4839650842","2","26288864382"
"Antwerp 2022 Challengers Sticker Capsule","Counter-Strike 2","22 Oct","22 Oct","$0.17 USD","17","sale","Antwerp 2022 Challengers Sticker Capsule","730","2","26288864383","143865972","4839650842","2","26288864383"
"Antwerp 2022 Challengers Sticker Capsule","Counter-Strike 2","22 Oct","22 Oct","$0.17 USD","17","sale","Antwerp 2022 Challengers Sticker Capsule","730","2","26288864384","143865972","4839650842","2","26288864384"
"Antwerp 2022 Challengers Sticker Capsule","Counter-Strike 2","22 Oct","22 Oct","$0.17 USD","17","sale","Antwerp 2022 Challengers Sticker Capsule","730","2","26288871259","143865972","4839650842","2","26288871259"
"Antwerp 2022 Challengers Sticker Capsule","Counter-Strike 2","22 Oct","22 Oct","$0.17 USD","17","sale","Antwerp 2022 Challengers Sticker Capsule","730","2","26288871260","143865972","4839650842","2","26288871260"
"Antwerp 2022 Challengers Sticker Capsule","Counter-Strike 2","22 Oct","22 Oct","$0.17 USD","17","sale","Antwerp 2022 Challengers Sticker Capsule","730","2","26288871261","143865972","4839650842","2","26288871261"
"Antwerp 2022 Challengers Sticker Capsule","Counter-Strike 2","22 Oct","22 Oct","$0.17 USD","17","sale","Antwerp 2022 Challengers Sticker Capsule","730","2","26288871262","143865972","4839650842","2","26288871262"
"Antwerp 2022 Challengers Sticker Capsule","Counter-Strike 2","22 Oct","22 Oct","$0.17 USD","17","sale","Antwerp 2022 Challengers Sticker Capsule","730","2","26288871264","143865972","4839650842","2","26288871264"
"Antwerp 2022 Challengers Sticker Capsule","Counter-Strike 2","22 Oct","22 Oct","$0.17 USD","17","sale","Antwerp 2022 Challengers Sticker Capsule","730","2","26288871263","143865972","4839650842","2","26288871263"
"Antwerp 2022 Challengers Sticker Capsule","Counter-Strike 2","22 Oct","22 Oct","$0.17 USD","17","sale","Antwerp 2022 Challengers Sticker Capsule","730","2","26288871265","143865972","4839650842","2","26288871265"
"Antwerp 2022 Challengers Sticker Capsule","Counter-Strike 2","22 Oct","22 Oct","$0.17 USD","17","sale","Antwerp 2022 Challengers Sticker Capsule","730","2","26366860251","143865972","4839650842","2","26366860251"
"Antwerp 2022 Challengers Sticker Capsule","Counter-Strike 2","22 Oct","22 Oct","$0.17 USD","17","sale","Antwerp 2022 Challengers Sticker Capsule","730","2","26288871266","143865972","4839650842","2","26288871266"
"Antwerp 2022 Challengers Sticker Capsule","Counter-Strike 2","22 Oct","22 Oct","$0.17 USD","17","sale","Antwerp 2022 Challengers Sticker Capsule","730","2","26366860250","143865972","4839650842","2","26366860250"
"Antwerp 2022 Challengers Sticker Capsule","Counter-Strike 2","22 Oct","22 Oct","$0.17 USD","17","sale","Antwerp 2022 Challengers Sticker Capsule","730","2","26366860252","143865972","4839650842","2","26366860252"
"Antwerp 2022 Challengers Sticker Capsule","Counter-Strike 2","22 Oct","22 Oct","$0.17 USD","17","sale","Antwerp 2022 Challengers Sticker Capsule","730","2","26366860254","143865972","4839650842","2","26366860254"
"Antwerp 2022 Challengers Sticker Capsule","Counter-Strike 2","22 Oct","22 Oct","$0.17 USD","17","sale","Antwerp 2022 Challengers Sticker Capsule","730","2","26366860255","143865972","4839650842","2","26366860255"
"Antwerp 2022 Challengers Sticker Capsule","Counter-Strike 2","22 Oct","22 Oct","$0.17 USD","17","sale","Antwerp 2022 Challengers Sticker Capsule","730","2","26366860256","143865972","4839650842","2","26366860256"
"Antwerp 2022 Challengers Sticker Capsule","Counter-Strike 2","22 Oct","22 Oct","$0.17 USD","17","sale","Antwerp 2022 Challengers Sticker Capsule","730","2","26366860257","143865972","4839650842","2","26366860257"
"Antwerp 2022 Challengers Sticker Capsule","Counter-Strike 2","22 Oct","22 Oct","$0.17 USD","17","sale","Antwerp 2022 Challengers Sticker Capsule","730","2","26366862132","143865972","4839650842","2","26366862132"
"Antwerp 2022 Challengers Sticker Capsule","Counter-Strike 2","22 Oct","22 Oct","$0.17 USD","17","sale","Antwerp 2022 Challengers Sticker Capsule","730","2","26366862131","143865972","4839650842","2","26366862131"
"Sticker | Cloud9 | Antwerp 2022","Counter-Strike 2","22 Oct","22 Oct","$0.02 USD","2","sale","Sticker | Cloud9 | Antwerp 2022","730","2","26989703870","188530139","4839650832","2","26989703870"
"Sticker | G2 Esports | Antwerp 2022","Counter-Strike 2","22 Oct","22 Oct","$0.01 USD","1","sale","Sticker | G2 Esports | Antwerp 2022","730","2","26989710951","188530139","4839650808","2","26989710951"
"Clutch Case","Counter-Strike 2","22 Oct","22 Oct","$0.28 USD","28","sale","Clutch Case","730","2","27024721371","0","2727227113","2","27024721371"
"Dreams & Nightmares Case","Counter-Strike 2","4 Oct","4 Oct","$0.62 USD","62","sale","Dreams & Nightmares Case","730","2","27301530090","0","4717330486","2","27301530090"
"R8 Revolver | Crazy 8","Counter-Strike 2","16 Sep","16 Sep","$2.00 USD","200","sale","R8 Revolver | Crazy 8 (Field-Tested)","730","2","27146360721","188530139","4994345789","2","27146360721"
"Antwerp 2022 Legends Sticker Capsule","Counter-Strike 2","14 Sep","14 Sep","$0.20 USD","20","sale","Antwerp 2022 Legends Sticker Capsule","730","2","26008280018","143865972","4839650843","2","26008280018"
"Antwerp 2022 Legends Sticker Capsule","Counter-Strike 2","14 Sep","14 Sep","$0.20 USD","20","sale","Antwerp 2022 Legends Sticker Capsule","730","2","26008280010","143865972","4839650843","2","26008280010"
"Antwerp 2022 Legends Sticker Capsule","Counter-Strike 2","14 Sep","14 Sep","$0.20 USD","20","sale","Antwerp 2022 Legends Sticker Capsule","730","2","26288848279","143865972","4839650843","2","26288848279"
"Antwerp 2022 Legends Sticker Capsule","Counter-Strike 2","14 Sep","14 Sep","$0.20 USD","20","sale","Antwerp 2022 Legends Sticker Capsule","730","2","26008280011","143865972","4839650843","2","26008280011"
"Antwerp 2022 Legends Sticker Capsule","Counter-Strike 2","14 Sep","14 Sep","$0.20 USD","20","sale","Antwerp 2022 Legends Sticker Capsule","730","2","26008280013","143865972","4839650843","2","26008280013"
"Antwerp 2022 Legends Sticker Capsule","Counter-Strike 2","14 Sep","14 Sep","$0.20 USD","20","sale","Antwerp 2022 Legends Sticker Capsule","730","2","26008280014","143865972","4839650843","2","26008280014"
"Antwerp 2022 Legends Sticker Capsule","Counter-Strike 2","14 Sep","14 Sep","$0.20 USD","20","sale","Antwerp 2022 Legends Sticker Capsule","730","2","26008280012","143865972","4839650843","2","26008280012"
"Antwerp 2022 Legends Sticker Capsule","Counter-Strike 2","14 Sep","14 Sep","$0.20 USD","20","sale","Antwerp 2022 Legends Sticker Capsule","730","2","26008280015","143865972","4839650843","2","26008280015"
"Antwerp 2022 Legends Sticker Capsule","Counter-Strike 2","14 Sep","14 Sep","$0.20 USD","20","sale","Antwerp 2022 Legends Sticker Capsule","730","2","26008280016","143865972","4839650843","2","26008280016"
"Antwerp 2022 Legends Sticker Capsule","Counter-Strike 2","14 Sep","14 Sep","$0.20 USD","20","sale","Antwerp 2022 Legends Sticker Capsule","730","2","26008280017","143865972","4839650843","2","26008280017"
"Antwerp 2022 Legends Sticker Capsule","Counter-Strike 2","14 Sep","14 Sep","$0.20 USD","20","sale","Antwerp 2022 Legends Sticker Capsule","730","2","26288857961","143865972","4839650843","2","26288857961"
"Antwerp 2022 Legends Sticker Capsule","Counter-Strike 2","14 Sep","14 Sep","$0.20 USD","20","sale","Antwerp 2022 Legends Sticker Capsule","730","2","26288857959","143865972","4839650843","2","26288857959"
"Antwerp 2022 Legends Sticker Capsule","Counter-Strike 2","14 Sep","14 Sep","$0.20 USD","20","sale","Antwerp 2022 Legends Sticker Capsule","730","2","26288857952","143865972","4839650843","2","26288857952"
"Antwerp 2022 Legends Sticker Capsule","Counter-Strike 2","14 Sep","14 Sep","$0.20 USD","20","sale","Antwerp 2022 Legends Sticker Capsule","730","2","26288857956","143865972","4839650843","2","26288857956"
"Antwerp 2022 Legends Sticker Capsule","Counter-Strike 2","14 Sep","14 Sep","$0.20 USD","20","sale","Antwerp 2022 Legends Sticker Capsule","730","2","26288857955","143865972","4839650843","2","26288857955"
"Antwerp 2022 Legends Sticker Capsule","Counter-Strike 2","14 Sep","14 Sep","$0.20 USD","20","sale","Antwerp 2022 Legends Sticker Capsule","730","2","26288857960","143865972","4839650843","2","26288857960"
"Antwerp 2022 Legends Sticker Capsule","Counter-Strike 2","14 Sep","14 Sep","$0.20 USD","20","sale","Antwerp 2022 Legends Sticker Capsule","730","2","26288857957","143865972","4839650843","2","26288857957"
"Antwerp 2022 Legends Sticker Capsule","Counter-Strike 2","14 Sep","14 Sep","$0.20 USD","20","sale","Antwerp 2022 Legends Sticker Capsule","730","2","26288857958","143865972","4839650843","2","26288857958"
"Antwerp 2022 Legends Sticker Capsule","Counter-Strike 2","14 Sep","14 Sep","$0.20 USD","20","sale","Antwerp 2022 Legends Sticker Capsule","730","2","26288857953","143865972","4839650843","2","26288857953"
"Antwerp 2022 Legends Sticker Capsule","Counter-Strike 2","14 Sep","14 Sep","$0.20 USD","20","sale","Antwerp 2022 Legends Sticker Capsule","730","2","26288857954","143865972","4839650843","2","26288857954"
"Antwerp 2022 Legends Sticker Capsule","Counter-Strike 2","14 Sep","14 Sep","$0.20 USD","20","sale","Antwerp 2022 Legends Sticker Capsule","730","2","26288857948","143865972","4839650843","2","26288857948"
"Antwerp 2022 Legends Sticker Capsule","Counter-Strike 2","14 Sep","14 Sep","$0.20 USD","20","sale","Antwerp 2022 Legends Sticker Capsule","730","2","26288857943","143865972","4839650843","2","26288857943"
"Antwerp 2022 Legends Sticker Capsule","Counter-Strike 2","14 Sep","14 Sep","$0.20 USD","20","sale","Antwerp 2022 Legends Sticker Capsule","730","2","26288857944","143865972","4839650843","2","26288857944"
"Antwerp 2022 Legends Sticker Capsule","Counter-Strike 2","14 Sep","14 Sep","$0.20 USD","20","sale","Antwerp 2022 Legends Sticker Capsule","730","2","26288857945","143865972","4839650843","2","26288857945"
"Antwerp 2022 Legends Sticker Capsule","Counter-Strike 2","14 Sep","14 Sep","$0.20 USD","20","sale","Antwerp 2022 Legends Sticker Capsule","730","2","26288857947","143865972","4839650843","2","26288857947"
"Antwerp 2022 Legends Sticker Capsule","Counter-Strike 2","14 Sep","14 Sep","$0.20 USD","20","sale","Antwerp 2022 Legends Sticker Capsule","730","2","26288857949","143865972","4839650843","2","26288857949"
"Antwerp 2022 Legends Sticker Capsule","Counter-Strike 2","14 Sep","14 Sep","$0.20 USD","20","sale","Antwerp 2022 Legends Sticker Capsule","730","2","26288857950","143865972","4839650843","2","26288857950"
"Antwerp 2022 Legends Sticker Capsule","Counter-Strike 2","14 Sep","14 Sep","$0.20 USD","20","sale","Antwerp 2022 Legends Sticker Capsule","730","2","26288857946","143865972","4839650843","2","26288857946"
"Antwerp 2022 Legends Sticker Capsule","Counter-Strike 2","14 Sep","14 Sep","$0.20 USD","20","sale","Antwerp 2022 Legends Sticker Capsule","730","2","26288853121","143865972","4839650843","2","26288853121"
"Antwerp 2022 Legends Sticker Capsule","Counter-Strike 2","14 Sep","14 Sep","$0.20 USD","20","sale","Antwerp 2022 Legends Sticker Capsule","730","2","26288853122","143865972","4839650843","2","26288853122"
"Antwerp 2022 Legends Sticker Capsule","Counter-Strike 2","14 Sep","14 Sep","$0.20 USD","20","sale","Antwerp 2022 Legends Sticker Capsule","730","2","26288854943","143865972","4839650843","2","26288854943"
"Antwerp 2022 Legends Sticker Capsule","Counter-Strike 2","14 Sep","14 Sep","$0.20 USD","20","sale","Antwerp 2022 Legends Sticker Capsule","730","2","26288853123","143865972","4839650843","2","26288853123"
"Antwerp 2022 Legends Sticker Capsule","Counter-Strike 2","14 Sep","14 Sep","$0.20 USD","20","sale","Antwerp 2022 Legends Sticker Capsule","730","2","26288853119","143865972","4839650843","2","26288853119"
"Antwerp 2022 Legends Sticker Capsule","Counter-Strike 2","14 Sep","14 Sep","$0.20 USD","20","sale","Antwerp 2022 Legends Sticker Capsule","730","2","26288857942","143865972","4839650843","2","26288857942"
"Antwerp 2022 Legends Sticker Capsule","Counter-Strike 2","14 Sep","14 Sep","$0.20 USD","20","sale","Antwerp 2022 Legends Sticker Capsule","730","2","26288853120","143865972","4839650843","2","26288853120"
"Antwerp 2022 Legends Sticker Capsule","Counter-Strike 2","14 Sep","14 Sep","$0.20 USD","20","sale","Antwerp 2022 Legends Sticker Capsule","730","2","26288853118","143865972","4839650843","2","26288853118"
"Antwerp 2022 Legends Sticker Capsule","Counter-Strike 2","14 Sep","14 Sep","$0.20 USD","20","sale","Antwerp 2022 Legends Sticker Capsule","730","2","26288853110","143865972","4839650843","2","26288853110"
"Antwerp 2022 Legends Sticker Capsule","Counter-Strike 2","14 Sep","14 Sep","$0.20 USD","20","sale","Antwerp 2022 Legends Sticker Capsule","730","2","26288853111","143865972","4839650843","2","26288853111"
"Antwerp 2022 Legends Sticker Capsule","Counter-Strike 2","14 Sep","14 Sep","$0.20 USD","20","sale","Antwerp 2022 Legends Sticker Capsule","730","2","26288853112","143865972","4839650843","2","26288853112"
"Antwerp 2022 Legends Sticker Capsule","Counter-Strike 2","14 Sep","14 Sep","$0.20 USD","20","sale","Antwerp 2022 Legends Sticker Capsule","730","2","26288853113","143865972","4839650843","2","26288853113"
"Antwerp 2022 Legends Sticker Capsule","Counter-Strike 2","14 Sep","14 Sep","$0.20 USD","20","sale","Antwerp 2022 Legends Sticker Capsule","730","2","26288853114","143865972","4839650843","2","26288853114"
"Antwerp 2022 Legends Sticker Capsule","Counter-Strike 2","14 Sep","14 Sep","$0.20 USD","20","sale","Antwerp 2022 Legends Sticker Capsule","730","2","26288853115","143865972","4839650843","2","26288853115"
"Antwerp 2022 Legends Sticker Capsule","Counter-Strike 2","14 Sep","14 Sep","$0.20 USD","20","sale","Antwerp 2022 Legends Sticker Capsule","730","2","26288853117","143865972","4839650843","2","26288853117"
"Antwerp 2022 Legends Sticker Capsule","Counter-Strike 2","14 Sep","14 Sep","$0.20 USD","20","sale","Antwerp 2022 Legends Sticker Capsule","730","2","26288853116","143865972","4839650843","2","26288853116"
"Antwerp 2022 Legends Sticker Capsule","Counter-Strike 2","14 Sep","14 Sep","$0.20 USD","20","sale","Antwerp 2022 Legends Sticker Capsule","730","2","26288850096","143865972","4839650843","2","26288850096"
"Antwerp 2022 Legends Sticker Capsule","Counter-Strike 2","14 Sep","14 Sep","$0.20 USD","20","sale","Antwerp 2022 Legends Sticker Capsule","730","2","26288853104","143865972","4839650843","2","26288853104"
"Antwerp 2022 Legends Sticker Capsule","Counter-Strike 2","14 Sep","14 Sep","$0.20 USD","20","sale","Antwerp 2022 Legends Sticker Capsule","730","2","26288853108","143865972","4839650843","2","26288853108"
"Antwerp 2022 Legends Sticker Capsule","Counter-Strike 2","14 Sep","14 Sep","$0.20 USD","20","sale","Antwerp 2022 Legends Sticker Capsule","730","2","26288850094","143865972","4839650843","2","26288850094"
"Antwerp 2022 Legends Sticker Capsule","Counter-Strike 2","14 Sep","14 Sep","$0.20 USD","20","sale","Antwerp 2022 Legends Sticker Capsule","730","2","26288853107","143865972","4839650843","2","26288853107"
"Antwerp 2022 Legends Sticker Capsule","Counter-Strike 2","14 Sep","14 Sep","$0.20 USD","20","sale","Antwerp 2022 Legends Sticker Capsule","730","2","26288853109","143865972","4839650843","2","26288853109"
"Antwerp 2022 Legends Sticker Capsule","Counter-Strike 2","14 Sep","14 Sep","$0.20 USD","20","sale","Antwerp 2022 Legends Sticker Capsule","730","2","26288850088","143865972","4839650843","2","26288850088"
"Antwerp 2022 Legends Sticker Capsule","Counter-Strike 2","14 Sep","14 Sep","$0.20 USD","20","sale","Antwerp 2022 Legends Sticker Capsule","730","2","26288853106","143865972","4839650843","2","26288853106"
"Antwerp 2022 Legends Sticker Capsule","Counter-Strike 2","14 Sep","14 Sep","$0.20 USD","20","sale","Antwerp 2022 Legends Sticker Capsule","730","2","26288850087","143865972","4839650843","2","26288850087"
"Antwerp 2022 Legends Sticker Capsule","Counter-Strike 2","14 Sep","14 Sep","$0.20 USD","20","sale","Antwerp 2022 Legends Sticker Capsule","730","2","26288853105","143865972","4839650843","2","26288853105"
"Antwerp 2022 Legends Sticker Capsule","Counter-Strike 2","14 Sep","14 Sep","$0.20 USD","20","sale","Antwerp 2022 Legends Sticker Capsule","730","2","26288850089","143865972","4839650843","2","26288850089"
"Antwerp 2022 Legends Sticker Capsule","Counter-Strike 2","14 Sep","14 Sep","$0.20 USD","20","sale","Antwerp 2022 Legends Sticker Capsule","730","2","26288850090","143865972","4839650843","2","26288850090"
"Antwerp 2022 Legends Sticker Capsule","Counter-Strike 2","14 Sep","14 Sep","$0.20 USD","20","sale","Antwerp 2022 Legends Sticker Capsule","730","2","26288850091","143865972","4839650843","2","26288850091"
"Antwerp 2022 Legends Sticker Capsule","Counter-Strike 2","14 Sep","14 Sep","$0.20 USD","20","sale","Antwerp 2022 Legends Sticker Capsule","730","2","26288850093","143865972","4839650843","2","26288850093"
"Antwerp 2022 Legends Sticker Capsule","Counter-Strike 2","14 Sep","14 Sep","$0.20 USD","20","sale","Antwerp 2022 Legends Sticker Capsule","730","2","26288850092","143865972","4839650843","2","26288850092"
"Antwerp 2022 Legends Sticker Capsule","Counter-Strike 2","14 Sep","14 Sep","$0.20 USD","20","sale","Antwerp 2022 Legends Sticker Capsule","730","2","26288850095","143865972","4839650843","2","26288850095"
"Antwerp 2022 Legends Sticker Capsule","Counter-Strike 2","14 Sep","14 Sep","$0.20 USD","20","sale","Antwerp 2022 Legends Sticker Capsule","730","2","26288850082","143865972","4839650843","2","26288850082"
"Antwerp 2022 Legends Sticker Capsule","Counter-Strike 2","14 Sep","14 Sep","$0.20 USD","20","sale","Antwerp 2022 Legends Sticker Capsule","730","2","26288850083","143865972","4839650843","2","26288850083"
"Antwerp 2022 Legends Sticker Capsule","Counter-Strike 2","14 Sep","14 Sep","$0.20 USD","20","sale","Antwerp 2022 Legends Sticker Capsule","730","2","26288848297","143865972","4839650843","2","26288848297"
"Antwerp 2022 Legends Sticker Capsule","Counter-Strike 2","14 Sep","14 Sep","$0.20 USD","20","sale","Antwerp 2022 Legends Sticker Capsule","730","2","26288850085","143865972","4839650843","2","26288850085"
"Antwerp 2022 Legends Sticker Capsule","Counter-Strike 2","14 Sep","14 Sep","$0.20 USD","20","sale","Antwerp 2022 Legends Sticker Capsule","730","2","26288850086","143865972","4839650843","2","26288850086"
"Antwerp 2022 Legends Sticker Capsule","Counter-Strike 2","14 Sep","14 Sep","$0.20 USD","20","sale","Antwerp 2022 Legends Sticker Capsule","730","2","26288850084","143865972","4839650843","2","26288850084"
"Antwerp 2022 Legends Sticker Capsule","Counter-Strike 2","14 Sep","14 Sep","$0.20 USD","20","sale","Antwerp 2022 Legends Sticker Capsule","730","2","26288848296","143865972","4839650843","2","26288848296"
"Antwerp 2022 Legends Sticker Capsule","Counter-Strike 2","14 Sep","14 Sep","$0.20 USD","20","sale","Antwerp 2022 Legends Sticker Capsule","730","2","26288850077","143865972","4839650843","2","26288850077"
"Antwerp 2022 Legends Sticker Capsule","Counter-Strike 2","14 Sep","14 Sep","$0.20 USD","20","sale","Antwerp 2022 Legends Sticker Capsule","730","2","26288850079","143865972","4839650843","2","26288850079"
"Antwerp 2022 Legends Sticker Capsule","Counter-Strike 2","14 Sep","14 Sep","$0.20 USD","20","sale","Antwerp 2022 Legends Sticker Capsule","730","2","26288850078","143865972","4839650843","2","26288850078"
"Antwerp 2022 Legends Sticker Capsule","Counter-Strike 2","14 Sep","14 Sep","$0.20 USD","20","sale","Antwerp 2022 Legends Sticker Capsule","730","2","26288848298","143865972","4839650843","2","26288848298"
"Antwerp 2022 Legends Sticker Capsule","Counter-Strike 2","14 Sep","14 Sep","$0.20 USD","20","sale","Antwerp 2022 Legends Sticker Capsule","730","2","26288850080","143865972","4839650843","2","26288850080"
"Antwerp 2022 Legends Sticker Capsule","Counter-Strike 2","14 Sep","14 Sep","$0.20 USD","20","sale","Antwerp 2022 Legends Sticker Capsule","730","2","26288850081","143865972","4839650843","2","26288850081"
"Antwerp 2022 Legends Sticker Capsule","Counter-Strike 2","14 Sep","14 Sep","$0.20 USD","20","sale","Antwerp 2022 Legends Sticker Capsule","730","2","26288848294","143865972","4839650843","2","26288848294"
"Antwerp 2022 Legends Sticker Capsule","Counter-Strike 2","14 Sep","14 Sep","$0.20 USD","20","sale","Antwerp 2022 Legends Sticker Capsule","730","2","26288848287","143865972","4839650843","2","26288848287"
"Antwerp 2022 Legends Sticker Capsule","Counter-Strike 2","14 Sep","14 Sep","$0.20 USD","20","sale","Antwerp 2022 Legends Sticker Capsule","730","2","26288848289","143865972","4839650843","2","26288848289"
"Antwerp 2022 Legends Sticker Capsule","Counter-Strike 2","14 Sep","14 Sep","$0.20 USD","20","sale","Antwerp 2022 Legends Sticker Capsule","730","2","26288848291","143865972","4839650843","2","26288848291"
"Antwerp 2022 Legends Sticker Capsule","Counter-Strike 2","14 Sep","14 Sep","$0.20 USD","20","sale","Antwerp 2022 Legends Sticker Capsule","730","2","26288848295","143865972","4839650843","2","26288848295"
"Antwerp 2022 Legends Sticker Capsule","Counter-Strike 2","14 Sep","14 Sep","$0.20 USD","20","sale","Antwerp 2022 Legends Sticker Capsule","730","2","26288848292","143865972","4839650843","2","26288848292"
"Antwerp 2022 Legends Sticker Capsule","Counter-Strike 2","14 Sep","14 Sep","$0.20 USD","20","sale","Antwerp 2022 Legends Sticker Capsule","730","2","26288848290","143865972","4839650843","2","26288848290"
"Antwerp 2022 Legends Sticker Capsule","Counter-Strike 2","14 Sep","14 Sep","$0.20 USD","20","sale","Antwerp 2022 Legends Sticker Capsule","730","2","26288848286","143865972","4839650843","2","26288848286"
"Antwerp 2022 Legends Sticker Capsule","Counter-Strike 2","14 Sep","14 Sep","$0.20 USD","20","sale","Antwerp 2022 Legends Sticker Capsule","730","2","26288848293","143865972","4839650843","2","26288848293"
"Antwerp 2022 Legends Sticker Capsule","Counter-Strike 2","14 Sep","14 Sep","$0.20 USD","20","sale","Antwerp 2022 Legends Sticker Capsule","730","2","26288848288","143865972","4839650843","2","26288848288"
"Antwerp 2022 Legends Sticker Capsule","Counter-Strike 2","14 Sep","14 Sep","$0.20 USD","20","sale","Antwerp 2022 Legends Sticker Capsule","730","2","26288848285","143865972","4839650843","2","26288848285"
"Antwerp 2022 Legends Sticker Capsule","Counter-Strike 2","14 Sep","14 Sep","$0.20 USD","20","sale","Antwerp 2022 Legends Sticker Capsule","730","2","26288848284","143865972","4839650843","2","26288848284"
"Antwerp 2022 Legends Sticker Capsule","Counter-Strike 2","14 Sep","14 Sep","$0.20 USD","20","sale","Antwerp 2022 Legends Sticker Capsule","730","2","26288848282","143865972","4839650843","2","26288848282"
"Antwerp 2022 Legends Sticker Capsule","Counter-Strike 2","14 Sep","14 Sep","$0.20 USD","20","sale","Antwerp 2022 Legends Sticker Capsule","730","2","26288848281","143865972","4839650843","2","26288848281"
"Antwerp 2022 Legends Sticker Capsule","Counter-Strike 2","14 Sep","14 Sep","$0.20 USD","20","sale","Antwerp 2022 Legends Sticker Capsule","730","2","26288848280","143865972","4839650843","2","26288848280"
"Antwerp 2022 Legends Sticker Capsule","Counter-Strike 2","14 Sep","14 Sep","$0.20 USD","20","sale","Antwerp 2022 Legends Sticker Capsule","730","2","26288848283","143865972","4839650843","2","26288848283"
"Antwerp 2022 Legends Sticker Capsule","Counter-Strike 2","14 Sep","14 Sep","$0.20 USD","20","sale","Antwerp 2022 Legends Sticker Capsule","730","2","26288861075","143865972","4839650843","2","26288861075"
"Antwerp 2022 Legends Sticker Capsule","Counter-Strike 2","14 Sep","14 Sep","$0.20 USD","20","sale","Antwerp 2022 Legends Sticker Capsule","730","2","26288861074","143865972","4839650843","2","26288861074"
"Antwerp 2022 Legends Sticker Capsule","Counter-Strike 2","14 Sep","14 Sep","$0.20 USD","20","sale","Antwerp 2022 Legends Sticker Capsule","730","2","26288857951","143865972","4839650843","2","26288857951"
"Antwerp 2022 Legends Sticker Capsule","Counter-Strike 2","14 Sep","14 Sep","$0.20 USD","20","sale","Antwerp 2022 Legends Sticker Capsule","730","2","26288861076","143865972","4839650843","2","26288861076"
"Antwerp 2022 Legends Sticker Capsule","Counter-Strike 2","14 Sep","14 Sep","$0.20 USD","20","sale","Antwerp 2022 Legends Sticker Capsule","730","2","26288861077","143865972","4839650843","2","26288861077"
"Antwerp 2022 Legends Sticker Capsule","Counter-Strike 2","14 Sep","14 Sep","$0.20 USD","20","sale","Antwerp 2022 Legends Sticker Capsule","730","2","26288861078","143865972","4839650843","2","26288861078"
"Antwerp 2022 Legends Sticker Capsule","Counter-Strike 2","14 Sep","14 Sep","$0.20 USD","20","sale","Antwerp 2022 Legends Sticker Capsule","730","2","26288861079","143865972","4839650843","2","26288861079"
"Antwerp 2022 Legends Sticker Capsule","Counter-Strike 2","14 Sep","14 Sep","$0.20 USD","20","sale","Antwerp 2022 Legends Sticker Capsule","730","2","26288861081","143865972","4839650843","2","26288861081"
"Antwerp 2022 Legends Sticker Capsule","Counter-Strike 2","14 Sep","14 Sep","$0.20 USD","20","sale","Antwerp 2022 Legends Sticker Capsule","730","2","26288861082","143865972","4839650843","2","26288861082"
"Antwerp 2022 Legends Sticker Capsule","Counter-Strike 2","14 Sep","14 Sep","$0.20 USD","20","sale","Antwerp 2022 Legends Sticker Capsule","730","2","26288861083","143865972","4839650843","2","26288861083"
"Antwerp 2022 Legends Sticker Capsule","Counter-Strike 2","14 Sep","14 Sep","$0.20 USD","20","sale","Antwerp 2022 Legends Sticker Capsule","730","2","26288861088","143865972","4839650843","2","26288861088"
"Antwerp 2022 Legends Sticker Capsule","Counter-Strike 2","14 Sep","14 Sep","$0.20 USD","20","sale","Antwerp 2022 Legends Sticker Capsule","730","2","26288861085","143865972","4839650843","2","26288861085"
"Antwerp 2022 Legends Sticker Capsule","Counter-Strike 2","14 Sep","14 Sep","$0.20 USD","20","sale","Antwerp 2022 Legends Sticker Capsule","730","2","26288861086","143865972","4839650843","2","26288861086"
"Antwerp 2022 Legends Sticker Capsule","Counter-Strike 2","14 Sep","14 Sep","$0.20 USD","20","sale","Antwerp 2022 Legends Sticker Capsule","730","2","26288861084","143865972","4839650843","2","26288861084"
"Antwerp 2022 Legends Sticker Capsule","Counter-Strike 2","14 Sep","14 Sep","$0.20 USD","20","sale","Antwerp 2022 Legends Sticker Capsule","730","2","26288861087","143865972","4839650843","2","26288861087"
"Antwerp 2022 Legends Sticker Capsule","Counter-Strike 2","14 Sep","14 Sep","$0.20 USD","20","sale","Antwerp 2022 Legends Sticker Capsule","730","2","26288861089","143865972","4839650843","2","26288861089"
"Antwerp 2022 Legends Sticker Capsule","Counter-Strike 2","14 Sep","14 Sep","$0.20 USD","20","sale","Antwerp 2022 Legends Sticker Capsule","730","2","26288861090","143865972","4839650843","2","26288861090"
"Antwerp 2022 Legends Sticker Capsule","Counter-Strike 2","14 Sep","14 Sep","$0.20 USD","20","sale","Antwerp 2022 Legends Sticker Capsule","730","2","26288861092","143865972","4839650843","2","26288861092"
"Antwerp 2022 Legends Sticker Capsule","Counter-Strike 2","14 Sep","14 Sep","$0.20 USD","20","sale","Antwerp 2022 Legends Sticker Capsule","730","2","26288861091","143865972","4839650843","2","26288861091"
"Antwerp 2022 Legends Sticker Capsule","Counter-Strike 2","14 Sep","14 Sep","$0.20 USD","20","sale","Antwerp 2022 Legends Sticker Capsule","730","2","26366864344","143865972","4839650843","2","26366864344"
"Antwerp 2022 Legends Sticker Capsule","Counter-Strike 2","14 Sep","14 Sep","$0.20 USD","20","sale","Antwerp 2022 Legends Sticker Capsule","730","2","26366864345","143865972","4839650843","2","26366864345"
"Antwerp 2022 Legends Sticker Capsule","Counter-Strike 2","14 Sep","14 Sep","$0.20 USD","20","sale","Antwerp 2022 Legends Sticker Capsule","730","2","26366864346","143865972","4839650843","2","26366864346"
"Antwerp 2022 Legends Sticker Capsule","Counter-Strike 2","14 Sep","14 Sep","$0.20 USD","20","sale","Antwerp 2022 Legends Sticker Capsule","730","2","26366864347","143865972","4839650843","2","26366864347"
"Antwerp 2022 Legends Sticker Capsule","Counter-Strike 2","14 Sep","14 Sep","$0.20 USD","20","sale","Antwerp 2022 Legends Sticker Capsule","730","2","26366864348","143865972","4839650843","2","26366864348"
"Antwerp 2022 Legends Sticker Capsule","Counter-Strike 2","14 Sep","14 Sep","$0.20 USD","20","sale","Antwerp 2022 Legends Sticker Capsule","730","2","26366864349","143865972","4839650843","2","26366864349"
"Antwerp 2022 Legends Sticker Capsule","Counter-Strike 2","14 Sep","14 Sep","$0.20 USD","20","sale","Antwerp 2022 Legends Sticker Capsule","730","2","26366864350","143865972","4839650843","2","26366864350"
"Antwerp 2022 Legends Sticker Capsule","Counter-Strike 2","14 Sep","14 Sep","$0.20 USD","20","sale","Antwerp 2022 Legends Sticker Capsule","730","2","26366864351","143865972","4839650843","2","26366864351"
"Antwerp 2022 Legends Sticker Capsule","Counter-Strike 2","14 Sep","14 Sep","$0.20 USD","20","sale","Antwerp 2022 Legends Sticker Capsule","730","2","26366864352","143865972","4839650843","2","26366864352"
"Antwerp 2022 Challengers Sticker Capsule","Counter-Strike 2","30 Aug","30 Aug","$0.18 USD","18","sale","Antwerp 2022 Challengers Sticker Capsule","730","2","26485912796","143865972","4839650842","2","26485912796"
"StatTrak™ Music Kit | Meechy Darko, Gothic Luxury","Counter-Strike 2","30 Aug","30 Aug","$3.54 USD","354","purchase","StatTrak™ Music Kit | Meechy Darko, Gothic Luxury","730","2","26989779946","188530170","4973925477","2","26989779946"
"Antwerp 2022 Challengers Sticker Capsule","Counter-Strike 2","30 Aug","30 Aug","$0.17 USD","17","sale","Antwerp 2022 Challengers Sticker Capsule","730","2","26366860253","143865972","4839650842","2","26366860253"
"Antwerp 2022 Challengers Sticker Capsule","Counter-Strike 2","30 Aug","30 Aug","$0.17 USD","17","sale","Antwerp 2022 Challengers Sticker Capsule","730","2","26288869505","143865972","4839650842","2","26288869505"
"Antwerp 2022 Legends Sticker Capsule","Counter-Strike 2","30 Aug","30 Aug","$0.19 USD","19","sale","Antwerp 2022 Legends Sticker Capsule","730","2","26366864353","143865972","4839650843","2","26366864353"
"Sticker | Bad News Eagles (Glitter) | Antwerp 2022","Counter-Strike 2","30 Aug","30 Aug","$0.10 USD","10","sale","Sticker | Bad News Eagles (Glitter) | Antwerp 2022","730","2","26989672209","188530139","4839651047","2","26989672209"
"Antwerp 2022 Legends Sticker Capsule","Counter-Strike 2","30 Aug","30 Aug","$0.19 USD","19","sale","Antwerp 2022 Legends Sticker Capsule","730","2","26288861080","143865972","4839650843","2","26288861080"
"Sticker | G2 Esports (Glitter) | Antwerp 2022","Counter-Strike 2","30 Aug","30 Aug","$0.25 USD","25","sale","Sticker | G2 Esports (Glitter) | Antwerp 2022","730","2","26989743471","188530139","4839650975","2","26989743471"
"Sticker | Cloud9 | Antwerp 2022","Counter-Strike 2","30 Aug","30 Aug","$0.02 USD","2","sale","Sticker | Cloud9 | Antwerp 2022","730","2","26989692485","188530139","4839650832","2","26989692485"
"Nova | Wild Six","Counter-Strike 2","30 Aug","30 Aug","$0.25 USD","25","sale","Nova | Wild Six (Battle-Scarred)","730","2","23660237940","480085569","2735475995","2","23660237940"
"Sticker | ENCE (Glitter) | Antwerp 2022","Counter-Strike 2","30 Aug","30 Aug","$0.04 USD","4","sale","Sticker | ENCE (Glitter) | Antwerp 2022","730","2","26989678304","188530139","4839650986","2","26989678304"
"Sticker | Vitality (Glitter) | Antwerp 2022","Counter-Strike 2","30 Aug","30 Aug","$0.05 USD","5","sale","Sticker | Vitality (Glitter) | Antwerp 2022","730","2","26989718632","188530139","4839650813","2","26989718632"
"Sticker | FaZe Clan (Glitter) | Antwerp 2022","Counter-Strike 2","30 Aug","30 Aug","$0.18 USD","18","sale","Sticker | FaZe Clan (Glitter) | Antwerp 2022","730","2","26989696659","188530139","4839650803","2","26989696659"
"Fracture Case","Counter-Strike 2","30 Aug","30 Aug","$0.11 USD","11","sale","Fracture Case","730","2","26871944675","0","3946324730","2","26871944675"
"Snakebite Case","Counter-Strike 2","30 Aug","30 Aug","$0.08 USD","8","sale","Snakebite Case","730","2","26726799255","0","4418618853","2","26726799255"
"Recoil Case","Counter-Strike 2","30 Aug","30 Aug","$1.35 USD","135","sale","Recoil Case","730","2","26989638152","0","4901046679","2","26989638152"
"Dreams & Nightmares Case","Counter-Strike 2","30 Aug","30 Aug","$0.68 USD","68","sale","Dreams & Nightmares Case","730","2","26954970857","0","4717330486","2","26954970857"
"M4A4 | Urban DDPAT","Counter-Strike 2","25 Aug","25 Aug","$0.12 USD","12","sale","M4A4 | Urban DDPAT (Field-Tested)","730","2","26778768333","480085569","310777185","2","26778768333"
"Snakebite Case","Counter-Strike 2","3 Aug","3 Aug","$0.10 USD","10","sale","Snakebite Case","730","2","26641237329","0","4418618853","2","26641237329"
"M4A1-S | Decimator","Counter-Strike 2","26 Jul","26 Jul","$8.60 USD","860","sale","M4A1-S | Decimator (Field-Tested)","730","2","26617746787","480085569","4929343453","2","26617746787"
"G3SG1 | Green Apple","Counter-Strike 2","25 Jul","25 Jul","$0.12 USD","12","sale","G3SG1 | Green Apple (Factory New)","730","2","26602925361","480085569","469443614","2","26602925361"
"Clutch Case","Counter-Strike 2","25 Jul","25 Jul","$0.29 USD","29","sale","Clutch Case","730","2","26571029792","0","2727227113","2","26571029792"
"Sawed-Off | Snake Camo","Counter-Strike 2","22 Jul","22 Jul","$0.09 USD","9","sale","Sawed-Off | Snake Camo (Field-Tested)","730","2","25486016048","302028390","310777186","2","25486016048"
"Fracture Case","Counter-Strike 2","22 Jul","22 Jul","$0.08 USD","8","sale","Fracture Case","730","2","26557604079","0","3946324730","2","26557604079"
"Sticker | ropz (Glitter, Champion) | Antwerp 2022","Counter-Strike 2","14 Jul","14 Jul","$0.04 USD","4","sale","Sticker | ropz (Glitter, Champion) | Antwerp 2022","730","2","26325746840","188530139","4861209057","2","26325746840"
"USP-S | Black Lotus","Counter-Strike 2","14 Jul","14 Jul","$0.40 USD","40","sale","USP-S | Black Lotus (Field-Tested)","730","2","26485923458","188530139","4572376272","2","26485923458"
"StatTrak™ AUG | Triqua","Counter-Strike 2","14 Jul","14 Jul","$0.09 USD","9","sale","StatTrak™ AUG | Triqua (Well-Worn)","730","2","26485898785","188530170","2531912986","2","26485898785"
"Dreams & Nightmares Case","Counter-Strike 2","14 Jul","14 Jul","$0.72 USD","72","sale","Dreams & Nightmares Case","730","2","26479324928","0","4717330486","2","26479324928"
"MAC-10 | Palm","Counter-Strike 2","8 Jul","8 Jul","$0.08 USD","8","sale","MAC-10 | Palm (Field-Tested)","730","2","25742925756","302028390","310783201","2","25742925756"
"Snakebite Case","Counter-Strike 2","7 Jul","7 Jul","$0.12 USD","12","sale","Snakebite Case","730","2","26392069554","0","4418618853","2","26392069554"
"Sticker | Twistzz (Gold, Champion) | Antwerp 2022","Counter-Strike 2","4 Jul","4 Jul","$7.00 USD","700","sale","Sticker | Twistzz (Gold, Champion) | Antwerp 2022","730","2","26325743905","188530139","4900202558","2","26325743905"
"Clutch Case","Counter-Strike 2","1 Jul","1 Jul","$0.31 USD","31","sale","Clutch Case","730","2","26325686543","0","2727227113","2","26325686543"
"Fracture Case","Counter-Strike 2","1 Jul","1 Jul","$0.06 USD","6","sale","Fracture Case","730","2","26034836938","0","3946324730","2","26034836938"
"Fracture Case","Counter-Strike 2","1 Jul","1 Jul","$0.06 USD","6","sale","Fracture Case","730","2","26218532668","0","3946324730","2","26218532668"
"Dreams & Nightmares Case","Counter-Strike 2","1 Jul","1 Jul","$0.76 USD","76","sale","Dreams & Nightmares Case","730","2","26312491775","0","4717330486","2","26312491775"
"P90 | Module","Counter-Strike 2","9 Jun","9 Jun","$0.95 USD","95","sale","P90 | Module (Factory New)","730","2","26008285679","188530139","506854340","2","26008285679"
"Clutch Case","Counter-Strike 2","9 Jun","9 Jun","$0.29 USD","29","sale","Clutch Case","730","2","26008183836","0","2727227113","2","26008183836"
"Fracture Case","Counter-Strike 2","9 Jun","9 Jun","$0.08 USD","8","sale","Fracture Case","730","2","25082391206","0","3946324730","2","25082391206"
"Fracture Case","Counter-Strike 2","9 Jun","9 Jun","$0.08 USD","8","sale","Fracture Case","730","2","25267144817","0","3946324730","2","25267144817"
"Fracture Case","Counter-Strike 2","9 Jun","9 Jun","$0.08 USD","8","sale","Fracture Case","730","2","25868622306","0","3946324730","2","25868622306"
"P90 | Teardown","Counter-Strike 2","9 Jun","9 Jun","$0.53 USD","53","sale","P90 | Teardown (Field-Tested)","730","2","25364755636","302028390","310781333","2","25364755636"
"Prisma 2 Case","Counter-Strike 2","9 Jun","9 Jun","$0.05 USD","5","sale","Prisma 2 Case","730","2","25040494457","0","3761545285","2","25040494457"
"Prisma 2 Case","Counter-Strike 2","9 Jun","9 Jun","$0.05 USD","5","sale","Prisma 2 Case","730","2","25454790533","0","3761545285","2","25454790533"
"Prisma 2 Case","Counter-Strike 2","9 Jun","9 Jun","$0.05 USD","5","sale","Prisma 2 Case","730","2","25463750632","0","3761545285","2","25463750632"
"Prisma 2 Case","Counter-Strike 2","9 Jun","9 Jun","$0.05 USD","5","sale","Prisma 2 Case","730","2","25715182611","0","3761545285","2","25715182611"
"Snakebite Case","Counter-Strike 2","9 Jun","9 Jun","$0.14 USD","14","sale","Snakebite Case","730","2","25611901384","0","4418618853","2","25611901384"
"Snakebite Case","Counter-Strike 2","9 Jun","9 Jun","$0.14 USD","14","sale","Snakebite Case","730","2","25611901751","0","4418618853","2","25611901751"
"Snakebite Case","Counter-Strike 2","9 Jun","9 Jun","$0.14 USD","14","sale","Snakebite Case","730","2","25611902096","0","4418618853","2","25611902096"
"Snakebite Case","Counter-Strike 2","9 Jun","9 Jun","$0.14 USD","14","sale","Snakebite Case","730","2","25658539323","0","4418618853","2","25658539323"
"Snakebite Case","Counter-Strike 2","9 Jun","9 Jun","$0.14 USD","14","sale","Snakebite Case","730","2","25781685963","0","4418618853","2","25781685963"
"P90 | Module","Counter-Strike 2","9 Jun","9 Jun","$0.70 USD","70","sale","P90 | Module (Field-Tested)","730","2","25611902776","188530139","506853573","2","25611902776"
"Clutch Case","Counter-Strike 2","4 May","4 May","$0.27 USD","27","sale","Clutch Case","730","2","25200323049","0","2727227113","2","25200323049"
"Fracture Case","Counter-Strike 2","4 May","4 May","$0.08 USD","8","sale","Fracture Case","730","2","25581101870","0","3946324730","2","25581101870"
"Dreams & Nightmares Case","Counter-Strike 2","23 Apr","23 Apr","$1.15 USD","115","sale","Dreams & Nightmares Case","730","2","25386309079","0","4717330486","2","25386309079"
"Site of Lost Grace","ELDEN RING Trading Card","23 Apr","23 Apr","$0.15 USD","15","sale","1245620-Site of Lost Grace","753","6","20439793008","0","4759735122","6","20527877646"
"Site of Lost Grace","ELDEN RING Trading Card","23 Apr","23 Apr","$0.15 USD","15","sale","1245620-Site of Lost Grace","753","6","20439793009","0","4759735122","6","20527877633"
"Spectrum 2 Case","Counter-Strike 2","23 Apr","23 Apr","$0.66 USD","66","purchase","Spectrum 2 Case","730","2","25454471017","0","2521767801","2","25454471017"
"Turning Point (Trading Card)","Tomb Raider Trading Card","6 Apr","15 Apr","$0.07 USD","7","purchase","203160-Turning Point (Trading Card)","753","6","17995764622","0","173027797","6","20407771486"
"Survivor (Trading Card)","Tomb Raider Trading Card","9 Apr","15 Apr","$0.07 USD","7","purchase","203160-Survivor (Trading Card)","753","6","20354590464","0","173027072","6","20426391375"
"Parachute","Tomb Raider Trading Card","4 Apr","15 Apr","$0.07 USD","7","purchase","203160-Parachute","753","6","18202092607","0","173027938","6","20397439782"
"Mountain Climb","Tomb Raider Trading Card","26 Mar","15 Apr","$0.07 USD","7","purchase","203160-Mountain Climb","753","6","10546657589","0","173027236","6","20338392562"
"Night Hub","Tomb Raider Trading Card","4 Apr","15 Apr","$0.07 USD","7","purchase","203160-Night Hub","753","6","10503201896","0","173026990","6","20397335153"
"Crossroads (Trading Card)","Tomb Raider Trading Card","6 Apr","15 Apr","$0.07 USD","7","purchase","203160-Crossroads (Trading Card)","753","6","20407681157","0","173027208","6","20407950341"
"A Survivor Is Born (Trading Card)","Tomb Raider Trading Card","8 Apr","15 Apr","$0.07 USD","7","purchase","203160-A Survivor Is Born (Trading Card)","753","6","20410789340","0","173027085","6","20420274005"
"Turning Point (Trading Card)","Tomb Raider Trading Card","5 Apr","15 Apr","$0.07 USD","7","purchase","203160-Turning Point (Trading Card)","753","6","20402674527","0","173027797","6","20404844740"
"Survivor (Trading Card)","Tomb Raider Trading Card","9 Apr","15 Apr","$0.07 USD","7","purchase","203160-Survivor (Trading Card)","753","6","20362348722","0","173027072","6","20426391376"
"Parachute","Tomb Raider Trading Card","4 Apr","15 Apr","$0.07 USD","7","purchase","203160-Parachute","753","6","608455582","0","173027938","6","20397339445"
"Mountain Climb","Tomb Raider Trading Card","26 Mar","15 Apr","$0.07 USD","7","purchase","203160-Mountain Climb","753","6","20338334358","0","173027236","6","20338345535"
"Night Hub","Tomb Raider Trading Card","15 Apr","15 Apr","$0.06 USD","6","purchase","203160-Night Hub","753","6","17714638306","0","173026990","6","20473529518"
"Crossroads (Trading Card)","Tomb Raider Trading Card","15 Apr","15 Apr","$0.06 USD","6","purchase","203160-Crossroads (Trading Card)","753","6","17715584759","0","173027208","6","20473529505"
"A Survivor Is Born (Trading Card)","Tomb Raider Trading Card","8 Apr","15 Apr","$0.07 USD","7","purchase","203160-A Survivor Is Born (Trading Card)","753","6","20410789334","0","173027085","6","20420274007"
"Mountain Climb","Tomb Raider Trading Card","25 Mar","15 Apr","$0.07 USD","7","purchase","203160-Mountain Climb","753","6","20322431952","0","173027236","6","20333716435"
"Turning Point (Trading Card)","Tomb Raider Trading Card","15 Apr","15 Apr","$0.06 USD","6","purchase","203160-Turning Point (Trading Card)","753","6","17714122027","0","173027797","6","20473529527"
"Survivor (Trading Card)","Tomb Raider Trading Card","9 Apr","15 Apr","$0.07 USD","7","purchase","203160-Survivor (Trading Card)","753","6","20363672739","0","173027072","6","20426391374"
"A Survivor Is Born (Trading Card)","Tomb Raider Trading Card","8 Apr","15 Apr","$0.07 USD","7","purchase","203160-A Survivor Is Born (Trading Card)","753","6","20410789338","0","173027085","6","20420274003"
"Site of Lost Grace","ELDEN RING Trading Card","15 Apr","15 Apr","$0.20 USD","20","sale","1245620-Site of Lost Grace","753","6","20423620607","0","4759735122","6","20473534956"
"Turning Point (Trading Card)","Tomb Raider Trading Card","1 Apr","15 Apr","$0.07 USD","7","purchase","203160-Turning Point (Trading Card)","753","6","17385380973","0","173027797","6","20379960469"
"Survivor (Trading Card)","Tomb Raider Trading Card","3 Apr","15 Apr","$0.07 USD","7","purchase","203160-Survivor (Trading Card)","753","6","18321117623","0","173027072","6","20388127289"
"Parachute","Tomb Raider Trading Card","4 Apr","15 Apr","$0.07 USD","7","purchase","203160-Parachute","753","6","10434133767","0","173027938","6","20397335050"
"Mountain Climb","Tomb Raider Trading Card","15 Apr","15 Apr","$0.06 USD","6","purchase","203160-Mountain Climb","753","6","20171601073","0","173027236","6","20473460722"
"Night Hub","Tomb Raider Trading Card","3 Apr","15 Apr","$0.07 USD","7","purchase","203160-Night Hub","753","6","20391405268","0","173026990","6","20391427669"
"Crossroads (Trading Card)","Tomb Raider Trading Card","4 Apr","15 Apr","$0.07 USD","7","purchase","203160-Crossroads (Trading Card)","753","6","10411887245","0","173027208","6","20397321288"
"A Survivor Is Born (Trading Card)","Tomb Raider Trading Card","8 Apr","15 Apr","$0.07 USD","7","purchase","203160-A Survivor Is Born (Trading Card)","753","6","20365292456","0","173027085","6","20420178528"
"Turning Point (Trading Card)","Tomb Raider Trading Card","30 Mar","15 Apr","$0.07 USD","7","purchase","203160-Turning Point (Trading Card)","753","6","4201744118","0","173027797","6","20362982834"
"Survivor (Trading Card)","Tomb Raider Trading Card","15 Apr","15 Apr","$0.07 USD","7","purchase","203160-Survivor (Trading Card)","753","6","10699469373","0","173027072","6","20369153609"
"Parachute","Tomb Raider Trading Card","4 Apr","15 Apr","$0.07 USD","7","purchase","203160-Parachute","753","6","18748927107","0","173027938","6","20395595238"
"Mountain Climb","Tomb Raider Trading Card","15 Apr","15 Apr","$0.06 USD","6","purchase","203160-Mountain Climb","753","6","13159890201","0","173027236","6","20473405609"
"Night Hub","Tomb Raider Trading Card","3 Apr","15 Apr","$0.07 USD","7","purchase","203160-Night Hub","753","6","20388950118","0","173026990","6","20388962588"
"Crossroads (Trading Card)","Tomb Raider Trading Card","4 Apr","15 Apr","$0.07 USD","7","purchase","203160-Crossroads (Trading Card)","753","6","19955505680","0","173027208","6","20395673598"
"A Survivor Is Born (Trading Card)","Tomb Raider Trading Card","15 Apr","15 Apr","$0.07 USD","7","purchase","203160-A Survivor Is Born (Trading Card)","753","6","10699469374","0","173027085","6","20369153614"
"Raya Lucaria","ELDEN RING Trading Card","10 Apr","10 Apr","$0.25 USD","25","purchase","1245620-Raya Lucaria","753","6","20411436969","0","4759735120","6","20439746454"
"Wandering Mausoleum","ELDEN RING Trading Card","10 Apr","10 Apr","$0.23 USD","23","purchase","1245620-Wandering Mausoleum","753","6","20117597253","0","4759735023","6","20439774709"
"Wandering Mausoleum","ELDEN RING Trading Card","10 Apr","10 Apr","$0.23 USD","23","purchase","1245620-Wandering Mausoleum","753","6","20385716211","0","4759735023","6","20439737015"
"Stormveil Castle","ELDEN RING Trading Card","9 Apr","10 Apr","$0.22 USD","22","sale","1245620-Stormveil Castle","753","6","20400234936","0","4759735125","6","20431168371"
"3 Sack of Gems","Steam Gems","9 Apr","9 Apr","$1.20 USD","120","purchase","753-Sack of Gems","753","6","20426338166","0","667933237","6","20429953480"
"Giants' Gravepost","ELDEN RING Trading Card","8 Apr","8 Apr","$0.22 USD","22","sale","1245620-Giants' Gravepost","753","6","20400234935","0","4759735022","6","20423627420"
"Site of Lost Grace","ELDEN RING Trading Card","8 Apr","8 Apr","$0.21 USD","21","sale","1245620-Site of Lost Grace","753","6","20355348208","0","4759735122","6","20423627382"
"Site of Lost Grace","ELDEN RING Trading Card","8 Apr","8 Apr","$0.21 USD","21","sale","1245620-Site of Lost Grace","753","6","20400234937","0","4759735122","6","20423627302"
"2 Sack of Gems","Steam Gems","20 Mar","5 Apr","$0.82 USD","82","purchase","753-Sack of Gems","753","6","19640347075","0","667933237","6","20294571030"
"Stormveil Castle","ELDEN RING Trading Card","4 Apr","4 Apr","$0.21 USD","21","sale","1245620-Stormveil Castle","753","6","20319971011","0","4759735125","6","20400235023"
"Giants' Gravepost","ELDEN RING Trading Card","4 Apr","4 Apr","$0.21 USD","21","sale","1245620-Giants' Gravepost","753","6","20310093766","0","4759735022","6","20400234988"
"Giants' Gravepost","ELDEN RING Trading Card","28 Mar","28 Mar","$0.22 USD","22","sale","1245620-Giants' Gravepost","753","6","20266265796","0","4759735022","6","20355348284"
"Tec-9 | Red Quartz","Counter-Strike 2","28 Mar","28 Mar","$0.18 USD","18","sale","Tec-9 | Red Quartz (Minimal Wear)","730","2","25208343562","0","310790881","2","25208343562"
"Tec-9 | Red Quartz","Counter-Strike 2","28 Mar","28 Mar","$0.18 USD","18","sale","Tec-9 | Red Quartz (Minimal Wear)","730","2","25208343579","480085569","310790881","2","25208343579"
"Tec-9 | Red Quartz","Counter-Strike 2","28 Mar","28 Mar","$0.18 USD","18","sale","Tec-9 | Red Quartz (Minimal Wear)","730","2","25208343584","302028390","310790881","2","25208343584"
"Tec-9 | Red Quartz","Counter-Strike 2","28 Mar","28 Mar","$0.18 USD","18","sale","Tec-9 | Red Quartz (Minimal Wear)","730","2","25208343567","302028390","4336013998","2","25208343567"
"Tec-9 | Red Quartz","Counter-Strike 2","28 Mar","28 Mar","$0.18 USD","18","sale","Tec-9 | Red Quartz (Minimal Wear)","730","2","25208343587","302028390","310790881","2","25208343587"
"Tec-9 | Red Quartz","Counter-Strike 2","28 Mar","28 Mar","$0.18 USD","18","sale","Tec-9 | Red Quartz (Minimal Wear)","730","2","25208343545","302028390","310790881","2","25208343545"
"Tec-9 | Red Quartz","Counter-Strike 2","28 Mar","28 Mar","$0.18 USD","18","sale","Tec-9 | Red Quartz (Minimal Wear)","730","2","25208343575","302028390","310790881","2","25208343575"
"Tec-9 | Red Quartz","Counter-Strike 2","28 Mar","28 Mar","$0.18 USD","18","sale","Tec-9 | Red Quartz (Minimal Wear)","730","2","25208343541","302028390","310790881","2","25208343541"
"Tec-9 | Red Quartz","Counter-Strike 2","28 Mar","28 Mar","$0.18 USD","18","sale","Tec-9 | Red Quartz (Minimal Wear)","730","2","25208343547","302028390","310790881","2","25208343547"
"Clutch Case","Counter-Strike 2","24 Mar","24 Mar","$0.25 USD","25","sale","Clutch Case","730","2","25002974083","0","2727227113","2","25002974083"
"Sticker | Copenhagen Flames (Holo) | Stockholm 2021","Counter-Strike 2","22 Mar","22 Mar","$4.85 USD","485","purchase","Sticker | Copenhagen Flames (Holo) | Stockholm 2021","730","2","24940395325","188530139","4614639234","2","24940395325"
"Giants' Gravepost","ELDEN RING Trading Card","22 Mar","22 Mar","$0.20 USD","20","sale","1245620-Giants' Gravepost","753","6","20266265794","0","4759735022","6","20310108565"
"Giants' Gravepost","ELDEN RING Trading Card","20 Mar","20 Mar","$0.24 USD","24","sale","1245620-Giants' Gravepost","753","6","20274427421","0","4759735022","6","20300409718"
"Giants' Gravepost","ELDEN RING Trading Card","20 Mar","20 Mar","$0.24 USD","24","sale","1245620-Giants' Gravepost","753","6","20274427419","0","4759735022","6","20300409681"
"Tec-9 | Red Quartz","Counter-Strike 2","18 Mar","19 Mar","$0.23 USD","23","purchase","Tec-9 | Red Quartz (Minimal Wear)","730","2","25205121533","302028390","4783280123","2","25205121533"
"Tec-9 | Red Quartz","Counter-Strike 2","18 Mar","19 Mar","$0.23 USD","23","purchase","Tec-9 | Red Quartz (Minimal Wear)","730","2","25205124425","302028390","4783280123","2","25205124425"
"Tec-9 | Red Quartz","Counter-Strike 2","18 Mar","19 Mar","$0.23 USD","23","purchase","Tec-9 | Red Quartz (Minimal Wear)","730","2","25205122789","480085569","4783280123","2","25205122789"
"Tec-9 | Red Quartz","Counter-Strike 2","18 Mar","19 Mar","$0.23 USD","23","purchase","Tec-9 | Red Quartz (Minimal Wear)","730","2","25205123721","302028390","4783280123","2","25205123721"
"Tec-9 | Red Quartz","Counter-Strike 2","18 Mar","19 Mar","$0.23 USD","23","purchase","Tec-9 | Red Quartz (Minimal Wear)","730","2","25205122172","302028390","4783814087","2","25205122172"
"Tec-9 | Red Quartz","Counter-Strike 2","18 Mar","19 Mar","$0.23 USD","23","purchase","Tec-9 | Red Quartz (Minimal Wear)","730","2","25204303240","480085569","4783280123","2","25204303240"
"Tec-9 | Red Quartz","Counter-Strike 2","18 Mar","19 Mar","$0.23 USD","23","purchase","Tec-9 | Red Quartz (Minimal Wear)","730","2","25175028003","0","4780106723","2","25175028003"
"Tec-9 | Red Quartz","Counter-Strike 2","18 Mar","19 Mar","$0.23 USD","23","purchase","Tec-9 | Red Quartz (Minimal Wear)","730","2","25203534189","302028390","4783280123","2","25203534189"
"Tec-9 | Red Quartz","Counter-Strike 2","18 Mar","19 Mar","$0.23 USD","23","purchase","Tec-9 | Red Quartz (Minimal Wear)","730","2","25146827735","302028390","4775663441","2","25146827735"
"Tec-9 | Red Quartz","Counter-Strike 2","18 Mar","19 Mar","$0.23 USD","23","purchase","Tec-9 | Red Quartz (Minimal Wear)","730","2","25146827723","302028390","4775663441","2","25146827723"
"UMP-45 | Facility Dark","Counter-Strike 2","9 Jan","19 Mar","$0.04 USD","4","purchase","UMP-45 | Facility Dark (Field-Tested)","730","2","23481702320","302028390","3035569529","2","23481702320"
"UMP-45 | Facility Dark","Counter-Strike 2","9 Jan","19 Mar","$0.04 USD","4","purchase","UMP-45 | Facility Dark (Field-Tested)","730","2","22111388949","302028390","3035569529","2","22111388949"
"Huntsman Weapon Case","Counter-Strike 2","7 Mar","19 Mar","$4.60 USD","460","purchase","Huntsman Weapon Case","730","2","1625093943","0","469431148","2","1625093943"
"Huntsman Weapon Case","Counter-Strike 2","7 Mar","19 Mar","$4.60 USD","460","purchase","Huntsman Weapon Case","730","2","1732490423","0","469431148","2","1732490423"
"Huntsman Weapon Case","Counter-Strike 2","19 Mar","19 Mar","$4.55 USD","455","purchase","Huntsman Weapon Case","730","2","989775713","0","469431148","2","989775713"
"Huntsman Weapon Case","Counter-Strike 2","19 Mar","19 Mar","$4.53 USD","453","purchase","Huntsman Weapon Case","730","2","25198989202","0","469431148","2","25198989202"
"5 Sack of Gems","Steam Gems","15 Mar","16 Mar","$1.95 USD","195","purchase","753-Sack of Gems","753","6","20232719354","0","667933237","6","20232719452"
"3 Sack of Gems","Steam Gems","13 Mar","13 Mar","$1.17 USD","117","purchase","753-Sack of Gems","753","6","20232719354","0","667933237","6","20232719452"
"Fountainhead Palace","Sekiro™: Shadows Die Twice Trading Card","1 Mar","13 Mar","$0.10 USD","10","purchase","814380-Fountainhead Palace","753","6","20100768033","0","3221673748","6","20151372894"
"Hidden Temple","Sekiro™: Shadows Die Twice Trading Card","13 Mar","13 Mar","$0.10 USD","10","purchase","814380-Hidden Temple","753","6","19316096560","0","3221673671","6","20236108680"
"Kuro's Room","Sekiro™: Shadows Die Twice Trading Card","12 Mar","13 Mar","$0.10 USD","10","purchase","814380-Kuro's Room","753","6","20227469389","0","3221673703","6","20228055825"
"Dilapidated Temple","Sekiro™: Shadows Die Twice Trading Card","12 Mar","13 Mar","$0.10 USD","10","purchase","814380-Dilapidated Temple","753","6","19903430574","0","3221673733","6","20230465381"
"General Tenzen Yamauchi","Sekiro™: Shadows Die Twice Trading Card","11 Mar","13 Mar","$0.09 USD","9","purchase","814380-General Tenzen Yamauchi","753","6","20006282765","0","3221673691","6","20224110416"
"Gyoubu Oniwa","Sekiro™: Shadows Die Twice Trading Card","28 Feb","13 Mar","$0.10 USD","10","purchase","814380-Gyoubu Oniwa","753","6","20125006288","0","3221673712","6","20143575575"
"Corrupted Monk","Sekiro™: Shadows Die Twice Trading Card","2 Mar","13 Mar","$0.10 USD","10","purchase","814380-Corrupted Monk","753","6","15287472114","0","3221673802","6","20158900264"
"Owl","Sekiro™: Shadows Die Twice Trading Card","11 Mar","13 Mar","$0.10 USD","10","purchase","814380-Owl","753","6","17632101725","0","3221673860","6","20222530302"
"Genichiro Ashina","Sekiro™: Shadows Die Twice Trading Card","8 Mar","13 Mar","$0.10 USD","10","purchase","814380-Genichiro Ashina","753","6","20053051171","0","3221673850","6","20201320232"
"Emma","Sekiro™: Shadows Die Twice Trading Card","10 Mar","13 Mar","$0.10 USD","10","purchase","814380-Emma","753","6","20168346082","0","3221673776","6","20216909327"
"Sculptor","Sekiro™: Shadows Die Twice Trading Card","24 Feb","13 Mar","$0.10 USD","10","purchase","814380-Sculptor","753","6","20105220102","0","3221673818","6","20106198346"
"Kuro","Sekiro™: Shadows Die Twice Trading Card","13 Mar","13 Mar","$0.09 USD","9","purchase","814380-Kuro","753","6","20189905699","0","3221673704","6","20235917024"
"Hidden Temple","Sekiro™: Shadows Die Twice Trading Card","13 Mar","13 Mar","$0.10 USD","10","purchase","814380-Hidden Temple","753","6","20191688166","0","3221673671","6","20236102263"
"Dilapidated Temple","Sekiro™: Shadows Die Twice Trading Card","12 Mar","13 Mar","$0.10 USD","10","purchase","814380-Dilapidated Temple","753","6","20228444550","0","3221673733","6","20230355532"
"General Tenzen Yamauchi","Sekiro™: Shadows Die Twice Trading Card","11 Mar","13 Mar","$0.09 USD","9","purchase","814380-General Tenzen Yamauchi","753","6","18349941137","0","3221673691","6","20221229826"
"Gyoubu Oniwa","Sekiro™: Shadows Die Twice Trading Card","25 Feb","13 Mar","$0.10 USD","10","purchase","814380-Gyoubu Oniwa","753","6","14366525790","0","3221673712","6","20117010953"
"Corrupted Monk","Sekiro™: Shadows Die Twice Trading Card","11 Mar","13 Mar","$0.10 USD","10","purchase","814380-Corrupted Monk","753","6","10805429606","0","3221673802","6","20105676396"
"Owl","Sekiro™: Shadows Die Twice Trading Card","11 Mar","13 Mar","$0.10 USD","10","purchase","814380-Owl","753","6","17613109847","0","3221673860","6","20222513266"
"Emma","Sekiro™: Shadows Die Twice Trading Card","10 Mar","13 Mar","$0.10 USD","10","purchase","814380-Emma","753","6","20168346083","0","3221673776","6","20216909328"
"Sculptor","Sekiro™: Shadows Die Twice Trading Card","24 Feb","13 Mar","$0.10 USD","10","purchase","814380-Sculptor","753","6","16406575176","0","3221673818","6","20105758642"
"Kuro","Sekiro™: Shadows Die Twice Trading Card","13 Mar","13 Mar","$0.09 USD","9","purchase","814380-Kuro","753","6","20191709103","0","3221673704","6","20235917023"
"Hidden Temple","Sekiro™: Shadows Die Twice Trading Card","13 Mar","13 Mar","$0.10 USD","10","purchase","814380-Hidden Temple","753","6","15933439330","0","3221673671","6","20235081002"
"Kuro's Room","Sekiro™: Shadows Die Twice Trading Card","12 Mar","13 Mar","$0.10 USD","10","purchase","814380-Kuro's Room","753","6","20220735730","0","3221673703","6","20225420100"
"Dilapidated Temple","Sekiro™: Shadows Die Twice Trading Card","12 Mar","13 Mar","$0.10 USD","10","purchase","814380-Dilapidated Temple","753","6","19746027500","0","3221673733","6","20230183084"
"General Tenzen Yamauchi","Sekiro™: Shadows Die Twice Trading Card","10 Mar","13 Mar","$0.09 USD","9","purchase","814380-General Tenzen Yamauchi","753","6","19366541601","0","3221673691","6","20215222773"
"Gyoubu Oniwa","Sekiro™: Shadows Die Twice Trading Card","22 Feb","13 Mar","$0.10 USD","10","purchase","814380-Gyoubu Oniwa","753","6","14551647616","0","3221673712","6","20093280583"
"Corrupted Monk","Sekiro™: Shadows Die Twice Trading Card","15 Feb","13 Mar","$0.10 USD","10","purchase","814380-Corrupted Monk","753","6","10802061944","0","3221673802","6","20045170235"
"Owl","Sekiro™: Shadows Die Twice Trading Card","11 Mar","13 Mar","$0.10 USD","10","purchase","814380-Owl","753","6","20127329629","0","3221673860","6","20222201282"
"Genichiro Ashina","Sekiro™: Shadows Die Twice Trading Card","13 Mar","13 Mar","$0.09 USD","9","purchase","814380-Genichiro Ashina","753","6","17967798891","0","3221673850","6","20236627993"
"Emma","Sekiro™: Shadows Die Twice Trading Card","10 Mar","13 Mar","$0.10 USD","10","purchase","814380-Emma","753","6","20166124381","0","3221673776","6","20216909322"
"Kuro","Sekiro™: Shadows Die Twice Trading Card","13 Mar","13 Mar","$0.09 USD","9","purchase","814380-Kuro","753","6","20190418252","0","3221673704","6","20235917021"
"Dilapidated Temple","Sekiro™: Shadows Die Twice Trading Card","12 Mar","13 Mar","$0.10 USD","10","purchase","814380-Dilapidated Temple","753","6","20113170303","0","3221673733","6","20229855150"
"Gyoubu Oniwa","Sekiro™: Shadows Die Twice Trading Card","20 Feb","13 Mar","$0.10 USD","10","purchase","814380-Gyoubu Oniwa","753","6","19955026019","0","3221673712","6","20082741586"
"Hidden Temple","Sekiro™: Shadows Die Twice Trading Card","13 Mar","13 Mar","$0.10 USD","10","purchase","814380-Hidden Temple","753","6","20227264092","0","3221673671","6","20234259246"
"Kuro's Room","Sekiro™: Shadows Die Twice Trading Card","10 Mar","13 Mar","$0.10 USD","10","purchase","814380-Kuro's Room","753","6","20206724812","0","3221673703","6","20217381571"
"Owl","Sekiro™: Shadows Die Twice Trading Card","11 Mar","13 Mar","$0.10 USD","10","purchase","814380-Owl","753","6","18152907349","0","3221673860","6","20220375877"
"Genichiro Ashina","Sekiro™: Shadows Die Twice Trading Card","13 Mar","13 Mar","$0.09 USD","9","purchase","814380-Genichiro Ashina","753","6","20188901944","0","3221673850","6","20236578935"
"Kuro","Sekiro™: Shadows Die Twice Trading Card","13 Mar","13 Mar","$0.09 USD","9","purchase","814380-Kuro","753","6","20190328753","0","3221673704","6","20235917022"
"Hidden Temple","Sekiro™: Shadows Die Twice Trading Card","7 Mar","7 Mar","$0.09 USD","9","purchase","814380-Hidden Temple","753","6","19611535300","0","3221673671","6","20198631772"
"Kuro's Room","Sekiro™: Shadows Die Twice Trading Card","5 Mar","7 Mar","$0.10 USD","10","purchase","814380-Kuro's Room","753","6","20129321294","0","3221673703","6","20180752940"
"Gyoubu Oniwa","Sekiro™: Shadows Die Twice Trading Card","19 Feb","7 Mar","$0.10 USD","10","purchase","814380-Gyoubu Oniwa","753","6","19864985556","0","3221673712","6","19945957096"
"Genichiro Ashina","Sekiro™: Shadows Die Twice Trading Card","7 Mar","7 Mar","$0.09 USD","9","purchase","814380-Genichiro Ashina","753","6","11993242629","0","3221673850","6","20198692020"
"Kuro","Sekiro™: Shadows Die Twice Trading Card","5 Mar","7 Mar","$0.10 USD","10","purchase","814380-Kuro","753","6","20178885686","0","3221673704","6","20179137299"
"Undead Settlement","DARK SOULS™ III Trading Card","19 Jan","4 Mar","$0.14 USD","14","purchase","374320-Undead Settlement","753","6","19500550647","0","1661696448","6","19766644627"
"Lothric Castle","DARK SOULS™ III Trading Card","27 Feb","4 Mar","$0.13 USD","13","purchase","374320-Lothric Castle","753","6","18737074711","0","1661676096","6","20133353443"
"Cathedral of the Deep","DARK SOULS™ III Trading Card","3 Mar","4 Mar","$0.14 USD","14","purchase","374320-Cathedral of the Deep","753","6","18133468848","0","1661695739","6","20165979930"
"High Wall of Lothric","DARK SOULS™ III Trading Card","29 Jan","4 Mar","$0.13 USD","13","purchase","374320-High Wall of Lothric","753","6","19248158415","0","1661681691","6","19874874701"
"Firelink Shrine","DARK SOULS™ III Trading Card","3 Mar","4 Mar","$0.12 USD","12","purchase","374320-Firelink Shrine","753","6","20018185899","0","1661647744","6","20162985422"
"Road of Sacrifices","DARK SOULS™ III Trading Card","7 Jan","4 Mar","$0.14 USD","14","purchase","374320-Road of Sacrifices","753","6","9171844227","0","1661751390","6","19618949735"
"Undead Settlement","DARK SOULS™ III Trading Card","4 Mar","4 Mar","$0.13 USD","13","purchase","374320-Undead Settlement","753","6","2847865927","0","1661696448","6","20170167700"
"Road of Sacrifices","DARK SOULS™ III Trading Card","3 Mar","4 Mar","$0.14 USD","14","purchase","374320-Road of Sacrifices","753","6","20109104545","0","1661751390","6","20164636202"
"Firelink Shrine","DARK SOULS™ III Trading Card","2 Mar","4 Mar","$0.12 USD","12","purchase","374320-Firelink Shrine","753","6","20001103776","0","1661647744","6","20159113476"
"Lothric Castle","DARK SOULS™ III Trading Card","4 Mar","4 Mar","$0.12 USD","12","purchase","374320-Lothric Castle","753","6","20170171338","0","1661676096","6","20170240205"
"Cathedral of the Deep","DARK SOULS™ III Trading Card","4 Mar","4 Mar","$0.13 USD","13","purchase","374320-Cathedral of the Deep","753","6","20024709394","0","1661695739","6","20170197378"
"Firelink Shrine","DARK SOULS™ III Trading Card","2 Mar","4 Mar","$0.12 USD","12","purchase","374320-Firelink Shrine","753","6","17375598718","0","1661647744","6","20158584330"
"Road of Sacrifices","DARK SOULS™ III Trading Card","4 Mar","4 Mar","$0.13 USD","13","purchase","374320-Road of Sacrifices","753","6","2847751191","0","1661751390","6","20170167678"
"Lothric Castle","DARK SOULS™ III Trading Card","26 Feb","4 Mar","$0.13 USD","13","purchase","374320-Lothric Castle","753","6","20124917852","0","1661676096","6","20132178180"
"Cathedral of the Deep","DARK SOULS™ III Trading Card","4 Mar","4 Mar","$0.13 USD","13","purchase","374320-Cathedral of the Deep","753","6","2847343211","0","1661695739","6","20170167660"
"Snakebite Case","Counter-Strike 2","21 Feb","28 Feb","$0.09 USD","9","sale","Snakebite Case","730","2","24858425392","0","4418618853","2","24858425392"
"Firelink Shrine","DARK SOULS™ III Trading Card","26 Feb","26 Feb","$0.13 USD","13","purchase","374320-Firelink Shrine","753","6","20117370084","0","1661647744","6","20128518930"
"Lothric Castle","DARK SOULS™ III Trading Card","26 Feb","26 Feb","$0.15 USD","15","purchase","374320-Lothric Castle","753","6","18531748671","0","1661676096","6","20125207638"
"Cathedral of the Deep","DARK SOULS™ III Trading Card","25 Feb","26 Feb","$0.15 USD","15","purchase","374320-Cathedral of the Deep","753","6","20096710169","0","1661695739","6","20121769068"
"Firelink Shrine","DARK SOULS™ III Trading Card","26 Feb","26 Feb","$0.13 USD","13","purchase","374320-Firelink Shrine","753","6","17474728157","0","1661647744","6","20128494313"
"Lothric Castle","DARK SOULS™ III Trading Card","26 Feb","26 Feb","$0.15 USD","15","purchase","374320-Lothric Castle","753","6","20012514402","0","1661676096","6","20125079784"
"Cathedral of the Deep","DARK SOULS™ III Trading Card","25 Feb","26 Feb","$0.15 USD","15","purchase","374320-Cathedral of the Deep","753","6","20079410275","0","1661695739","6","20115315818"
"Giants' Gravepost","ELDEN RING Trading Card","25 Feb","25 Feb","$0.22 USD","22","sale","1245620-Giants' Gravepost","753","6","20111647119","0","4759735022","6","20111647150"
"Gyoubu Oniwa (Foil)","Sekiro™: Shadows Die Twice Foil Trading Card","23 Feb","23 Feb","$0.33 USD","33","sale","814380-Gyoubu Oniwa (Foil)","753","6","20091907562","0","3221673858","6","20098610153"
"Stockholm 2021 Champions Autograph Capsule","Counter-Strike 2","21 Feb","21 Feb","$0.29 USD","29","sale","Stockholm 2021 Champions Autograph Capsule","730","2","24968525313","143865972","4630203228","2","24968525313"
"Stockholm 2021 Champions Autograph Capsule","Counter-Strike 2","21 Feb","21 Feb","$0.29 USD","29","sale","Stockholm 2021 Champions Autograph Capsule","730","2","24968525397","143865972","4630203228","2","24968525397"
"Stockholm 2021 Champions Autograph Capsule","Counter-Strike 2","21 Feb","21 Feb","$0.29 USD","29","sale","Stockholm 2021 Champions Autograph Capsule","730","2","24968525483","143865972","4630203228","2","24968525483"
"Stockholm 2021 Champions Autograph Capsule","Counter-Strike 2","21 Feb","21 Feb","$0.29 USD","29","sale","Stockholm 2021 Champions Autograph Capsule","730","2","24968524372","143865972","4630203228","2","24968524372"
"Stockholm 2021 Champions Autograph Capsule","Counter-Strike 2","21 Feb","21 Feb","$0.29 USD","29","sale","Stockholm 2021 Champions Autograph Capsule","730","2","24968525200","143865972","4630203228","2","24968525200"
"Stockholm 2021 Champions Autograph Capsule","Counter-Strike 2","21 Feb","21 Feb","$0.29 USD","29","sale","Stockholm 2021 Champions Autograph Capsule","730","2","24968524892","143865972","4630203228","2","24968524892"
"Stockholm 2021 Champions Autograph Capsule","Counter-Strike 2","21 Feb","21 Feb","$0.29 USD","29","sale","Stockholm 2021 Champions Autograph Capsule","730","2","24968524625","143865972","4630203228","2","24968524625"
"Stockholm 2021 Champions Autograph Capsule","Counter-Strike 2","21 Feb","21 Feb","$0.29 USD","29","sale","Stockholm 2021 Champions Autograph Capsule","730","2","24968524215","143865972","4630203228","2","24968524215"
"Stockholm 2021 Champions Autograph Capsule","Counter-Strike 2","21 Feb","21 Feb","$0.29 USD","29","sale","Stockholm 2021 Champions Autograph Capsule","730","2","24968525013","143865972","4630203228","2","24968525013"
"Stockholm 2021 Champions Autograph Capsule","Counter-Strike 2","21 Feb","21 Feb","$0.29 USD","29","sale","Stockholm 2021 Champions Autograph Capsule","730","2","24968525130","143865972","4630203228","2","24968525130"
"Stockholm 2021 Champions Autograph Capsule","Counter-Strike 2","21 Feb","21 Feb","$0.29 USD","29","sale","Stockholm 2021 Champions Autograph Capsule","730","2","24968523932","143865972","4630203228","2","24968523932"
"Stockholm 2021 Champions Autograph Capsule","Counter-Strike 2","21 Feb","21 Feb","$0.29 USD","29","sale","Stockholm 2021 Champions Autograph Capsule","730","2","24968523341","143865972","4630203228","2","24968523341"
"Stockholm 2021 Champions Autograph Capsule","Counter-Strike 2","21 Feb","21 Feb","$0.29 USD","29","sale","Stockholm 2021 Champions Autograph Capsule","730","2","24968524760","143865972","4630203228","2","24968524760"
"Stockholm 2021 Champions Autograph Capsule","Counter-Strike 2","21 Feb","21 Feb","$0.29 USD","29","sale","Stockholm 2021 Champions Autograph Capsule","730","2","24968523051","143865972","4630203228","2","24968523051"
"Stockholm 2021 Champions Autograph Capsule","Counter-Strike 2","21 Feb","21 Feb","$0.29 USD","29","sale","Stockholm 2021 Champions Autograph Capsule","730","2","24968523812","143865972","4630203228","2","24968523812"
"Stockholm 2021 Champions Autograph Capsule","Counter-Strike 2","21 Feb","21 Feb","$0.29 USD","29","sale","Stockholm 2021 Champions Autograph Capsule","730","2","24968523633","143865972","4630203228","2","24968523633"
"Stockholm 2021 Champions Autograph Capsule","Counter-Strike 2","21 Feb","21 Feb","$0.29 USD","29","sale","Stockholm 2021 Champions Autograph Capsule","730","2","24968523441","143865972","4630203228","2","24968523441"
"Stockholm 2021 Champions Autograph Capsule","Counter-Strike 2","21 Feb","21 Feb","$0.29 USD","29","sale","Stockholm 2021 Champions Autograph Capsule","730","2","24968523521","143865972","4630203228","2","24968523521"
"Stockholm 2021 Champions Autograph Capsule","Counter-Strike 2","21 Feb","21 Feb","$0.29 USD","29","sale","Stockholm 2021 Champions Autograph Capsule","730","2","24968523689","143865972","4630203228","2","24968523689"
"Stockholm 2021 Champions Autograph Capsule","Counter-Strike 2","21 Feb","21 Feb","$0.29 USD","29","sale","Stockholm 2021 Champions Autograph Capsule","730","2","24968524133","143865972","4630203228","2","24968524133"
"Stockholm 2021 Champions Autograph Capsule","Counter-Strike 2","21 Feb","21 Feb","$0.29 USD","29","sale","Stockholm 2021 Champions Autograph Capsule","730","2","24968525598","143865972","4630203228","2","24968525598"
"Stockholm 2021 Champions Autograph Capsule","Counter-Strike 2","21 Feb","21 Feb","$0.29 USD","29","sale","Stockholm 2021 Champions Autograph Capsule","730","2","24968525796","143865972","4630203228","2","24968525796"
"Stockholm 2021 Champions Autograph Capsule","Counter-Strike 2","21 Feb","21 Feb","$0.29 USD","29","sale","Stockholm 2021 Champions Autograph Capsule","730","2","24968525947","143865972","4630203228","2","24968525947"
"Stockholm 2021 Champions Autograph Capsule","Counter-Strike 2","21 Feb","21 Feb","$0.29 USD","29","sale","Stockholm 2021 Champions Autograph Capsule","730","2","24968526019","143865972","4630203228","2","24968526019"
"Stockholm 2021 Champions Autograph Capsule","Counter-Strike 2","21 Feb","21 Feb","$0.29 USD","29","sale","Stockholm 2021 Champions Autograph Capsule","730","2","24968526078","143865972","4630203228","2","24968526078"
"Stockholm 2021 Champions Autograph Capsule","Counter-Strike 2","21 Feb","21 Feb","$0.29 USD","29","sale","Stockholm 2021 Champions Autograph Capsule","730","2","24968526178","143865972","4630203228","2","24968526178"
"Stockholm 2021 Champions Autograph Capsule","Counter-Strike 2","21 Feb","21 Feb","$0.29 USD","29","sale","Stockholm 2021 Champions Autograph Capsule","730","2","24968526272","143865972","4630203228","2","24968526272"
"Stockholm 2021 Champions Autograph Capsule","Counter-Strike 2","21 Feb","21 Feb","$0.29 USD","29","sale","Stockholm 2021 Champions Autograph Capsule","730","2","24968526347","143865972","4630203228","2","24968526347"
"Stockholm 2021 Champions Autograph Capsule","Counter-Strike 2","21 Feb","21 Feb","$0.29 USD","29","sale","Stockholm 2021 Champions Autograph Capsule","730","2","24968526436","143865972","4630203228","2","24968526436"
"Stockholm 2021 Champions Autograph Capsule","Counter-Strike 2","21 Feb","21 Feb","$0.29 USD","29","sale","Stockholm 2021 Champions Autograph Capsule","730","2","24968526600","143865972","4630203228","2","24968526600"
"Stockholm 2021 Champions Autograph Capsule","Counter-Strike 2","21 Feb","21 Feb","$0.29 USD","29","sale","Stockholm 2021 Champions Autograph Capsule","730","2","24968526699","143865972","4630203228","2","24968526699"
"Stockholm 2021 Champions Autograph Capsule","Counter-Strike 2","21 Feb","21 Feb","$0.29 USD","29","sale","Stockholm 2021 Champions Autograph Capsule","730","2","24968526924","143865972","4630203228","2","24968526924"
"Stockholm 2021 Champions Autograph Capsule","Counter-Strike 2","21 Feb","21 Feb","$0.29 USD","29","sale","Stockholm 2021 Champions Autograph Capsule","730","2","24968527031","143865972","4630203228","2","24968527031"
"Stockholm 2021 Champions Autograph Capsule","Counter-Strike 2","21 Feb","21 Feb","$0.29 USD","29","sale","Stockholm 2021 Champions Autograph Capsule","730","2","24968527166","143865972","4630203228","2","24968527166"
"Stockholm 2021 Champions Autograph Capsule","Counter-Strike 2","21 Feb","21 Feb","$0.29 USD","29","sale","Stockholm 2021 Champions Autograph Capsule","730","2","24968527276","143865972","4630203228","2","24968527276"
"Stockholm 2021 Champions Autograph Capsule","Counter-Strike 2","21 Feb","21 Feb","$0.29 USD","29","sale","Stockholm 2021 Champions Autograph Capsule","730","2","24968527382","143865972","4630203228","2","24968527382"
"Stockholm 2021 Champions Autograph Capsule","Counter-Strike 2","21 Feb","21 Feb","$0.29 USD","29","sale","Stockholm 2021 Champions Autograph Capsule","730","2","24968527532","143865972","4630203228","2","24968527532"
"Stockholm 2021 Champions Autograph Capsule","Counter-Strike 2","21 Feb","21 Feb","$0.29 USD","29","sale","Stockholm 2021 Champions Autograph Capsule","730","2","24968527644","143865972","4630203228","2","24968527644"
"Stockholm 2021 Champions Autograph Capsule","Counter-Strike 2","21 Feb","21 Feb","$0.29 USD","29","sale","Stockholm 2021 Champions Autograph Capsule","730","2","24968527728","143865972","4630203228","2","24968527728"
"Stockholm 2021 Champions Autograph Capsule","Counter-Strike 2","21 Feb","21 Feb","$0.29 USD","29","sale","Stockholm 2021 Champions Autograph Capsule","730","2","24968527907","143865972","4630203228","2","24968527907"
"Stockholm 2021 Champions Autograph Capsule","Counter-Strike 2","21 Feb","21 Feb","$0.29 USD","29","sale","Stockholm 2021 Champions Autograph Capsule","730","2","24968528053","143865972","4630203228","2","24968528053"
"Stockholm 2021 Champions Autograph Capsule","Counter-Strike 2","21 Feb","21 Feb","$0.29 USD","29","sale","Stockholm 2021 Champions Autograph Capsule","730","2","24968528519","143865972","4630203228","2","24968528519"
"Stockholm 2021 Champions Autograph Capsule","Counter-Strike 2","21 Feb","21 Feb","$0.29 USD","29","sale","Stockholm 2021 Champions Autograph Capsule","730","2","24968528593","143865972","4630203228","2","24968528593"
"Stockholm 2021 Champions Autograph Capsule","Counter-Strike 2","21 Feb","21 Feb","$0.29 USD","29","sale","Stockholm 2021 Champions Autograph Capsule","730","2","24968528692","143865972","4630203228","2","24968528692"
"Stockholm 2021 Champions Autograph Capsule","Counter-Strike 2","21 Feb","21 Feb","$0.29 USD","29","sale","Stockholm 2021 Champions Autograph Capsule","730","2","24968528769","143865972","4630203228","2","24968528769"
"Stockholm 2021 Champions Autograph Capsule","Counter-Strike 2","21 Feb","21 Feb","$0.29 USD","29","sale","Stockholm 2021 Champions Autograph Capsule","730","2","24968528928","143865972","4630203228","2","24968528928"
"Stockholm 2021 Champions Autograph Capsule","Counter-Strike 2","21 Feb","21 Feb","$0.29 USD","29","sale","Stockholm 2021 Champions Autograph Capsule","730","2","24968529033","143865972","4630203228","2","24968529033"
"Stockholm 2021 Champions Autograph Capsule","Counter-Strike 2","21 Feb","21 Feb","$0.29 USD","29","sale","Stockholm 2021 Champions Autograph Capsule","730","2","24968529218","143865972","4630203228","2","24968529218"
"Stockholm 2021 Champions Autograph Capsule","Counter-Strike 2","21 Feb","21 Feb","$0.29 USD","29","sale","Stockholm 2021 Champions Autograph Capsule","730","2","24968529596","143865972","4630203228","2","24968529596"
"Stockholm 2021 Champions Autograph Capsule","Counter-Strike 2","21 Feb","21 Feb","$0.29 USD","29","sale","Stockholm 2021 Champions Autograph Capsule","730","2","24968529783","143865972","4630203228","2","24968529783"
"Stockholm 2021 Champions Autograph Capsule","Counter-Strike 2","21 Feb","21 Feb","$0.29 USD","29","sale","Stockholm 2021 Champions Autograph Capsule","730","2","24968529895","143865972","4630203228","2","24968529895"
"Stockholm 2021 Champions Autograph Capsule","Counter-Strike 2","21 Feb","21 Feb","$0.29 USD","29","sale","Stockholm 2021 Champions Autograph Capsule","730","2","24968530297","143865972","4630203228","2","24968530297"
"Stockholm 2021 Champions Autograph Capsule","Counter-Strike 2","21 Feb","21 Feb","$0.29 USD","29","sale","Stockholm 2021 Champions Autograph Capsule","730","2","24968530473","143865972","4630203228","2","24968530473"
"Stockholm 2021 Champions Autograph Capsule","Counter-Strike 2","21 Feb","21 Feb","$0.29 USD","29","sale","Stockholm 2021 Champions Autograph Capsule","730","2","24968530652","143865972","4630203228","2","24968530652"
"Stockholm 2021 Champions Autograph Capsule","Counter-Strike 2","21 Feb","21 Feb","$0.29 USD","29","sale","Stockholm 2021 Champions Autograph Capsule","730","2","24968530803","143865972","4630203228","2","24968530803"
"Stockholm 2021 Champions Autograph Capsule","Counter-Strike 2","21 Feb","21 Feb","$0.29 USD","29","sale","Stockholm 2021 Champions Autograph Capsule","730","2","24968530929","143865972","4630203228","2","24968530929"
"Stockholm 2021 Champions Autograph Capsule","Counter-Strike 2","21 Feb","21 Feb","$0.29 USD","29","sale","Stockholm 2021 Champions Autograph Capsule","730","2","24968531057","143865972","4630203228","2","24968531057"
"Stockholm 2021 Champions Autograph Capsule","Counter-Strike 2","21 Feb","21 Feb","$0.29 USD","29","sale","Stockholm 2021 Champions Autograph Capsule","730","2","24968531155","143865972","4630203228","2","24968531155"
"Stockholm 2021 Champions Autograph Capsule","Counter-Strike 2","21 Feb","21 Feb","$0.29 USD","29","sale","Stockholm 2021 Champions Autograph Capsule","730","2","24968531296","143865972","4630203228","2","24968531296"
"Stockholm 2021 Champions Autograph Capsule","Counter-Strike 2","21 Feb","21 Feb","$0.29 USD","29","sale","Stockholm 2021 Champions Autograph Capsule","730","2","24968531478","143865972","4630203228","2","24968531478"
"Stockholm 2021 Champions Autograph Capsule","Counter-Strike 2","21 Feb","21 Feb","$0.29 USD","29","sale","Stockholm 2021 Champions Autograph Capsule","730","2","24968531621","143865972","4630203228","2","24968531621"
"Stockholm 2021 Champions Autograph Capsule","Counter-Strike 2","21 Feb","21 Feb","$0.29 USD","29","sale","Stockholm 2021 Champions Autograph Capsule","730","2","24968532094","143865972","4630203228","2","24968532094"
"Stockholm 2021 Champions Autograph Capsule","Counter-Strike 2","21 Feb","21 Feb","$0.29 USD","29","sale","Stockholm 2021 Champions Autograph Capsule","730","2","24968532260","143865972","4630203228","2","24968532260"
"Stockholm 2021 Champions Autograph Capsule","Counter-Strike 2","21 Feb","21 Feb","$0.29 USD","29","sale","Stockholm 2021 Champions Autograph Capsule","730","2","24968532358","143865972","4630203228","2","24968532358"
"Stockholm 2021 Champions Autograph Capsule","Counter-Strike 2","21 Feb","21 Feb","$0.29 USD","29","sale","Stockholm 2021 Champions Autograph Capsule","730","2","24968532464","143865972","4630203228","2","24968532464"
"Stockholm 2021 Champions Autograph Capsule","Counter-Strike 2","21 Feb","21 Feb","$0.29 USD","29","sale","Stockholm 2021 Champions Autograph Capsule","730","2","24968532576","143865972","4630203228","2","24968532576"
"Stockholm 2021 Champions Autograph Capsule","Counter-Strike 2","21 Feb","21 Feb","$0.29 USD","29","sale","Stockholm 2021 Champions Autograph Capsule","730","2","24968532692","143865972","4630203228","2","24968532692"
"Stockholm 2021 Champions Autograph Capsule","Counter-Strike 2","21 Feb","21 Feb","$0.29 USD","29","sale","Stockholm 2021 Champions Autograph Capsule","730","2","24968532857","143865972","4630203228","2","24968532857"
"Stockholm 2021 Champions Autograph Capsule","Counter-Strike 2","21 Feb","21 Feb","$0.29 USD","29","sale","Stockholm 2021 Champions Autograph Capsule","730","2","24968533047","143865972","4630203228","2","24968533047"
"Stockholm 2021 Champions Autograph Capsule","Counter-Strike 2","21 Feb","21 Feb","$0.29 USD","29","sale","Stockholm 2021 Champions Autograph Capsule","730","2","24968533199","143865972","4630203228","2","24968533199"
"Stockholm 2021 Champions Autograph Capsule","Counter-Strike 2","21 Feb","21 Feb","$0.29 USD","29","sale","Stockholm 2021 Champions Autograph Capsule","730","2","24968533392","143865972","4630203228","2","24968533392"
"Stockholm 2021 Champions Autograph Capsule","Counter-Strike 2","21 Feb","21 Feb","$0.29 USD","29","sale","Stockholm 2021 Champions Autograph Capsule","730","2","24968533653","143865972","4630203228","2","24968533653"
"Stockholm 2021 Champions Autograph Capsule","Counter-Strike 2","21 Feb","21 Feb","$0.29 USD","29","sale","Stockholm 2021 Champions Autograph Capsule","730","2","24968533736","143865972","4630203228","2","24968533736"
"Stockholm 2021 Champions Autograph Capsule","Counter-Strike 2","21 Feb","21 Feb","$0.29 USD","29","sale","Stockholm 2021 Champions Autograph Capsule","730","2","24968533818","143865972","4630203228","2","24968533818"
"Stockholm 2021 Champions Autograph Capsule","Counter-Strike 2","21 Feb","21 Feb","$0.29 USD","29","sale","Stockholm 2021 Champions Autograph Capsule","730","2","24968533961","143865972","4630203228","2","24968533961"
"Stockholm 2021 Champions Autograph Capsule","Counter-Strike 2","21 Feb","21 Feb","$0.29 USD","29","sale","Stockholm 2021 Champions Autograph Capsule","730","2","24968534032","143865972","4630203228","2","24968534032"
"Stockholm 2021 Champions Autograph Capsule","Counter-Strike 2","21 Feb","21 Feb","$0.29 USD","29","sale","Stockholm 2021 Champions Autograph Capsule","730","2","24968534118","143865972","4630203228","2","24968534118"
"Stockholm 2021 Champions Autograph Capsule","Counter-Strike 2","21 Feb","21 Feb","$0.29 USD","29","sale","Stockholm 2021 Champions Autograph Capsule","730","2","24968534222","143865972","4630203228","2","24968534222"
"Stockholm 2021 Champions Autograph Capsule","Counter-Strike 2","21 Feb","21 Feb","$0.29 USD","29","sale","Stockholm 2021 Champions Autograph Capsule","730","2","24968534325","143865972","4630203228","2","24968534325"
"Stockholm 2021 Champions Autograph Capsule","Counter-Strike 2","21 Feb","21 Feb","$0.29 USD","29","sale","Stockholm 2021 Champions Autograph Capsule","730","2","24968534429","143865972","4630203228","2","24968534429"
"Stockholm 2021 Champions Autograph Capsule","Counter-Strike 2","21 Feb","21 Feb","$0.29 USD","29","sale","Stockholm 2021 Champions Autograph Capsule","730","2","24968534563","143865972","4630203228","2","24968534563"
"Stockholm 2021 Champions Autograph Capsule","Counter-Strike 2","21 Feb","21 Feb","$0.29 USD","29","sale","Stockholm 2021 Champions Autograph Capsule","730","2","24968534818","143865972","4630203228","2","24968534818"
"Stockholm 2021 Champions Autograph Capsule","Counter-Strike 2","21 Feb","21 Feb","$0.29 USD","29","sale","Stockholm 2021 Champions Autograph Capsule","730","2","24968534928","143865972","4630203228","2","24968534928"
"Stockholm 2021 Champions Autograph Capsule","Counter-Strike 2","21 Feb","21 Feb","$0.29 USD","29","sale","Stockholm 2021 Champions Autograph Capsule","730","2","24968535036","143865972","4630203228","2","24968535036"
"Stockholm 2021 Champions Autograph Capsule","Counter-Strike 2","21 Feb","21 Feb","$0.29 USD","29","sale","Stockholm 2021 Champions Autograph Capsule","730","2","24968535258","143865972","4630203228","2","24968535258"
"Stockholm 2021 Champions Autograph Capsule","Counter-Strike 2","21 Feb","21 Feb","$0.29 USD","29","sale","Stockholm 2021 Champions Autograph Capsule","730","2","24968535401","143865972","4630203228","2","24968535401"
"Stockholm 2021 Champions Autograph Capsule","Counter-Strike 2","21 Feb","21 Feb","$0.29 USD","29","sale","Stockholm 2021 Champions Autograph Capsule","730","2","24968535488","143865972","4630203228","2","24968535488"
"Stockholm 2021 Champions Autograph Capsule","Counter-Strike 2","21 Feb","21 Feb","$0.29 USD","29","sale","Stockholm 2021 Champions Autograph Capsule","730","2","24968535578","143865972","4630203228","2","24968535578"
"Stockholm 2021 Champions Autograph Capsule","Counter-Strike 2","21 Feb","21 Feb","$0.29 USD","29","sale","Stockholm 2021 Champions Autograph Capsule","730","2","24968535687","143865972","4630203228","2","24968535687"
"Stockholm 2021 Champions Autograph Capsule","Counter-Strike 2","21 Feb","21 Feb","$0.29 USD","29","sale","Stockholm 2021 Champions Autograph Capsule","730","2","24968535803","143865972","4630203228","2","24968535803"
"Stockholm 2021 Champions Autograph Capsule","Counter-Strike 2","21 Feb","21 Feb","$0.29 USD","29","sale","Stockholm 2021 Champions Autograph Capsule","730","2","24968535926","143865972","4630203228","2","24968535926"
"Stockholm 2021 Champions Autograph Capsule","Counter-Strike 2","21 Feb","21 Feb","$0.29 USD","29","sale","Stockholm 2021 Champions Autograph Capsule","730","2","24968536192","143865972","4630203228","2","24968536192"
"Stockholm 2021 Champions Autograph Capsule","Counter-Strike 2","21 Feb","21 Feb","$0.29 USD","29","sale","Stockholm 2021 Champions Autograph Capsule","730","2","24968536349","143865972","4630203228","2","24968536349"
"Stockholm 2021 Champions Autograph Capsule","Counter-Strike 2","21 Feb","21 Feb","$0.29 USD","29","sale","Stockholm 2021 Champions Autograph Capsule","730","2","24968536537","143865972","4630203228","2","24968536537"
"Stockholm 2021 Champions Autograph Capsule","Counter-Strike 2","21 Feb","21 Feb","$0.29 USD","29","sale","Stockholm 2021 Champions Autograph Capsule","730","2","24968536655","143865972","4630203228","2","24968536655"
"Stockholm 2021 Champions Autograph Capsule","Counter-Strike 2","21 Feb","21 Feb","$0.29 USD","29","sale","Stockholm 2021 Champions Autograph Capsule","730","2","24968536765","143865972","4630203228","2","24968536765"
"Stockholm 2021 Champions Autograph Capsule","Counter-Strike 2","21 Feb","21 Feb","$0.29 USD","29","sale","Stockholm 2021 Champions Autograph Capsule","730","2","24968536902","143865972","4630203228","2","24968536902"
"Stockholm 2021 Champions Autograph Capsule","Counter-Strike 2","21 Feb","21 Feb","$0.29 USD","29","sale","Stockholm 2021 Champions Autograph Capsule","730","2","24968537025","143865972","4630203228","2","24968537025"
"Stockholm 2021 Champions Autograph Capsule","Counter-Strike 2","21 Feb","21 Feb","$0.29 USD","29","sale","Stockholm 2021 Champions Autograph Capsule","730","2","24968537099","143865972","4630203228","2","24968537099"
"Stockholm 2021 Champions Autograph Capsule","Counter-Strike 2","21 Feb","21 Feb","$0.29 USD","29","sale","Stockholm 2021 Champions Autograph Capsule","730","2","24968537241","143865972","4630203228","2","24968537241"
"Stockholm 2021 Champions Autograph Capsule","Counter-Strike 2","21 Feb","21 Feb","$0.29 USD","29","sale","Stockholm 2021 Champions Autograph Capsule","730","2","24968537426","143865972","4630203228","2","24968537426"
"Stockholm 2021 Champions Autograph Capsule","Counter-Strike 2","21 Feb","21 Feb","$0.29 USD","29","sale","Stockholm 2021 Champions Autograph Capsule","730","2","24968537572","143865972","4630203228","2","24968537572"
"Stockholm 2021 Champions Autograph Capsule","Counter-Strike 2","21 Feb","21 Feb","$0.29 USD","29","sale","Stockholm 2021 Champions Autograph Capsule","730","2","24968537690","143865972","4630203228","2","24968537690"
"Stockholm 2021 Champions Autograph Capsule","Counter-Strike 2","21 Feb","21 Feb","$0.29 USD","29","sale","Stockholm 2021 Champions Autograph Capsule","730","2","24968537792","143865972","4630203228","2","24968537792"
"Stockholm 2021 Champions Autograph Capsule","Counter-Strike 2","21 Feb","21 Feb","$0.29 USD","29","sale","Stockholm 2021 Champions Autograph Capsule","730","2","24968537920","143865972","4630203228","2","24968537920"
"Stockholm 2021 Champions Autograph Capsule","Counter-Strike 2","21 Feb","21 Feb","$0.29 USD","29","sale","Stockholm 2021 Champions Autograph Capsule","730","2","24968537995","143865972","4630203228","2","24968537995"
"Stockholm 2021 Champions Autograph Capsule","Counter-Strike 2","21 Feb","21 Feb","$0.29 USD","29","sale","Stockholm 2021 Champions Autograph Capsule","730","2","24968538084","143865972","4630203228","2","24968538084"
"Stockholm 2021 Champions Autograph Capsule","Counter-Strike 2","21 Feb","21 Feb","$0.29 USD","29","sale","Stockholm 2021 Champions Autograph Capsule","730","2","24968538156","143865972","4630203228","2","24968538156"
"Stockholm 2021 Champions Autograph Capsule","Counter-Strike 2","21 Feb","21 Feb","$0.29 USD","29","sale","Stockholm 2021 Champions Autograph Capsule","730","2","24968538249","143865972","4630203228","2","24968538249"
"Stockholm 2021 Champions Autograph Capsule","Counter-Strike 2","21 Feb","21 Feb","$0.29 USD","29","sale","Stockholm 2021 Champions Autograph Capsule","730","2","24968538363","143865972","4630203228","2","24968538363"
"Stockholm 2021 Champions Autograph Capsule","Counter-Strike 2","21 Feb","21 Feb","$0.29 USD","29","sale","Stockholm 2021 Champions Autograph Capsule","730","2","24968538446","143865972","4630203228","2","24968538446"
"Stockholm 2021 Champions Autograph Capsule","Counter-Strike 2","21 Feb","21 Feb","$0.29 USD","29","sale","Stockholm 2021 Champions Autograph Capsule","730","2","24968538743","143865972","4630203228","2","24968538743"
"Stockholm 2021 Champions Autograph Capsule","Counter-Strike 2","21 Feb","21 Feb","$0.29 USD","29","sale","Stockholm 2021 Champions Autograph Capsule","730","2","24968538820","143865972","4630203228","2","24968538820"
"Stockholm 2021 Champions Autograph Capsule","Counter-Strike 2","21 Feb","21 Feb","$0.29 USD","29","sale","Stockholm 2021 Champions Autograph Capsule","730","2","24968538939","143865972","4630203228","2","24968538939"
"Stockholm 2021 Champions Autograph Capsule","Counter-Strike 2","21 Feb","21 Feb","$0.29 USD","29","sale","Stockholm 2021 Champions Autograph Capsule","730","2","24968539021","143865972","4630203228","2","24968539021"
"Stockholm 2021 Champions Autograph Capsule","Counter-Strike 2","21 Feb","21 Feb","$0.29 USD","29","sale","Stockholm 2021 Champions Autograph Capsule","730","2","24968539111","143865972","4630203228","2","24968539111"
"Stockholm 2021 Champions Autograph Capsule","Counter-Strike 2","21 Feb","21 Feb","$0.29 USD","29","sale","Stockholm 2021 Champions Autograph Capsule","730","2","24968539201","143865972","4630203228","2","24968539201"
"Stockholm 2021 Champions Autograph Capsule","Counter-Strike 2","21 Feb","21 Feb","$0.29 USD","29","sale","Stockholm 2021 Champions Autograph Capsule","730","2","24968539287","143865972","4630203228","2","24968539287"
"Stockholm 2021 Champions Autograph Capsule","Counter-Strike 2","21 Feb","21 Feb","$0.29 USD","29","sale","Stockholm 2021 Champions Autograph Capsule","730","2","24968539404","143865972","4630203228","2","24968539404"
"Stockholm 2021 Champions Autograph Capsule","Counter-Strike 2","21 Feb","21 Feb","$0.29 USD","29","sale","Stockholm 2021 Champions Autograph Capsule","730","2","24968539556","143865972","4630203228","2","24968539556"
"Stockholm 2021 Champions Autograph Capsule","Counter-Strike 2","21 Feb","21 Feb","$0.29 USD","29","sale","Stockholm 2021 Champions Autograph Capsule","730","2","24968539633","143865972","4630203228","2","24968539633"
"Stockholm 2021 Champions Autograph Capsule","Counter-Strike 2","20 Feb","21 Feb","$0.30 USD","30","sale","Stockholm 2021 Champions Autograph Capsule","730","2","24329761537","143865972","4630203228","2","24329761537"
"Stockholm 2021 Champions Autograph Capsule","Counter-Strike 2","20 Feb","21 Feb","$0.30 USD","30","sale","Stockholm 2021 Champions Autograph Capsule","730","2","24329762577","143865972","4630203228","2","24329762577"
"Stockholm 2021 Champions Autograph Capsule","Counter-Strike 2","20 Feb","21 Feb","$0.30 USD","30","sale","Stockholm 2021 Champions Autograph Capsule","730","2","24329762049","143865972","4630203228","2","24329762049"
"Stockholm 2021 Champions Autograph Capsule","Counter-Strike 2","20 Feb","21 Feb","$0.30 USD","30","sale","Stockholm 2021 Champions Autograph Capsule","730","2","24329762842","143865972","4630203228","2","24329762842"
"Stockholm 2021 Champions Autograph Capsule","Counter-Strike 2","20 Feb","21 Feb","$0.30 USD","30","sale","Stockholm 2021 Champions Autograph Capsule","730","2","24329760801","143865972","4630203228","2","24329760801"
"Stockholm 2021 Champions Autograph Capsule","Counter-Strike 2","20 Feb","21 Feb","$0.30 USD","30","sale","Stockholm 2021 Champions Autograph Capsule","730","2","24329759187","143865972","4630203228","2","24329759187"
"Stockholm 2021 Champions Autograph Capsule","Counter-Strike 2","20 Feb","21 Feb","$0.30 USD","30","sale","Stockholm 2021 Champions Autograph Capsule","730","2","24329759806","143865972","4630203228","2","24329759806"
"Stockholm 2021 Champions Autograph Capsule","Counter-Strike 2","20 Feb","21 Feb","$0.30 USD","30","sale","Stockholm 2021 Champions Autograph Capsule","730","2","24329760072","143865972","4630203228","2","24329760072"
"Stockholm 2021 Champions Autograph Capsule","Counter-Strike 2","20 Feb","21 Feb","$0.30 USD","30","sale","Stockholm 2021 Champions Autograph Capsule","730","2","24329760327","143865972","4630203228","2","24329760327"
"Stockholm 2021 Champions Autograph Capsule","Counter-Strike 2","20 Feb","21 Feb","$0.30 USD","30","sale","Stockholm 2021 Champions Autograph Capsule","730","2","24329760609","143865972","4630203228","2","24329760609"
"Stockholm 2021 Champions Autograph Capsule","Counter-Strike 2","20 Feb","21 Feb","$0.30 USD","30","sale","Stockholm 2021 Champions Autograph Capsule","730","2","24329761051","143865972","4630203228","2","24329761051"
"Stockholm 2021 Champions Autograph Capsule","Counter-Strike 2","20 Feb","21 Feb","$0.30 USD","30","sale","Stockholm 2021 Champions Autograph Capsule","730","2","24329761313","143865972","4630203228","2","24329761313"
"Stockholm 2021 Champions Autograph Capsule","Counter-Strike 2","20 Feb","21 Feb","$0.30 USD","30","sale","Stockholm 2021 Champions Autograph Capsule","730","2","24329764048","143865972","4630203228","2","24329764048"
"Stockholm 2021 Champions Autograph Capsule","Counter-Strike 2","20 Feb","21 Feb","$0.30 USD","30","sale","Stockholm 2021 Champions Autograph Capsule","730","2","24329763029","143865972","4630203228","2","24329763029"
"Stockholm 2021 Champions Autograph Capsule","Counter-Strike 2","20 Feb","21 Feb","$0.30 USD","30","sale","Stockholm 2021 Champions Autograph Capsule","730","2","24329763226","143865972","4630203228","2","24329763226"
"Stockholm 2021 Champions Autograph Capsule","Counter-Strike 2","20 Feb","21 Feb","$0.30 USD","30","sale","Stockholm 2021 Champions Autograph Capsule","730","2","24329763407","143865972","4630203228","2","24329763407"
"Stockholm 2021 Champions Autograph Capsule","Counter-Strike 2","20 Feb","21 Feb","$0.30 USD","30","sale","Stockholm 2021 Champions Autograph Capsule","730","2","24329763713","143865972","4630203228","2","24329763713"
"Stockholm 2021 Champions Autograph Capsule","Counter-Strike 2","20 Feb","21 Feb","$0.30 USD","30","sale","Stockholm 2021 Champions Autograph Capsule","730","2","24329780168","143865972","4630203228","2","24329780168"
"Stockholm 2021 Champions Autograph Capsule","Counter-Strike 2","20 Feb","21 Feb","$0.30 USD","30","sale","Stockholm 2021 Champions Autograph Capsule","730","2","24329777598","143865972","4630203228","2","24329777598"
"Stockholm 2021 Champions Autograph Capsule","Counter-Strike 2","20 Feb","21 Feb","$0.30 USD","30","sale","Stockholm 2021 Champions Autograph Capsule","730","2","24329779086","143865972","4630203228","2","24329779086"
"Stockholm 2021 Champions Autograph Capsule","Counter-Strike 2","20 Feb","21 Feb","$0.30 USD","30","sale","Stockholm 2021 Champions Autograph Capsule","730","2","24329779288","143865972","4630203228","2","24329779288"
"Stockholm 2021 Champions Autograph Capsule","Counter-Strike 2","20 Feb","21 Feb","$0.30 USD","30","sale","Stockholm 2021 Champions Autograph Capsule","730","2","24329779633","143865972","4630203228","2","24329779633"
"Stockholm 2021 Champions Autograph Capsule","Counter-Strike 2","20 Feb","21 Feb","$0.30 USD","30","sale","Stockholm 2021 Champions Autograph Capsule","730","2","24329778546","143865972","4630203228","2","24329778546"
"Stockholm 2021 Champions Autograph Capsule","Counter-Strike 2","20 Feb","21 Feb","$0.30 USD","30","sale","Stockholm 2021 Champions Autograph Capsule","730","2","24329779879","143865972","4630203228","2","24329779879"
"Stockholm 2021 Champions Autograph Capsule","Counter-Strike 2","20 Feb","21 Feb","$0.30 USD","30","sale","Stockholm 2021 Champions Autograph Capsule","730","2","24329778307","143865972","4630203228","2","24329778307"
"Stockholm 2021 Champions Autograph Capsule","Counter-Strike 2","20 Feb","21 Feb","$0.30 USD","30","sale","Stockholm 2021 Champions Autograph Capsule","730","2","24329774958","143865972","4630203228","2","24329774958"
"Stockholm 2021 Champions Autograph Capsule","Counter-Strike 2","20 Feb","21 Feb","$0.30 USD","30","sale","Stockholm 2021 Champions Autograph Capsule","730","2","24329778809","143865972","4630203228","2","24329778809"
"Stockholm 2021 Champions Autograph Capsule","Counter-Strike 2","20 Feb","21 Feb","$0.30 USD","30","sale","Stockholm 2021 Champions Autograph Capsule","730","2","24329775245","143865972","4630203228","2","24329775245"
"Stockholm 2021 Champions Autograph Capsule","Counter-Strike 2","20 Feb","21 Feb","$0.30 USD","30","sale","Stockholm 2021 Champions Autograph Capsule","730","2","24329775440","143865972","4630203228","2","24329775440"
"Stockholm 2021 Champions Autograph Capsule","Counter-Strike 2","20 Feb","21 Feb","$0.30 USD","30","sale","Stockholm 2021 Champions Autograph Capsule","730","2","24329775805","143865972","4630203228","2","24329775805"
"Stockholm 2021 Champions Autograph Capsule","Counter-Strike 2","20 Feb","21 Feb","$0.30 USD","30","sale","Stockholm 2021 Champions Autograph Capsule","730","2","24329776236","143865972","4630203228","2","24329776236"
"Stockholm 2021 Champions Autograph Capsule","Counter-Strike 2","20 Feb","21 Feb","$0.30 USD","30","sale","Stockholm 2021 Champions Autograph Capsule","730","2","24329776570","143865972","4630203228","2","24329776570"
"Stockholm 2021 Champions Autograph Capsule","Counter-Strike 2","20 Feb","21 Feb","$0.30 USD","30","sale","Stockholm 2021 Champions Autograph Capsule","730","2","24329776800","143865972","4630203228","2","24329776800"
"Stockholm 2021 Champions Autograph Capsule","Counter-Strike 2","20 Feb","21 Feb","$0.30 USD","30","sale","Stockholm 2021 Champions Autograph Capsule","730","2","24329777096","143865972","4630203228","2","24329777096"
"Stockholm 2021 Champions Autograph Capsule","Counter-Strike 2","20 Feb","21 Feb","$0.30 USD","30","sale","Stockholm 2021 Champions Autograph Capsule","730","2","24329773157","143865972","4630203228","2","24329773157"
"Stockholm 2021 Champions Autograph Capsule","Counter-Strike 2","20 Feb","21 Feb","$0.30 USD","30","sale","Stockholm 2021 Champions Autograph Capsule","730","2","24329772460","143865972","4630203228","2","24329772460"
"Stockholm 2021 Champions Autograph Capsule","Counter-Strike 2","20 Feb","21 Feb","$0.30 USD","30","sale","Stockholm 2021 Champions Autograph Capsule","730","2","24329772855","143865972","4630203228","2","24329772855"
"Stockholm 2021 Champions Autograph Capsule","Counter-Strike 2","20 Feb","21 Feb","$0.30 USD","30","sale","Stockholm 2021 Champions Autograph Capsule","730","2","24329773602","143865972","4630203228","2","24329773602"
"Stockholm 2021 Champions Autograph Capsule","Counter-Strike 2","20 Feb","21 Feb","$0.30 USD","30","sale","Stockholm 2021 Champions Autograph Capsule","730","2","24329771830","143865972","4630203228","2","24329771830"
"Stockholm 2021 Champions Autograph Capsule","Counter-Strike 2","20 Feb","21 Feb","$0.30 USD","30","sale","Stockholm 2021 Champions Autograph Capsule","730","2","24329772181","143865972","4630203228","2","24329772181"
"Stockholm 2021 Champions Autograph Capsule","Counter-Strike 2","20 Feb","21 Feb","$0.30 USD","30","sale","Stockholm 2021 Champions Autograph Capsule","730","2","24329774050","143865972","4630203228","2","24329774050"
"Stockholm 2021 Champions Autograph Capsule","Counter-Strike 2","20 Feb","21 Feb","$0.30 USD","30","sale","Stockholm 2021 Champions Autograph Capsule","730","2","24329774639","143865972","4630203228","2","24329774639"
"Stockholm 2021 Champions Autograph Capsule","Counter-Strike 2","20 Feb","21 Feb","$0.30 USD","30","sale","Stockholm 2021 Champions Autograph Capsule","730","2","24329768513","143865972","4630203228","2","24329768513"
"Stockholm 2021 Champions Autograph Capsule","Counter-Strike 2","20 Feb","21 Feb","$0.30 USD","30","sale","Stockholm 2021 Champions Autograph Capsule","730","2","24329769379","143865972","4630203228","2","24329769379"
"Stockholm 2021 Champions Autograph Capsule","Counter-Strike 2","20 Feb","21 Feb","$0.30 USD","30","sale","Stockholm 2021 Champions Autograph Capsule","730","2","24329768877","143865972","4630203228","2","24329768877"
"Stockholm 2021 Champions Autograph Capsule","Counter-Strike 2","20 Feb","21 Feb","$0.30 USD","30","sale","Stockholm 2021 Champions Autograph Capsule","730","2","24329769776","143865972","4630203228","2","24329769776"
"Stockholm 2021 Champions Autograph Capsule","Counter-Strike 2","20 Feb","21 Feb","$0.30 USD","30","sale","Stockholm 2021 Champions Autograph Capsule","730","2","24329770274","143865972","4630203228","2","24329770274"
"Stockholm 2021 Champions Autograph Capsule","Counter-Strike 2","20 Feb","21 Feb","$0.30 USD","30","sale","Stockholm 2021 Champions Autograph Capsule","730","2","24329771227","143865972","4630203228","2","24329771227"
"Stockholm 2021 Champions Autograph Capsule","Counter-Strike 2","20 Feb","21 Feb","$0.30 USD","30","sale","Stockholm 2021 Champions Autograph Capsule","730","2","24329771430","143865972","4630203228","2","24329771430"
"Stockholm 2021 Champions Autograph Capsule","Counter-Strike 2","20 Feb","21 Feb","$0.30 USD","30","sale","Stockholm 2021 Champions Autograph Capsule","730","2","24329770946","143865972","4630203228","2","24329770946"
"Stockholm 2021 Champions Autograph Capsule","Counter-Strike 2","20 Feb","21 Feb","$0.30 USD","30","sale","Stockholm 2021 Champions Autograph Capsule","730","2","24329764411","143865972","4630203228","2","24329764411"
"Stockholm 2021 Champions Autograph Capsule","Counter-Strike 2","20 Feb","21 Feb","$0.30 USD","30","sale","Stockholm 2021 Champions Autograph Capsule","730","2","24329764845","143865972","4630203228","2","24329764845"
"Stockholm 2021 Champions Autograph Capsule","Counter-Strike 2","20 Feb","21 Feb","$0.30 USD","30","sale","Stockholm 2021 Champions Autograph Capsule","730","2","24329765066","143865972","4630203228","2","24329765066"
"Stockholm 2021 Champions Autograph Capsule","Counter-Strike 2","20 Feb","21 Feb","$0.30 USD","30","sale","Stockholm 2021 Champions Autograph Capsule","730","2","24329766096","143865972","4630203228","2","24329766096"
"Stockholm 2021 Champions Autograph Capsule","Counter-Strike 2","20 Feb","21 Feb","$0.30 USD","30","sale","Stockholm 2021 Champions Autograph Capsule","730","2","24329767152","143865972","4630203228","2","24329767152"
"Stockholm 2021 Champions Autograph Capsule","Counter-Strike 2","20 Feb","21 Feb","$0.30 USD","30","sale","Stockholm 2021 Champions Autograph Capsule","730","2","24329766669","143865972","4630203228","2","24329766669"
"Stockholm 2021 Champions Autograph Capsule","Counter-Strike 2","20 Feb","21 Feb","$0.30 USD","30","sale","Stockholm 2021 Champions Autograph Capsule","730","2","24329767650","143865972","4630203228","2","24329767650"
"Stockholm 2021 Champions Autograph Capsule","Counter-Strike 2","20 Feb","21 Feb","$0.30 USD","30","sale","Stockholm 2021 Champions Autograph Capsule","730","2","24329768154","143865972","4630203228","2","24329768154"
"Stockholm 2021 Champions Autograph Capsule","Counter-Strike 2","20 Feb","20 Feb","$0.28 USD","28","sale","Stockholm 2021 Champions Autograph Capsule","730","2","24329757923","143865972","4630203228","2","24329757923"
"Stockholm 2021 Champions Autograph Capsule","Counter-Strike 2","20 Feb","20 Feb","$0.28 USD","28","sale","Stockholm 2021 Champions Autograph Capsule","730","2","24329758422","143865972","4630203228","2","24329758422"
"Stockholm 2021 Champions Autograph Capsule","Counter-Strike 2","20 Feb","20 Feb","$0.28 USD","28","sale","Stockholm 2021 Champions Autograph Capsule","730","2","24329758643","143865972","4630203228","2","24329758643"
"Stockholm 2021 Champions Autograph Capsule","Counter-Strike 2","20 Feb","20 Feb","$0.28 USD","28","sale","Stockholm 2021 Champions Autograph Capsule","730","2","24329755650","143865972","4630203228","2","24329755650"
"Stockholm 2021 Champions Autograph Capsule","Counter-Strike 2","20 Feb","20 Feb","$0.28 USD","28","sale","Stockholm 2021 Champions Autograph Capsule","730","2","24329756527","143865972","4630203228","2","24329756527"
"Stockholm 2021 Champions Autograph Capsule","Counter-Strike 2","20 Feb","20 Feb","$0.28 USD","28","sale","Stockholm 2021 Champions Autograph Capsule","730","2","24329756911","143865972","4630203228","2","24329756911"
"Stockholm 2021 Champions Autograph Capsule","Counter-Strike 2","20 Feb","20 Feb","$0.28 USD","28","sale","Stockholm 2021 Champions Autograph Capsule","730","2","24329758225","143865972","4630203228","2","24329758225"
"Stockholm 2021 Champions Autograph Capsule","Counter-Strike 2","20 Feb","20 Feb","$0.28 USD","28","sale","Stockholm 2021 Champions Autograph Capsule","730","2","24329757593","143865972","4630203228","2","24329757593"
"Stockholm 2021 Champions Autograph Capsule","Counter-Strike 2","20 Feb","20 Feb","$0.28 USD","28","sale","Stockholm 2021 Champions Autograph Capsule","730","2","24329757193","143865972","4630203228","2","24329757193"
"Stockholm 2021 Champions Autograph Capsule","Counter-Strike 2","20 Feb","20 Feb","$0.28 USD","28","sale","Stockholm 2021 Champions Autograph Capsule","730","2","24329755991","143865972","4630203228","2","24329755991"
"Stockholm 2021 Champions Autograph Capsule","Counter-Strike 2","20 Feb","20 Feb","$0.28 USD","28","sale","Stockholm 2021 Champions Autograph Capsule","730","2","24329753441","143865972","4630203228","2","24329753441"
"Stockholm 2021 Champions Autograph Capsule","Counter-Strike 2","20 Feb","20 Feb","$0.28 USD","28","sale","Stockholm 2021 Champions Autograph Capsule","730","2","24329753979","143865972","4630203228","2","24329753979"
"Stockholm 2021 Champions Autograph Capsule","Counter-Strike 2","20 Feb","20 Feb","$0.28 USD","28","sale","Stockholm 2021 Champions Autograph Capsule","730","2","24329754472","143865972","4630203228","2","24329754472"
"Stockholm 2021 Champions Autograph Capsule","Counter-Strike 2","20 Feb","20 Feb","$0.28 USD","28","sale","Stockholm 2021 Champions Autograph Capsule","730","2","24329754656","143865972","4630203228","2","24329754656"
"Stockholm 2021 Champions Autograph Capsule","Counter-Strike 2","20 Feb","20 Feb","$0.28 USD","28","sale","Stockholm 2021 Champions Autograph Capsule","730","2","24329755051","143865972","4630203228","2","24329755051"
"Stockholm 2021 Champions Autograph Capsule","Counter-Strike 2","20 Feb","20 Feb","$0.28 USD","28","sale","Stockholm 2021 Champions Autograph Capsule","730","2","24329754236","143865972","4630203228","2","24329754236"
"Stockholm 2021 Champions Autograph Capsule","Counter-Strike 2","20 Feb","20 Feb","$0.28 USD","28","sale","Stockholm 2021 Champions Autograph Capsule","730","2","24329753071","143865972","4630203228","2","24329753071"
"Stockholm 2021 Champions Autograph Capsule","Counter-Strike 2","20 Feb","20 Feb","$0.28 USD","28","sale","Stockholm 2021 Champions Autograph Capsule","730","2","24329753705","143865972","4630203228","2","24329753705"
"Stockholm 2021 Champions Autograph Capsule","Counter-Strike 2","20 Feb","20 Feb","$0.28 USD","28","sale","Stockholm 2021 Champions Autograph Capsule","730","2","24329758882","143865972","4630203228","2","24329758882"
"Stockholm 2021 Champions Autograph Capsule","Counter-Strike 2","20 Feb","20 Feb","$0.28 USD","28","sale","Stockholm 2021 Champions Autograph Capsule","730","2","24329761784","143865972","4630203228","2","24329761784"
"Stockholm 2021 Ancient Souvenir Package","Counter-Strike 2","17 Feb","17 Feb","$2.80 USD","280","sale","Stockholm 2021 Ancient Souvenir Package","730","2","23841035112","236997301","4636623804","2","23841035112"
"Dreams & Nightmares Case","Counter-Strike 2","16 Feb","16 Feb","$1.28 USD","128","sale","Dreams & Nightmares Case","730","2","24926620792","0","4717330486","2","24926620792"
"Fracture Case","Counter-Strike 2","2 Feb","2 Feb","$0.05 USD","5","sale","Fracture Case","730","2","24413376668","0","3946324730","2","24413376668"
"Danger Zone Case","Counter-Strike 2","2 Feb","2 Feb","$0.05 USD","5","sale","Danger Zone Case","730","2","24780671929","0","3106076656","2","24780671929"
"Danger Zone Case","Counter-Strike 2","2 Feb","2 Feb","$0.05 USD","5","sale","Danger Zone Case","730","2","24780672224","0","3106076656","2","24780672224"
"Danger Zone Case","Counter-Strike 2","2 Feb","2 Feb","$0.05 USD","5","sale","Danger Zone Case","730","2","24780672474","0","3106076656","2","24780672474"
"Danger Zone Case","Counter-Strike 2","2 Feb","2 Feb","$0.05 USD","5","sale","Danger Zone Case","730","2","24780672592","0","3106076656","2","24780672592"
"Danger Zone Case","Counter-Strike 2","2 Feb","2 Feb","$0.05 USD","5","sale","Danger Zone Case","730","2","24780672752","0","3106076656","2","24780672752"
"Danger Zone Case","Counter-Strike 2","2 Feb","2 Feb","$0.05 USD","5","sale","Danger Zone Case","730","2","24780672887","0","3106076656","2","24780672887"
"Danger Zone Case","Counter-Strike 2","2 Feb","2 Feb","$0.05 USD","5","sale","Danger Zone Case","730","2","24780673018","0","3106076656","2","24780673018"
"Danger Zone Case","Counter-Strike 2","2 Feb","2 Feb","$0.05 USD","5","sale","Danger Zone Case","730","2","24780673139","0","3106076656","2","24780673139"
"Danger Zone Case","Counter-Strike 2","2 Feb","2 Feb","$0.05 USD","5","sale","Danger Zone Case","730","2","24780673268","0","3106076656","2","24780673268"
"Danger Zone Case","Counter-Strike 2","2 Feb","2 Feb","$0.05 USD","5","sale","Danger Zone Case","730","2","24780673370","0","3106076656","2","24780673370"
"Danger Zone Case","Counter-Strike 2","2 Feb","2 Feb","$0.05 USD","5","sale","Danger Zone Case","730","2","24780674357","0","3106076656","2","24780674357"
"Danger Zone Case","Counter-Strike 2","2 Feb","2 Feb","$0.05 USD","5","sale","Danger Zone Case","730","2","24780674471","0","3106076656","2","24780674471"
"Danger Zone Case","Counter-Strike 2","2 Feb","2 Feb","$0.05 USD","5","sale","Danger Zone Case","730","2","24780674598","0","3106076656","2","24780674598"
"Danger Zone Case","Counter-Strike 2","2 Feb","2 Feb","$0.05 USD","5","sale","Danger Zone Case","730","2","24780674694","0","3106076656","2","24780674694"
"Prisma Case","Counter-Strike 2","2 Feb","2 Feb","$0.05 USD","5","sale","Prisma Case","730","2","17670643591","0","3213411179","2","17670643591"
"Prisma Case","Counter-Strike 2","2 Feb","2 Feb","$0.05 USD","5","sale","Prisma Case","730","2","17873489708","0","3213411179","2","17873489708"
"Prisma Case","Counter-Strike 2","2 Feb","2 Feb","$0.05 USD","5","sale","Prisma Case","730","2","18960590310","0","3213411179","2","18960590310"
"Prisma Case","Counter-Strike 2","2 Feb","2 Feb","$0.05 USD","5","sale","Prisma Case","730","2","19005360608","0","3213411179","2","19005360608"
"Prisma Case","Counter-Strike 2","2 Feb","2 Feb","$0.05 USD","5","sale","Prisma Case","730","2","19112680508","0","3213411179","2","19112680508"
"Prisma Case","Counter-Strike 2","2 Feb","2 Feb","$0.05 USD","5","sale","Prisma Case","730","2","19420808531","0","3213411179","2","19420808531"
"Prisma Case","Counter-Strike 2","2 Feb","2 Feb","$0.05 USD","5","sale","Prisma Case","730","2","20223805896","0","3213411179","2","20223805896"
"Prisma Case","Counter-Strike 2","2 Feb","2 Feb","$0.05 USD","5","sale","Prisma Case","730","2","21298820731","0","3213411179","2","21298820731"
"Prisma Case","Counter-Strike 2","2 Feb","2 Feb","$0.05 USD","5","sale","Prisma Case","730","2","21591942960","0","3213411179","2","21591942960"
"Prisma Case","Counter-Strike 2","2 Feb","2 Feb","$0.05 USD","5","sale","Prisma Case","730","2","21959283864","0","3213411179","2","21959283864"
"Prisma 2 Case","Counter-Strike 2","2 Feb","2 Feb","$0.03 USD","3","sale","Prisma 2 Case","730","2","18741627790","0","3761545285","2","18741627790"
"Prisma 2 Case","Counter-Strike 2","2 Feb","2 Feb","$0.03 USD","3","sale","Prisma 2 Case","730","2","18953517065","0","3761545285","2","18953517065"
"Prisma 2 Case","Counter-Strike 2","2 Feb","2 Feb","$0.03 USD","3","sale","Prisma 2 Case","730","2","19259447430","0","3761545285","2","19259447430"
"Prisma 2 Case","Counter-Strike 2","2 Feb","2 Feb","$0.03 USD","3","sale","Prisma 2 Case","730","2","19503916374","0","3761545285","2","19503916374"
"Prisma 2 Case","Counter-Strike 2","2 Feb","2 Feb","$0.03 USD","3","sale","Prisma 2 Case","730","2","19688524539","0","3761545285","2","19688524539"
"Prisma 2 Case","Counter-Strike 2","2 Feb","2 Feb","$0.03 USD","3","sale","Prisma 2 Case","730","2","19903102825","0","3761545285","2","19903102825"
"Prisma 2 Case","Counter-Strike 2","2 Feb","2 Feb","$0.03 USD","3","sale","Prisma 2 Case","730","2","20089180318","0","3761545285","2","20089180318"
"Prisma 2 Case","Counter-Strike 2","2 Feb","2 Feb","$0.03 USD","3","sale","Prisma 2 Case","730","2","20151471600","0","3761545285","2","20151471600"
"Prisma 2 Case","Counter-Strike 2","2 Feb","2 Feb","$0.03 USD","3","sale","Prisma 2 Case","730","2","20284589471","0","3761545285","2","20284589471"
"Prisma 2 Case","Counter-Strike 2","2 Feb","2 Feb","$0.03 USD","3","sale","Prisma 2 Case","730","2","20361269780","0","3761545285","2","20361269780"
"Prisma 2 Case","Counter-Strike 2","2 Feb","2 Feb","$0.03 USD","3","sale","Prisma 2 Case","730","2","20483215326","0","3761545285","2","20483215326"
"Prisma 2 Case","Counter-Strike 2","2 Feb","2 Feb","$0.03 USD","3","sale","Prisma 2 Case","730","2","20836194202","0","3761545285","2","20836194202"
"Prisma 2 Case","Counter-Strike 2","2 Feb","2 Feb","$0.03 USD","3","sale","Prisma 2 Case","730","2","21183682908","0","3761545285","2","21183682908"
"Prisma 2 Case","Counter-Strike 2","2 Feb","2 Feb","$0.03 USD","3","sale","Prisma 2 Case","730","2","22736310232","0","3761545285","2","22736310232"
"Prisma 2 Case","Counter-Strike 2","2 Feb","2 Feb","$0.03 USD","3","sale","Prisma 2 Case","730","2","23503717843","0","3761545285","2","23503717843"
"Prisma 2 Case","Counter-Strike 2","2 Feb","2 Feb","$0.03 USD","3","sale","Prisma 2 Case","730","2","24041758741","0","3761545285","2","24041758741"
"Prisma 2 Case","Counter-Strike 2","2 Feb","2 Feb","$0.03 USD","3","sale","Prisma 2 Case","730","2","24254645532","0","3761545285","2","24254645532"
"Snakebite Case","Counter-Strike 2","2 Feb","2 Feb","$0.06 USD","6","sale","Snakebite Case","730","2","23507330971","0","4418618853","2","23507330971"
"Snakebite Case","Counter-Strike 2","2 Feb","2 Feb","$0.06 USD","6","sale","Snakebite Case","730","2","23517930548","0","4418618853","2","23517930548"
"Snakebite Case","Counter-Strike 2","2 Feb","2 Feb","$0.06 USD","6","sale","Snakebite Case","730","2","23697538573","0","4418618853","2","23697538573"
"Fracture Case","Counter-Strike 2","2 Feb","2 Feb","$0.04 USD","4","sale","Fracture Case","730","2","23634357703","0","3946324730","2","23634357703"
"Clutch Case","Counter-Strike 2","2 Feb","2 Feb","$0.13 USD","13","sale","Clutch Case","730","2","24779557836","0","2727227113","2","24779557836"
"Chef d'Escadron Rouchard | Gendarmerie Nationale","Counter-Strike 2","1 Feb","2 Feb","$3.15 USD","315","sale","Chef d'Escadron Rouchard | Gendarmerie Nationale","730","2","23792360693","519977179","4578724344","2","23792360693"
"Stockholm 2021 Nuke Souvenir Package","Counter-Strike 2","29 Jan","29 Jan","$2.60 USD","260","sale","Stockholm 2021 Nuke Souvenir Package","730","2","23843398423","236997301","4636623794","2","23843398423"
"Stockholm 2021 Nuke Souvenir Package","Counter-Strike 2","29 Jan","29 Jan","$2.60 USD","260","sale","Stockholm 2021 Nuke Souvenir Package","730","2","23841029203","236997301","4636623794","2","23841029203"
"Fracture Case","Counter-Strike 2","28 Jan","28 Jan","$0.05 USD","5","sale","Fracture Case","730","2","24559400530","0","3946324730","2","24559400530"
"Tec-9 | Sandstorm","Counter-Strike 2","28 Jan","28 Jan","$0.12 USD","12","sale","Tec-9 | Sandstorm (Field-Tested)","730","2","23660132633","188530139","360454763","2","23660132633"
"Finish line","Barro 2020 Trading Card","20 Jan","28 Jan","$0.06 USD","6","purchase","1168660-Finish line","753","6","19776469864","0","4007946107","6","19776558271"
"Finish line","Barro 2020 Trading Card","24 Jan","28 Jan","$0.06 USD","6","purchase","1168660-Finish line","753","6","19146680816","0","4007946107","6","19803952802"
"oops!","Barro 2020 Trading Card","28 Jan","28 Jan","$0.06 USD","6","purchase","1168660-oops!","753","6","19844680707","0","4007946135","6","19852101839"
"oops!","Barro 2020 Trading Card","28 Jan","28 Jan","$0.06 USD","6","purchase","1168660-oops!","753","6","19844680703","0","4007946135","6","19852101830"
"Dizzy","Barro 2020 Trading Card","25 Jan","28 Jan","$0.06 USD","6","purchase","1168660-Dizzy","753","6","19736030231","0","4007946132","6","19816086459"
"Dizzy","Barro 2020 Trading Card","25 Jan","28 Jan","$0.06 USD","6","purchase","1168660-Dizzy","753","6","19758882052","0","4007946132","6","19816086462"
"Not enough space...","Barro 2020 Trading Card","27 Jan","28 Jan","$0.06 USD","6","purchase","1168660-Not enough space...","753","6","19779113562","0","4007946120","6","19838478034"
"Not enough space...","Barro 2020 Trading Card","28 Jan","28 Jan","$0.06 USD","6","purchase","1168660-Not enough space...","753","6","19842462904","0","4007946120","6","19842477626"
"Jump with me!","Barro 2020 Trading Card","24 Jan","28 Jan","$0.06 USD","6","purchase","1168660-Jump with me!","753","6","19793151154","0","4007946106","6","19811023212"
"Jump with me!","Barro 2020 Trading Card","10 Jan","28 Jan","$0.06 USD","6","purchase","1168660-Jump with me!","753","6","19649249587","0","4007946106","6","19661440657"
"Finish line","Barro 2020 Trading Card","24 Jan","28 Jan","$0.06 USD","6","purchase","1168660-Finish line","753","6","19212676340","0","4007946107","6","19803952800"
"oops!","Barro 2020 Trading Card","28 Jan","28 Jan","$0.06 USD","6","purchase","1168660-oops!","753","6","19699309530","0","4007946135","6","19842147536"
"Dizzy","Barro 2020 Trading Card","25 Jan","28 Jan","$0.06 USD","6","purchase","1168660-Dizzy","753","6","19705129253","0","4007946132","6","19816086460"
"Not enough space...","Barro 2020 Trading Card","28 Jan","28 Jan","$0.06 USD","6","purchase","1168660-Not enough space...","753","6","19699309513","0","4007946120","6","19842147498"
"Jump with me!","Barro 2020 Trading Card","21 Jan","28 Jan","$0.06 USD","6","purchase","1168660-Jump with me!","753","6","19736220442","0","4007946106","6","19784804992"
"Finish line","Barro 2020 Trading Card","11 Jan","28 Jan","$0.06 USD","6","purchase","1168660-Finish line","753","6","19679853115","0","4007946107","6","19680596051"
"oops!","Barro 2020 Trading Card","28 Jan","28 Jan","$0.06 USD","6","purchase","1168660-oops!","753","6","19841988096","0","4007946135","6","19842058676"
"Dizzy","Barro 2020 Trading Card","18 Jan","28 Jan","$0.06 USD","6","purchase","1168660-Dizzy","753","6","19757745728","0","4007946132","6","19757745787"
"Not enough space...","Barro 2020 Trading Card","27 Jan","28 Jan","$0.06 USD","6","purchase","1168660-Not enough space...","753","6","19659399905","0","4007946120","6","19839150401"
"Jump with me!","Barro 2020 Trading Card","25 Jan","28 Jan","$0.06 USD","6","purchase","1168660-Jump with me!","753","6","19762154974","0","4007946106","6","19816084531"
"Finish line","Barro 2020 Trading Card","9 Jan","28 Jan","$0.06 USD","6","purchase","1168660-Finish line","753","6","19590862764","0","4007946107","6","19648918636"
"oops!","Barro 2020 Trading Card","28 Jan","28 Jan","$0.06 USD","6","purchase","1168660-oops!","753","6","19840862605","0","4007946135","6","19841638829"
"Not enough space...","Barro 2020 Trading Card","27 Jan","28 Jan","$0.06 USD","6","purchase","1168660-Not enough space...","753","6","15109303790","0","4007946120","6","19833372352"
"Jump with me!","Barro 2020 Trading Card","24 Jan","28 Jan","$0.06 USD","6","purchase","1168660-Jump with me!","753","6","19611641629","0","4007946106","6","19811832481"
"Dizzy","Barro 2020 Trading Card","28 Jan","28 Jan","$0.05 USD","5","purchase","1168660-Dizzy","753","6","19834275332","0","4007946132","6","19852131955"
"VR Game of the Year (Trading Card)","The Steam Awards - 2021 Trading Card","30 Dec","28 Jan","$0.05 USD","5","purchase","1797760-VR Game of the Year (Trading Card)","753","6","19392376148","0","4681814429","6","19399285175"
"Best Game You Suck At (Trading Card)","The Steam Awards - 2021 Trading Card","28 Jan","28 Jan","$0.04 USD","4","purchase","1797760-Best Game You Suck At (Trading Card)","753","6","19206024264","0","4681814421","6","19852170609"
"Outstanding Story-Rich Game","The Steam Awards - 2021 Trading Card","31 Dec","28 Jan","$0.05 USD","5","purchase","1797760-Outstanding Story-Rich Game","753","6","19425434188","0","4681814440","6","19429124098"
"Best Soundtrack (Trading Card)","The Steam Awards - 2021 Trading Card","30 Dec","28 Jan","$0.05 USD","5","purchase","1797760-Best Soundtrack (Trading Card)","753","6","19401206153","0","4681814431","6","19402631038"
"Sit Back and Relax (Trading Card)","The Steam Awards - 2021 Trading Card","29 Dec","28 Jan","$0.05 USD","5","purchase","1797760-Sit Back and Relax (Trading Card)","753","6","19312586347","0","4681814413","6","19375322342"
"Most Innovative Gameplay (Trading Card)","The Steam Awards - 2021 Trading Card","30 Dec","28 Jan","$0.05 USD","5","purchase","1797760-Most Innovative Gameplay (Trading Card)","753","6","19315176294","0","4681814418","6","19387651385"
"Game of the Year (Trading Card)","The Steam Awards - 2021 Trading Card","30 Dec","28 Jan","$0.05 USD","5","purchase","1797760-Game of the Year (Trading Card)","753","6","19395471428","0","4681814411","6","19397162928"
"Better with Friends (Trading Card)","The Steam Awards - 2021 Trading Card","31 Dec","28 Jan","$0.05 USD","5","purchase","1797760-Better with Friends (Trading Card)","753","6","19404528259","0","4681814442","6","19419286305"
"Dreams & Nightmares Case","Counter-Strike 2","25 Jan","25 Jan","$3.75 USD","375","sale","Dreams & Nightmares Case","730","2","24700986362","0","4717330486","2","24700986362"
"Danger Zone Case","Counter-Strike 2","22 Jan","23 Jan","$0.07 USD","7","sale","Danger Zone Case","730","2","24676273993","0","3106076656","2","24676273993"
"Danger Zone Case","Counter-Strike 2","22 Jan","22 Jan","$0.05 USD","5","sale","Danger Zone Case","730","2","23915992061","0","3106076656","2","23915992061"
"Snakebite Case","Counter-Strike 2","22 Jan","22 Jan","$0.07 USD","7","sale","Snakebite Case","730","2","24486023065","0","4418618853","2","24486023065"
"Outstanding Story-Rich Game","The Steam Awards - 2021 Trading Card","30 Dec","21 Jan","$0.05 USD","5","purchase","1797760-Outstanding Story-Rich Game","753","6","19395531964","0","4681814440","6","19401555672"
"Game of the Year (Trading Card)","The Steam Awards - 2021 Trading Card","29 Dec","21 Jan","$0.05 USD","5","purchase","1797760-Game of the Year (Trading Card)","753","6","19361066871","0","4681814411","6","19369440819"
"Clutch Case","Counter-Strike 2","20 Jan","21 Jan","$0.16 USD","16","sale","Clutch Case","730","2","24647715594","0","2727227113","2","24647715594"
"CapSta-7","Capcom Arcade Stadium Trading Card","1 Dec","20 Jan","$0.04 USD","4","purchase","1515950-CapSta-7","753","6","18908914043","0","4446994931","6","18911058056"
"CapSta-6","Capcom Arcade Stadium Trading Card","1 Dec","20 Jan","$0.04 USD","4","purchase","1515950-CapSta-6","753","6","18904306476","0","4446974262","6","18910852654"
"CapSta-5","Capcom Arcade Stadium Trading Card","1 Dec","20 Jan","$0.04 USD","4","purchase","1515950-CapSta-5","753","6","18909856384","0","4446981682","6","18910325074"
"CapSta-4","Capcom Arcade Stadium Trading Card","1 Dec","20 Jan","$0.04 USD","4","purchase","1515950-CapSta-4","753","6","18909003093","0","4446974260","6","18910194799"
"CapSta-3","Capcom Arcade Stadium Trading Card","1 Dec","20 Jan","$0.04 USD","4","purchase","1515950-CapSta-3","753","6","18909038853","0","4446975455","6","18910103795"
"CapSta-2","Capcom Arcade Stadium Trading Card","1 Dec","20 Jan","$0.04 USD","4","purchase","1515950-CapSta-2","753","6","18908955414","0","4446994929","6","18909880980"
"CapSta-1","Capcom Arcade Stadium Trading Card","1 Dec","20 Jan","$0.04 USD","4","purchase","1515950-CapSta-1","753","6","18908983352","0","4446977761","6","18909657415"
"Sack of Gems","Steam Gems","20 Jan","20 Jan","$0.31 USD","31","sale","753-Sack of Gems","753","6","19773483027","0","667933237","6","19773483038"
"Operation Riptide Case","Counter-Strike 2","18 Jan","20 Jan","$0.47 USD","47","sale","Operation Riptide Case","730","2","24633853094","519977179","4578724859","2","24633853094"
"Operation Riptide Case","Counter-Strike 2","18 Jan","20 Jan","$0.47 USD","47","sale","Operation Riptide Case","730","2","24633852185","519977179","4578724859","2","24633852185"
"Operation Riptide Case","Counter-Strike 2","18 Jan","20 Jan","$0.47 USD","47","sale","Operation Riptide Case","730","2","24633851785","519977179","4578724859","2","24633851785"
"VR Game of the Year (Trading Card)","The Steam Awards - 2021 Trading Card","18 Jan","18 Jan","$0.02 USD","2","sale","1797760-VR Game of the Year (Trading Card)","753","6","19079194461","0","4681814429","6","19750521801"
"Outstanding Story-Rich Game","The Steam Awards - 2021 Trading Card","18 Jan","18 Jan","$0.02 USD","2","sale","1797760-Outstanding Story-Rich Game","753","6","19079715641","0","4681814440","6","19750521798"
"Clutch Case","Counter-Strike 2","16 Jan","16 Jan","$0.15 USD","15","sale","Clutch Case","730","2","24568323162","0","2727227113","2","24568323162"
"Operation Riptide Case","Counter-Strike 2","6 Jan","6 Jan","$0.51 USD","51","sale","Operation Riptide Case","730","2","24429114583","519977179","4578724050","2","24429114583"
"Operation Riptide Case","Counter-Strike 2","6 Jan","6 Jan","$0.50 USD","50","sale","Operation Riptide Case","730","2","24429338134","519977179","4578724050","2","24429338134"
"Operation Riptide Case","Counter-Strike 2","6 Jan","6 Jan","$0.50 USD","50","sale","Operation Riptide Case","730","2","24429337181","519977179","4578724050","2","24429337181"
"Operation Riptide Case","Counter-Strike 2","31 Dec","31 Dec","$0.50 USD","50","sale","Operation Riptide Case","730","2","24369434954","519977179","4578724050","2","24369434954"
"Operation Riptide Case","Counter-Strike 2","31 Dec","31 Dec","$0.50 USD","50","sale","Operation Riptide Case","730","2","24369434264","519977179","4578724050","2","24369434264"
"Operation Riptide Case","Counter-Strike 2","31 Dec","31 Dec","$0.50 USD","50","sale","Operation Riptide Case","730","2","24369433363","519977179","4578724050","2","24369433363"
"Clutch Case","Counter-Strike 2","31 Dec","31 Dec","$0.12 USD","12","sale","Clutch Case","730","2","24336338497","0","2727227113","2","24336338497"
"Best Game You Suck At (Trading Card)","The Steam Awards - 2021 Trading Card","24 Dec","27 Dec","$0.05 USD","5","purchase","1797760-Best Game You Suck At (Trading Card)","753","6","19177426161","0","4681814421","6","19203319322"
"Best Soundtrack (Trading Card)","The Steam Awards - 2021 Trading Card","24 Dec","27 Dec","$0.05 USD","5","purchase","1797760-Best Soundtrack (Trading Card)","753","6","19162200657","0","4681814431","6","19195341145"
"Outstanding Visual Style (Trading Card)","The Steam Awards - 2021 Trading Card","24 Dec","27 Dec","$0.05 USD","5","purchase","1797760-Outstanding Visual Style (Trading Card)","753","6","19113830890","0","4681814438","6","19193398664"
"Sit Back and Relax (Trading Card)","The Steam Awards - 2021 Trading Card","24 Dec","27 Dec","$0.05 USD","5","purchase","1797760-Sit Back and Relax (Trading Card)","753","6","19146691158","0","4681814413","6","19190769283"
"Labor of Love (Trading Card)","The Steam Awards - 2021 Trading Card","24 Dec","27 Dec","$0.05 USD","5","purchase","1797760-Labor of Love (Trading Card)","753","6","19095965863","0","4681814419","6","19189045635"
"Most Innovative Gameplay (Trading Card)","The Steam Awards - 2021 Trading Card","24 Dec","27 Dec","$0.05 USD","5","purchase","1797760-Most Innovative Gameplay (Trading Card)","753","6","19132904050","0","4681814418","6","19185703037"
"Better with Friends (Trading Card)","The Steam Awards - 2021 Trading Card","24 Dec","27 Dec","$0.05 USD","5","purchase","1797760-Better with Friends (Trading Card)","753","6","19188177387","0","4681814442","6","19188626817"
"Best Soundtrack (Trading Card)","The Steam Awards - 2021 Trading Card","24 Dec","27 Dec","$0.05 USD","5","purchase","1797760-Best Soundtrack (Trading Card)","753","6","19096837200","0","4681814431","6","19195344316"
"Better with Friends (Trading Card)","The Steam Awards - 2021 Trading Card","24 Dec","27 Dec","$0.05 USD","5","purchase","1797760-Better with Friends (Trading Card)","753","6","19188177521","0","4681814442","6","19188626795"
"Operation Riptide Case","Counter-Strike 2","26 Dec","26 Dec","$0.49 USD","49","sale","Operation Riptide Case","730","2","24301976923","519977179","4578724050","2","24301976923"
"Operation Riptide Case","Counter-Strike 2","26 Dec","26 Dec","$0.49 USD","49","sale","Operation Riptide Case","730","2","24301978512","519977179","4578724050","2","24301978512"
"Operation Riptide Case","Counter-Strike 2","26 Dec","26 Dec","$0.49 USD","49","sale","Operation Riptide Case","730","2","24301980010","519977179","4578724050","2","24301980010"
"Sit Back and Relax (Trading Card)","The Steam Awards - 2021 Trading Card","23 Dec","23 Dec","$0.06 USD","6","purchase","1797760-Sit Back and Relax (Trading Card)","753","6","19078972021","0","4681814413","6","19079267526"
"Best Game You Suck At (Trading Card)","The Steam Awards - 2021 Trading Card","23 Dec","23 Dec","$0.06 USD","6","purchase","1797760-Best Game You Suck At (Trading Card)","753","6","19076873195","0","4681814421","6","19078937143"
"Operation Riptide Case","Counter-Strike 2","20 Dec","20 Dec","$0.44 USD","44","sale","Operation Riptide Case","730","2","24233813318","519977179","4578724050","2","24233813318"
"Operation Riptide Case","Counter-Strike 2","20 Dec","20 Dec","$0.44 USD","44","sale","Operation Riptide Case","730","2","24233815149","519977179","4578724050","2","24233815149"
"Operation Riptide Case","Counter-Strike 2","20 Dec","20 Dec","$0.44 USD","44","sale","Operation Riptide Case","730","2","24233814173","519977179","4578724050","2","24233814173"
"Operation Riptide Case","Counter-Strike 2","17 Dec","17 Dec","$0.43 USD","43","sale","Operation Riptide Case","730","2","24189582346","519977179","4578724050","2","24189582346"
"Operation Riptide Case","Counter-Strike 2","17 Dec","17 Dec","$0.43 USD","43","sale","Operation Riptide Case","730","2","24189579451","519977179","4578724050","2","24189579451"
"Operation Riptide Case","Counter-Strike 2","17 Dec","17 Dec","$0.43 USD","43","sale","Operation Riptide Case","730","2","24189578011","519977179","4578724050","2","24189578011"
"Operation Riptide Case","Counter-Strike 2","17 Dec","17 Dec","$0.43 USD","43","sale","Operation Riptide Case","730","2","24189576392","519977179","4578724050","2","24189576392"
"Operation Riptide Case","Counter-Strike 2","17 Dec","17 Dec","$0.43 USD","43","sale","Operation Riptide Case","730","2","24189574406","519977179","4578724050","2","24189574406"
"Operation Riptide Case","Counter-Strike 2","17 Dec","17 Dec","$0.43 USD","43","sale","Operation Riptide Case","730","2","24189572336","519977179","4578724050","2","24189572336"
"Operation Riptide Case","Counter-Strike 2","17 Dec","17 Dec","$0.43 USD","43","sale","Operation Riptide Case","730","2","24189569059","519977179","4578724050","2","24189569059"
"Operation Riptide Case","Counter-Strike 2","17 Dec","17 Dec","$0.43 USD","43","sale","Operation Riptide Case","730","2","24189567227","519977179","4578724050","2","24189567227"
"Operation Riptide Case","Counter-Strike 2","17 Dec","17 Dec","$0.43 USD","43","sale","Operation Riptide Case","730","2","24189565636","519977179","4578724050","2","24189565636"
"Operation Riptide Case","Counter-Strike 2","17 Dec","17 Dec","$0.43 USD","43","sale","Operation Riptide Case","730","2","24189563917","519977179","4578724050","2","24189563917"
"Operation Riptide Case","Counter-Strike 2","17 Dec","17 Dec","$0.43 USD","43","sale","Operation Riptide Case","730","2","24189570601","519977179","4578724050","2","24189570601"
"Operation Riptide Case","Counter-Strike 2","17 Dec","17 Dec","$0.43 USD","43","sale","Operation Riptide Case","730","2","24189580918","519977179","4578724050","2","24189580918"
"FAMAS | Sergeant","Counter-Strike 2","13 Dec","13 Dec","$0.85 USD","85","sale","FAMAS | Sergeant (Well-Worn)","730","2","24205721476","480085569","360475617","2","24205721476"
"Sticker | electroNic (Holo) | Stockholm 2021","Counter-Strike 2","10 Dec","10 Dec","$0.05 USD","5","sale","Sticker | electroNic (Holo) | Stockholm 2021","730","2","24205710974","188530139","4658760854","2","24205710974"
"IDF","Counter-Strike 2 Trading Card","9 Dec","9 Dec","$0.02 USD","2","sale","730-IDF","753","6","18949996122","0","149750877","6","18975988598"
"IDF","Counter-Strike 2 Trading Card","9 Dec","9 Dec","$0.02 USD","2","sale","730-IDF","753","6","18945608767","0","149750877","6","18975988588"
"Anarchist","Counter-Strike 2 Trading Card","9 Dec","9 Dec","$0.01 USD","1","sale","730-Anarchist","753","6","18951395393","0","149757868","6","18975988581"
"FBI","Counter-Strike 2 Trading Card","9 Dec","9 Dec","$0.02 USD","2","sale","730-FBI","753","6","18959638621","0","149754772","6","18975988585"
"Balkan","Counter-Strike 2 Trading Card","9 Dec","9 Dec","$0.01 USD","1","sale","730-Balkan","753","6","18960632334","0","149748025","6","18975988583"
"Fracture Case","Counter-Strike 2","9 Dec","9 Dec","$0.04 USD","4","sale","Fracture Case","730","2","24165452950","0","3946324730","2","24165452950"
"Fracture Case","Counter-Strike 2","9 Dec","9 Dec","$0.04 USD","4","sale","Fracture Case","730","2","23764348069","0","3946324730","2","23764348069"
"Fracture Case","Counter-Strike 2","9 Dec","9 Dec","$0.02 USD","2","sale","Fracture Case","730","2","23828785729","0","3946324730","2","23828785729"
"Fracture Case","Counter-Strike 2","9 Dec","9 Dec","$0.02 USD","2","sale","Fracture Case","730","2","23973013042","0","3946324730","2","23973013042"
"UMP-45 | Gunsmoke","Counter-Strike 2","14 Nov","14 Nov","$0.07 USD","7","sale","UMP-45 | Gunsmoke (Field-Tested)","730","2","19284526749","302028390","310777872","2","19284526749"
"Horizon Case","Counter-Strike 2","14 Nov","14 Nov","$0.06 USD","6","sale","Horizon Case","730","2","16750883156","0","2948874694","2","16750883156"
"Horizon Case","Counter-Strike 2","14 Nov","14 Nov","$0.06 USD","6","sale","Horizon Case","730","2","16830861167","0","2948874694","2","16830861167"
"Clutch Case","Counter-Strike 2","14 Nov","14 Nov","$0.11 USD","11","sale","Clutch Case","730","2","23575705701","0","2727227113","2","23575705701"
"SWAT","Counter-Strike 2 Trading Card","9 Nov","9 Nov","$0.02 USD","2","sale","730-SWAT","753","6","18383184263","0","149750036","6","18739422045"
"IDF","Counter-Strike 2 Trading Card","9 Nov","9 Nov","$0.02 USD","2","sale","730-IDF","753","6","18383789518","0","149750877","6","18739422043"
"FBI","Counter-Strike 2 Trading Card","9 Nov","9 Nov","$0.02 USD","2","sale","730-FBI","753","6","18594706849","0","149754772","6","18739422040"
"Balkan","Counter-Strike 2 Trading Card","9 Nov","9 Nov","$0.02 USD","2","sale","730-Balkan","753","6","18592795968","0","149748025","6","18739422038"
"Dual Berettas | Stained","Counter-Strike 2","20 Oct","20 Oct","$0.08 USD","8","sale","Dual Berettas | Stained (Field-Tested)","730","2","23492857135","480085569","310777288","2","23492857135"
"Desert Eagle | Mudder","Counter-Strike 2","20 Oct","20 Oct","$0.08 USD","8","sale","Desert Eagle | Mudder (Field-Tested)","730","2","23492854653","480085569","310777314","2","23492854653"
"P2000 | Urban Hazard","Counter-Strike 2","14 Sep","20 Oct","$0.07 USD","7","purchase","P2000 | Urban Hazard (Battle-Scarred)","730","2","23334577590","188530139","4563127678","2","23334577590"
"P2000 | Urban Hazard","Counter-Strike 2","13 Sep","20 Oct","$0.07 USD","7","purchase","P2000 | Urban Hazard (Battle-Scarred)","730","2","23333470995","188530139","4563127678","2","23333470995"
"P2000 | Urban Hazard","Counter-Strike 2","13 Sep","20 Oct","$0.07 USD","7","purchase","P2000 | Urban Hazard (Battle-Scarred)","730","2","23333396133","188530139","4563127678","2","23333396133"
"P2000 | Urban Hazard","Counter-Strike 2","13 Sep","20 Oct","$0.07 USD","7","purchase","P2000 | Urban Hazard (Battle-Scarred)","730","2","23333441134","188530139","4563127678","2","23333441134"
"P2000 | Urban Hazard","Counter-Strike 2","13 Sep","20 Oct","$0.07 USD","7","purchase","P2000 | Urban Hazard (Battle-Scarred)","730","2","23333194559","188530139","4563127678","2","23333194559"
"P2000 | Urban Hazard","Counter-Strike 2","13 Sep","20 Oct","$0.07 USD","7","purchase","P2000 | Urban Hazard (Battle-Scarred)","730","2","23332715497","188530139","4563127678","2","23332715497"
"P2000 | Urban Hazard","Counter-Strike 2","13 Sep","20 Oct","$0.07 USD","7","purchase","P2000 | Urban Hazard (Battle-Scarred)","730","2","23332118288","188530139","4563127678","2","23332118288"
"P2000 | Urban Hazard","Counter-Strike 2","13 Sep","20 Oct","$0.07 USD","7","purchase","P2000 | Urban Hazard (Battle-Scarred)","730","2","23331675557","188530139","4563127678","2","23331675557"
"P2000 | Urban Hazard","Counter-Strike 2","13 Sep","20 Oct","$0.07 USD","7","purchase","P2000 | Urban Hazard (Battle-Scarred)","730","2","23331673379","188530139","4563127678","2","23331673379"
"P2000 | Urban Hazard","Counter-Strike 2","13 Sep","20 Oct","$0.07 USD","7","purchase","P2000 | Urban Hazard (Battle-Scarred)","730","2","23331938925","188530139","4563127678","2","23331938925"
"MP9 | Orange Peel","Counter-Strike 2","20 Oct","20 Oct","$0.08 USD","8","sale","MP9 | Orange Peel (Field-Tested)","730","2","23503712193","480085569","310776880","2","23503712193"
"M249 | Midnight Palm","Counter-Strike 2","20 Oct","20 Oct","$0.23 USD","23","sale","M249 | Midnight Palm (Minimal Wear)","730","2","23660172219","480085569","4571593056","2","23660172219"
"Tec-9 | Sandstorm","Counter-Strike 2","18 Oct","20 Oct","$0.15 USD","15","purchase","Tec-9 | Sandstorm (Field-Tested)","730","2","21245024107","188530139","360454763","2","21245024107"
"Tec-9 | Sandstorm","Counter-Strike 2","18 Oct","20 Oct","$0.15 USD","15","purchase","Tec-9 | Sandstorm (Field-Tested)","730","2","21242366691","188530139","360454763","2","21242366691"
"Tec-9 | Sandstorm","Counter-Strike 2","18 Oct","20 Oct","$0.15 USD","15","purchase","Tec-9 | Sandstorm (Field-Tested)","730","2","21242059797","188530139","360454763","2","21242059797"
"Tec-9 | Sandstorm","Counter-Strike 2","18 Oct","20 Oct","$0.15 USD","15","purchase","Tec-9 | Sandstorm (Field-Tested)","730","2","21242033056","188530139","360454763","2","21242033056"
"Tec-9 | Sandstorm","Counter-Strike 2","18 Oct","20 Oct","$0.15 USD","15","purchase","Tec-9 | Sandstorm (Field-Tested)","730","2","21242493796","188530139","360454763","2","21242493796"
"Tec-9 | Sandstorm","Counter-Strike 2","18 Oct","20 Oct","$0.15 USD","15","purchase","Tec-9 | Sandstorm (Field-Tested)","730","2","21242505722","188530139","360454763","2","21242505722"
"Tec-9 | Sandstorm","Counter-Strike 2","18 Oct","20 Oct","$0.15 USD","15","purchase","Tec-9 | Sandstorm (Field-Tested)","730","2","21241966857","188530139","360454763","2","21241966857"
"Tec-9 | Sandstorm","Counter-Strike 2","18 Oct","20 Oct","$0.15 USD","15","purchase","Tec-9 | Sandstorm (Field-Tested)","730","2","21240170749","188530139","360454763","2","21240170749"
"Tec-9 | Sandstorm","Counter-Strike 2","18 Oct","20 Oct","$0.15 USD","15","purchase","Tec-9 | Sandstorm (Field-Tested)","730","2","21242972708","188530139","360454763","2","21242972708"
"Tec-9 | Sandstorm","Counter-Strike 2","18 Oct","20 Oct","$0.15 USD","15","purchase","Tec-9 | Sandstorm (Field-Tested)","730","2","21239972040","188530139","360454763","2","21239972040"
"Operation Riptide Case","Counter-Strike 2","15 Oct","15 Oct","$0.69 USD","69","sale","Operation Riptide Case","730","2","23547213461","519977179","4578724050","2","23547213461"
"Operation Riptide Case","Counter-Strike 2","15 Oct","15 Oct","$0.68 USD","68","sale","Operation Riptide Case","730","2","23547212756","519977179","4578724050","2","23547212756"
"Operation Riptide Case","Counter-Strike 2","15 Oct","15 Oct","$0.68 USD","68","sale","Operation Riptide Case","730","2","23547214031","519977179","4578724050","2","23547214031"
"SG 553 | Army Sheen","Counter-Strike 2","1 Oct","1 Oct","$0.07 USD","7","purchase","SG 553 | Army Sheen (Factory New)","730","2","23502817823","302028390","469449975","2","23502817823"
"SG 553 | Army Sheen","Counter-Strike 2","1 Oct","1 Oct","$0.07 USD","7","purchase","SG 553 | Army Sheen (Factory New)","730","2","23146274876","302028390","469449975","2","23146274876"
"Fracture Case","Counter-Strike 2","1 Oct","1 Oct","$0.05 USD","5","sale","Fracture Case","730","2","23429228057","0","3946324730","2","23429228057"
"MP7 | Prey","Counter-Strike 2","29 Sep","29 Sep","$0.10 USD","10","sale","MP7 | Prey (Factory New)","730","2","23487434337","519977179","4578725971","2","23487434337"
"Snakebite Case","Counter-Strike 2","22 Sep","22 Sep","$0.27 USD","27","sale","Snakebite Case","730","2","23399531067","0","4418618853","2","23399531067"
"Snakebite Case","Counter-Strike 2","22 Sep","22 Sep","$0.27 USD","27","sale","Snakebite Case","730","2","23399531823","0","4418618853","2","23399531823"
"Clutch Case","Counter-Strike 2","22 Sep","22 Sep","$0.16 USD","16","sale","Clutch Case","730","2","22352381797","0","2727227113","2","22352381797"
"Fracture Case","Counter-Strike 2","22 Sep","22 Sep","$0.10 USD","10","sale","Fracture Case","730","2","22444006971","0","3946324730","2","22444006971"
"Fracture Case","Counter-Strike 2","22 Sep","22 Sep","$0.10 USD","10","sale","Fracture Case","730","2","22962800730","0","3946324730","2","22962800730"
"Fracture Case","Counter-Strike 2","22 Sep","22 Sep","$0.10 USD","10","sale","Fracture Case","730","2","22863095399","0","3946324730","2","22863095399"
"Fracture Case","Counter-Strike 2","22 Sep","22 Sep","$0.10 USD","10","sale","Fracture Case","730","2","23012054280","0","3946324730","2","23012054280"
"Fracture Case","Counter-Strike 2","22 Sep","22 Sep","$0.10 USD","10","sale","Fracture Case","730","2","23110488290","0","3946324730","2","23110488290"
"Fracture Case","Counter-Strike 2","22 Sep","22 Sep","$0.10 USD","10","sale","Fracture Case","730","2","23169675082","0","3946324730","2","23169675082"
"Clutch Case","Counter-Strike 2","22 Sep","22 Sep","$0.16 USD","16","sale","Clutch Case","730","2","22808568083","0","2727227113","2","22808568083"
"Clutch Case","Counter-Strike 2","22 Sep","22 Sep","$0.15 USD","15","sale","Clutch Case","730","2","23157861178","0","2727227113","2","23157861178"
"Clutch Case","Counter-Strike 2","22 Sep","22 Sep","$0.15 USD","15","sale","Clutch Case","730","2","22911860387","0","2727227113","2","22911860387"
"Fracture Case","Counter-Strike 2","22 Sep","22 Sep","$0.10 USD","10","sale","Fracture Case","730","2","23355100028","0","3946324730","2","23355100028"
"Snakebite Case","Counter-Strike 2","1 Sep","1 Sep","$0.49 USD","49","sale","Snakebite Case","730","2","23241134800","0","4418618853","2","23241134800"
"Snakebite Case","Counter-Strike 2","31 Aug","31 Aug","$0.49 USD","49","sale","Snakebite Case","730","2","23061915864","0","4418618853","2","23061915864"
"Garrus","Mass Effect™ Legendary Edition Trading Card","28 May","28 May","$0.37 USD","37","sale","1328670-Garrus","753","6","17149607785","0","4433530149","6","17149722885"
"Liara","Mass Effect™ Legendary Edition Trading Card","27 May","27 May","$0.40 USD","40","sale","1328670-Liara","753","6","17149216866","0","4433529870","6","17149362828"
"Mission of San Juan","Shadow of the Tomb Raider Trading Card","27 May","27 May","$0.09 USD","9","purchase","750920-Mission of San Juan","753","6","16359118820","0","3016969084","6","17148683756"
"Cenotes","Shadow of the Tomb Raider Trading Card","18 Apr","27 May","$0.10 USD","10","purchase","750920-Cenotes","753","6","16669558317","0","3016968868","6","16834575914"
"Paititi","Shadow of the Tomb Raider Trading Card","25 May","27 May","$0.10 USD","10","purchase","750920-Paititi","753","6","17071157561","0","3016969017","6","17127989472"
"Kuwaq Yaku","Shadow of the Tomb Raider Trading Card","27 May","27 May","$0.09 USD","9","purchase","750920-Kuwaq Yaku","753","6","16363818394","0","3016969128","6","17148683737"
"Peruvian Jungle","Shadow of the Tomb Raider Trading Card","27 May","27 May","$0.09 USD","9","purchase","750920-Peruvian Jungle","753","6","15817853319","0","3016968875","6","17147820112"
"Cozumel","Shadow of the Tomb Raider Trading Card","27 May","27 May","$0.10 USD","10","purchase","750920-Cozumel","753","6","9117059853","0","3016968974","6","17141953731"
"Cenotes","Shadow of the Tomb Raider Trading Card","17 Apr","27 May","$0.10 USD","10","purchase","750920-Cenotes","753","6","9665213326","0","3016968868","6","16826044199"
"Peruvian Jungle","Shadow of the Tomb Raider Trading Card","27 May","27 May","$0.09 USD","9","purchase","750920-Peruvian Jungle","753","6","15701784702","0","3016968875","6","17147620126"
"Mission of San Juan","Shadow of the Tomb Raider Trading Card","27 May","27 May","$0.09 USD","9","purchase","750920-Mission of San Juan","753","6","16538777564","0","3016969084","6","17148100711"
"Paititi","Shadow of the Tomb Raider Trading Card","25 May","27 May","$0.10 USD","10","purchase","750920-Paititi","753","6","16358854296","0","3016969017","6","17125527472"
"Kuwaq Yaku","Shadow of the Tomb Raider Trading Card","27 May","27 May","$0.09 USD","9","purchase","750920-Kuwaq Yaku","753","6","11073816709","0","3016969128","6","17148650406"
"Cozumel","Shadow of the Tomb Raider Trading Card","27 May","27 May","$0.09 USD","9","purchase","750920-Cozumel","753","6","17129287921","0","3016968974","6","17149029756"
"Mission of San Juan","Shadow of the Tomb Raider Trading Card","27 May","27 May","$0.09 USD","9","purchase","750920-Mission of San Juan","753","6","16538950887","0","3016969084","6","17148100657"
"Cenotes","Shadow of the Tomb Raider Trading Card","27 May","27 May","$0.09 USD","9","purchase","750920-Cenotes","753","6","17148917231","0","3016968868","6","17149099389"
"Paititi","Shadow of the Tomb Raider Trading Card","24 May","27 May","$0.10 USD","10","purchase","750920-Paititi","753","6","17123066765","0","3016969017","6","17124360781"
"Kuwaq Yaku","Shadow of the Tomb Raider Trading Card","27 May","27 May","$0.09 USD","9","purchase","750920-Kuwaq Yaku","753","6","17146339077","0","3016969128","6","17148476096"
"Peruvian Jungle","Shadow of the Tomb Raider Trading Card","27 May","27 May","$0.08 USD","8","purchase","750920-Peruvian Jungle","753","6","16826076213","0","3016968875","6","17149015343"
"Cozumel","Shadow of the Tomb Raider Trading Card","27 May","27 May","$0.09 USD","9","purchase","750920-Cozumel","753","6","16827086546","0","3016968974","6","17148994065"
"Thane","Mass Effect™ Legendary Edition Trading Card","27 May","27 May","$0.38 USD","38","sale","1328670-Thane","753","6","17048240340","0","4433528304","6","17148748757"
"IDF","Counter-Strike 2 Trading Card","25 May","25 May","$0.02 USD","2","sale","730-IDF","753","6","16650068788","0","149750877","6","17125737536"
"IDF","Counter-Strike 2 Trading Card","25 May","25 May","$0.02 USD","2","sale","730-IDF","753","6","15324393430","0","149750877","6","17125737535"
"Russian Home City","Age of Empires III: Definitive Edition Trading Card","16 May","16 May","$0.03 USD","3","sale","933110-Russian Home City","753","6","17061197751","0","4039766218","6","17061217067"
"Inca Home City","Age of Empires III: Definitive Edition Trading Card","16 May","16 May","$0.03 USD","3","sale","933110-Inca Home City","753","6","17061197749","0","4039766214","6","17061209145"
"Aztec Home City","Age of Empires III: Definitive Edition Trading Card","16 May","16 May","$0.03 USD","3","sale","933110-Aztec Home City","753","6","17061197750","0","4039766228","6","17061197808"
"Mission of San Juan","Shadow of the Tomb Raider Trading Card","14 May","14 May","$0.09 USD","9","purchase","750920-Mission of San Juan","753","6","16987768116","0","3016969084","6","17036368523"
"Cenotes","Shadow of the Tomb Raider Trading Card","14 May","14 May","$0.09 USD","9","purchase","750920-Cenotes","753","6","11425045894","0","3016968868","6","17035668979"
"Paititi","Shadow of the Tomb Raider Trading Card","6 May","14 May","$0.10 USD","10","purchase","750920-Paititi","753","6","16845160894","0","3016969017","6","16969867213"
"Kuwaq Yaku","Shadow of the Tomb Raider Trading Card","12 May","14 May","$0.10 USD","10","purchase","750920-Kuwaq Yaku","753","6","9323476140","0","3016969128","6","17018268976"
"Peruvian Jungle","Shadow of the Tomb Raider Trading Card","14 May","14 May","$0.09 USD","9","purchase","750920-Peruvian Jungle","753","6","15255467346","0","3016968875","6","17041109343"
"Cozumel","Shadow of the Tomb Raider Trading Card","12 May","14 May","$0.10 USD","10","purchase","750920-Cozumel","753","6","15286136071","0","3016968974","6","17023325584"
"Mission of San Juan","Shadow of the Tomb Raider Trading Card","14 May","14 May","$0.09 USD","9","purchase","750920-Mission of San Juan","753","6","16989316089","0","3016969084","6","17036368521"
"Paititi","Shadow of the Tomb Raider Trading Card","8 May","14 May","$0.10 USD","10","purchase","750920-Paititi","753","6","16841408703","0","3016969017","6","16987241025"
"Kuwaq Yaku","Shadow of the Tomb Raider Trading Card","11 May","14 May","$0.10 USD","10","purchase","750920-Kuwaq Yaku","753","6","17004971837","0","3016969128","6","17014836667"
"Peruvian Jungle","Shadow of the Tomb Raider Trading Card","14 May","14 May","$0.09 USD","9","purchase","750920-Peruvian Jungle","753","6","15255131812","0","3016968875","6","17041101310"
"Chinese Home City","Age of Empires III: Definitive Edition Trading Card","6 Apr","14 May","$0.07 USD","7","purchase","933110-Chinese Home City","753","6","16677155603","0","4039766199","6","16734332297"
"Russian Home City","Age of Empires III: Definitive Edition Trading Card","14 May","14 May","$0.07 USD","7","purchase","933110-Russian Home City","753","6","16927887855","0","4039766218","6","17035440651"
"Portugese Home City","Age of Empires III: Definitive Edition Trading Card","13 May","14 May","$0.07 USD","7","purchase","933110-Portugese Home City","753","6","16975013145","0","4039766233","6","17031019110"
"Ottoman Home City","Age of Empires III: Definitive Edition Trading Card","6 May","14 May","$0.07 USD","7","purchase","933110-Ottoman Home City","753","6","16901262873","0","4039766202","6","16974199260"
"Lakota Home city","Age of Empires III: Definitive Edition Trading Card","13 May","14 May","$0.07 USD","7","purchase","933110-Lakota Home city","753","6","16952810329","0","4039766229","6","17027653359"
"Indian Home City","Age of Empires III: Definitive Edition Trading Card","14 May","14 May","$0.07 USD","7","purchase","933110-Indian Home City","753","6","16512604186","0","4039766236","6","17034100079"
"Inca Home City","Age of Empires III: Definitive Edition Trading Card","13 May","14 May","$0.07 USD","7","purchase","933110-Inca Home City","753","6","16953177151","0","4039766214","6","17031025062"
"French Home City","Age of Empires III: Definitive Edition Trading Card","14 May","14 May","$0.07 USD","7","purchase","933110-French Home City","753","6","14927973566","0","4039766227","6","17033180430"
"British Home City","Age of Empires III: Definitive Edition Trading Card","2 May","14 May","$0.07 USD","7","purchase","933110-British Home City","753","6","16884579589","0","4039766189","6","16939748850"
"Aztec Home City","Age of Empires III: Definitive Edition Trading Card","13 May","14 May","$0.06 USD","6","purchase","933110-Aztec Home City","753","6","16348342474","0","4039766228","6","17029822767"
"Russian Home City","Age of Empires III: Definitive Edition Trading Card","14 May","14 May","$0.07 USD","7","purchase","933110-Russian Home City","753","6","16907857635","0","4039766218","6","17035319168"
"Portugese Home City","Age of Empires III: Definitive Edition Trading Card","13 May","14 May","$0.07 USD","7","purchase","933110-Portugese Home City","753","6","16863141313","0","4039766233","6","17031098911"
"Ottoman Home City","Age of Empires III: Definitive Edition Trading Card","6 May","14 May","$0.07 USD","7","purchase","933110-Ottoman Home City","753","6","16904152589","0","4039766202","6","16973450601"
"Lakota Home city","Age of Empires III: Definitive Edition Trading Card","13 May","14 May","$0.07 USD","7","purchase","933110-Lakota Home city","753","6","16944104193","0","4039766229","6","17027653358"
"Indian Home City","Age of Empires III: Definitive Edition Trading Card","14 May","14 May","$0.07 USD","7","purchase","933110-Indian Home City","753","6","14929872162","0","4039766236","6","17033926502"
"Inca Home City","Age of Empires III: Definitive Edition Trading Card","13 May","14 May","$0.07 USD","7","purchase","933110-Inca Home City","753","6","17029174981","0","4039766214","6","17030868899"
"French Home City","Age of Empires III: Definitive Edition Trading Card","14 May","14 May","$0.07 USD","7","purchase","933110-French Home City","753","6","16968521608","0","4039766227","6","17032742932"
"Chinese Home City","Age of Empires III: Definitive Edition Trading Card","14 May","14 May","$0.06 USD","6","purchase","933110-Chinese Home City","753","6","16986391168","0","4039766199","6","17041011058"
"British Home City","Age of Empires III: Definitive Edition Trading Card","2 May","14 May","$0.07 USD","7","purchase","933110-British Home City","753","6","16887916709","0","4039766189","6","16939713506"
"Aztec Home City","Age of Empires III: Definitive Edition Trading Card","13 May","14 May","$0.06 USD","6","purchase","933110-Aztec Home City","753","6","14927817087","0","4039766228","6","17028042228"
"Russian Home City","Age of Empires III: Definitive Edition Trading Card","14 May","14 May","$0.07 USD","7","purchase","933110-Russian Home City","753","6","14927999708","0","4039766218","6","17033180419"
"Portugese Home City","Age of Empires III: Definitive Edition Trading Card","13 May","14 May","$0.07 USD","7","purchase","933110-Portugese Home City","753","6","17031001277","0","4039766233","6","17031005759"
"Ottoman Home City","Age of Empires III: Definitive Edition Trading Card","6 May","14 May","$0.07 USD","7","purchase","933110-Ottoman Home City","753","6","16901406804","0","4039766202","6","16973450603"
"Lakota Home city","Age of Empires III: Definitive Edition Trading Card","13 May","14 May","$0.07 USD","7","purchase","933110-Lakota Home city","753","6","16943382126","0","4039766229","6","17027653357"
"Indian Home City","Age of Empires III: Definitive Edition Trading Card","13 May","14 May","$0.07 USD","7","purchase","933110-Indian Home City","753","6","16196867976","0","4039766236","6","17031007571"
"Inca Home City","Age of Empires III: Definitive Edition Trading Card","13 May","14 May","$0.07 USD","7","purchase","933110-Inca Home City","753","6","14927874968","0","4039766214","6","17029975726"
"French Home City","Age of Empires III: Definitive Edition Trading Card","13 May","14 May","$0.07 USD","7","purchase","933110-French Home City","753","6","14927931059","0","4039766227","6","17031969752"
"Chinese Home City","Age of Empires III: Definitive Edition Trading Card","14 May","14 May","$0.06 USD","6","purchase","933110-Chinese Home City","753","6","16823932034","0","4039766199","6","17035651904"
"British Home City","Age of Empires III: Definitive Edition Trading Card","1 May","14 May","$0.07 USD","7","purchase","933110-British Home City","753","6","16874242725","0","4039766189","6","16929694588"
"Aztec Home City","Age of Empires III: Definitive Edition Trading Card","13 May","14 May","$0.06 USD","6","purchase","933110-Aztec Home City","753","6","16813549637","0","4039766228","6","17031268692"
"A-Shot","Metro Exodus Trading Card","13 May","14 May","$0.11 USD","11","purchase","412020-A-Shot","753","6","16980060742","0","3187074171","6","17028731500"
"Helsing","Metro Exodus Trading Card","12 May","14 May","$0.12 USD","12","purchase","412020-Helsing","753","6","13006319464","0","3187074544","6","17020012787"
"Tikhar","Metro Exodus Trading Card","12 May","14 May","$0.11 USD","11","purchase","412020-Tikhar","753","6","16974111632","0","3187074601","6","17021631419"
"Kalash","Metro Exodus Trading Card","13 May","14 May","$0.11 USD","11","purchase","412020-Kalash","753","6","16977924514","0","3187074146","6","17028740707"
"Shambler Shotgun","Metro Exodus Trading Card","14 May","14 May","$0.11 USD","11","purchase","412020-Shambler Shotgun","753","6","16964573189","0","3187074473","6","17035352792"
"Bastard-Gun","Metro Exodus Trading Card","14 May","14 May","$0.11 USD","11","purchase","412020-Bastard-Gun","753","6","16983725684","0","3187074249","6","17036521013"
"A-Shot","Metro Exodus Trading Card","13 May","14 May","$0.11 USD","11","purchase","412020-A-Shot","753","6","16980285195","0","3187074171","6","17028731499"
"Helsing","Metro Exodus Trading Card","11 May","14 May","$0.12 USD","12","purchase","412020-Helsing","753","6","16993868533","0","3187074544","6","17017141720"
"Tikhar","Metro Exodus Trading Card","12 May","14 May","$0.11 USD","11","purchase","412020-Tikhar","753","6","16570682562","0","3187074601","6","17020197278"
"Kalash","Metro Exodus Trading Card","13 May","14 May","$0.11 USD","11","purchase","412020-Kalash","753","6","16976509037","0","3187074146","6","17028740705"
"Shambler Shotgun","Metro Exodus Trading Card","14 May","14 May","$0.11 USD","11","purchase","412020-Shambler Shotgun","753","6","16969326103","0","3187074473","6","17035352773"
"Bastard-Gun","Metro Exodus Trading Card","14 May","14 May","$0.11 USD","11","purchase","412020-Bastard-Gun","753","6","16982338214","0","3187074249","6","17036487148"
"A-Shot","Metro Exodus Trading Card","13 May","14 May","$0.11 USD","11","purchase","412020-A-Shot","753","6","16979650557","0","3187074171","6","17028731498"
"Helsing","Metro Exodus Trading Card","11 May","14 May","$0.12 USD","12","purchase","412020-Helsing","753","6","14303945229","0","3187074544","6","17015417737"
"Tikhar","Metro Exodus Trading Card","12 May","14 May","$0.11 USD","11","purchase","412020-Tikhar","753","6","13006118360","0","3187074601","6","17020012660"
"Kalash","Metro Exodus Trading Card","13 May","14 May","$0.11 USD","11","purchase","412020-Kalash","753","6","16977549657","0","3187074146","6","17028740596"
"Shambler Shotgun","Metro Exodus Trading Card","14 May","14 May","$0.11 USD","11","purchase","412020-Shambler Shotgun","753","6","17034625761","0","3187074473","6","17034910820"
"Bastard-Gun","Metro Exodus Trading Card","14 May","14 May","$0.11 USD","11","purchase","412020-Bastard-Gun","753","6","16981094505","0","3187074249","6","17036457929"
"A-Shot","Metro Exodus Trading Card","13 May","14 May","$0.11 USD","11","purchase","412020-A-Shot","753","6","16972758414","0","3187074171","6","17028687300"
"Helsing","Metro Exodus Trading Card","6 May","14 May","$0.12 USD","12","purchase","412020-Helsing","753","6","16975263587","0","3187074544","6","16975859606"
"Tikhar","Metro Exodus Trading Card","12 May","14 May","$0.11 USD","11","purchase","412020-Tikhar","753","6","16986544761","0","3187074601","6","17019299107"
"Kalash","Metro Exodus Trading Card","13 May","14 May","$0.11 USD","11","purchase","412020-Kalash","753","6","16977857291","0","3187074146","6","17028740597"
"Bastard-Gun","Metro Exodus Trading Card","14 May","14 May","$0.11 USD","11","purchase","412020-Bastard-Gun","753","6","17034606635","0","3187074249","6","17034648029"
"A-Shot","Metro Exodus Trading Card","13 May","14 May","$0.11 USD","11","purchase","412020-A-Shot","753","6","16975830810","0","3187074171","6","17028684064"
"Helsing","Metro Exodus Trading Card","13 May","14 May","$0.12 USD","12","purchase","412020-Helsing","753","6","15998197625","0","3187074544","6","16909826323"
"Kalash","Metro Exodus Trading Card","13 May","14 May","$0.11 USD","11","purchase","412020-Kalash","753","6","16977207253","0","3187074146","6","17028740600"
"Bastard-Gun","Metro Exodus Trading Card","14 May","14 May","$0.11 USD","11","purchase","412020-Bastard-Gun","753","6","16976221223","0","3187074249","6","17033091185"
"Russian Home City","Age of Empires III: Definitive Edition Trading Card","14 May","14 May","$0.06 USD","6","purchase","933110-Russian Home City","753","6","17033272937","0","4039766218","6","17033601542"
"Portugese Home City","Age of Empires III: Definitive Edition Trading Card","14 May","14 May","$0.06 USD","6","purchase","933110-Portugese Home City","753","6","16443330359","0","4039766233","6","17034112844"
"Ottoman Home City","Age of Empires III: Definitive Edition Trading Card","5 May","14 May","$0.07 USD","7","purchase","933110-Ottoman Home City","753","6","15059524908","0","4039766202","6","16964944785"
"Lakota Home city","Age of Empires III: Definitive Edition Trading Card","13 May","14 May","$0.07 USD","7","purchase","933110-Lakota Home city","753","6","16941598733","0","4039766229","6","17027653356"
"Inca Home City","Age of Empires III: Definitive Edition Trading Card","13 May","14 May","$0.07 USD","7","purchase","933110-Inca Home City","753","6","14945814753","0","4039766214","6","17025790715"
"French Home City","Age of Empires III: Definitive Edition Trading Card","13 May","14 May","$0.07 USD","7","purchase","933110-French Home City","753","6","17027035327","0","4039766227","6","17031603198"
"Chinese Home City","Age of Empires III: Definitive Edition Trading Card","14 May","14 May","$0.06 USD","6","purchase","933110-Chinese Home City","753","6","14927878956","0","4039766199","6","17034001185"
"British Home City","Age of Empires III: Definitive Edition Trading Card","13 May","14 May","$0.07 USD","7","purchase","933110-British Home City","753","6","14927874915","0","4039766189","6","17029975732"
"Aztec Home City","Age of Empires III: Definitive Edition Trading Card","13 May","14 May","$0.06 USD","6","purchase","933110-Aztec Home City","753","6","16813254623","0","4039766228","6","17031268674"
"Portugese Home City","Age of Empires III: Definitive Edition Trading Card","14 May","14 May","$0.06 USD","6","purchase","933110-Portugese Home City","753","6","17033581341","0","4039766233","6","17033601511"
"Ottoman Home City","Age of Empires III: Definitive Edition Trading Card","2 May","14 May","$0.07 USD","7","purchase","933110-Ottoman Home City","753","6","15817133379","0","4039766202","6","16943019229"
"Lakota Home city","Age of Empires III: Definitive Edition Trading Card","13 May","14 May","$0.07 USD","7","purchase","933110-Lakota Home city","753","6","16556271075","0","4039766229","6","17026633685"
"Inca Home City","Age of Empires III: Definitive Edition Trading Card","12 May","14 May","$0.07 USD","7","purchase","933110-Inca Home City","753","6","17023289862","0","4039766214","6","17024082561"
"French Home City","Age of Empires III: Definitive Edition Trading Card","13 May","14 May","$0.07 USD","7","purchase","933110-French Home City","753","6","17028797259","0","4039766227","6","17030911884"
"Aztec Home City","Age of Empires III: Definitive Edition Trading Card","13 May","14 May","$0.06 USD","6","purchase","933110-Aztec Home City","753","6","16971457689","0","4039766228","6","17029561514"
"Fracture Case","Counter-Strike 2","14 May","14 May","$0.35 USD","35","sale","Fracture Case","730","2","22223449128","0","3946324730","2","22223449128"
"Fracture Case","Counter-Strike 2","1 May","1 May","$0.40 USD","40","sale","Fracture Case","730","2","22092159606","0","3946324730","2","22092159606"
"Clutch Case","Counter-Strike 2","30 Apr","30 Apr","$0.25 USD","25","sale","Clutch Case","730","2","21811630102","0","2727227113","2","21811630102"
"Sticker | Astralis (Holo) | 2020 RMR","Counter-Strike 2","30 Apr","30 Apr","$0.32 USD","32","sale","Sticker | Astralis (Holo) | 2020 RMR","730","2","22065767482","188530139","4413435835","2","22065767482"
"USP-S | Forest Leaves","Counter-Strike 2","30 Apr","30 Apr","$0.10 USD","10","sale","USP-S | Forest Leaves (Field-Tested)","730","2","21906096458","302028390","310777035","2","21906096458"
"Sticker | GODSENT | 2020 RMR","Counter-Strike 2","30 Apr","30 Apr","$0.03 USD","3","sale","Sticker | GODSENT | 2020 RMR","730","2","22065699638","188530139","4413434434","2","22065699638"
"Sticker | G2 | 2020 RMR","Counter-Strike 2","30 Apr","30 Apr","$0.03 USD","3","sale","Sticker | G2 | 2020 RMR","730","2","22065676353","188530139","4413435641","2","22065676353"
"Sticker | G2 (Holo) | 2020 RMR","Counter-Strike 2","30 Apr","30 Apr","$0.15 USD","15","sale","Sticker | G2 (Holo) | 2020 RMR","730","2","22065696519","188530139","4413439768","2","22065696519"
"Sir Bloody Miami Darryl | The Professionals","Counter-Strike 2","1 Apr","1 Apr","$11.05 USD","1105","sale","Sir Bloody Miami Darryl | The Professionals","730","2","21364629371","519977179","4141779073","2","21364629371"
"MAC-10 | Allure","Counter-Strike 2","27 Mar","27 Mar","$1.20 USD","120","sale","MAC-10 | Allure (Minimal Wear)","730","2","21299377880","188530139","4366970726","2","21299377880"
"Tec-9 | Brother","Counter-Strike 2","27 Mar","27 Mar","$0.69 USD","69","sale","Tec-9 | Brother (Well-Worn)","730","2","21299345916","188530139","4366972429","2","21299345916"
"Operation Broken Fang Case","Counter-Strike 2","27 Mar","27 Mar","$0.70 USD","70","sale","Operation Broken Fang Case","730","2","21154063410","519977179","4114525951","2","21154063410"
"Spectrum 2 Case","Counter-Strike 2","27 Mar","27 Mar","$0.14 USD","14","sale","Spectrum 2 Case","730","2","17812252736","0","2521767801","2","17812252736"
"Fracture Case","Counter-Strike 2","27 Mar","27 Mar","$0.50 USD","50","sale","Fracture Case","730","2","20213511382","0","3946324730","2","20213511382"
"Operation Broken Fang Case","Counter-Strike 2","27 Mar","27 Mar","$0.69 USD","69","sale","Operation Broken Fang Case","730","2","21299307307","519977179","4114525951","2","21299307307"
"Operation Broken Fang Case","Counter-Strike 2","27 Mar","27 Mar","$0.69 USD","69","sale","Operation Broken Fang Case","730","2","21299307768","519977179","4114525951","2","21299307768"
"Operation Broken Fang Case","Counter-Strike 2","27 Mar","27 Mar","$0.69 USD","69","sale","Operation Broken Fang Case","730","2","21299308395","519977179","4114525951","2","21299308395"
"Fracture Case","Counter-Strike 2","27 Mar","27 Mar","$0.50 USD","50","sale","Fracture Case","730","2","21279056991","0","3946324730","2","21279056991"
"Clutch Case","Counter-Strike 2","25 Mar","25 Mar","$0.24 USD","24","sale","Clutch Case","730","2","21270096815","0","2727227113","2","21270096815"
"Clutch Case","Counter-Strike 2","25 Mar","25 Mar","$0.24 USD","24","sale","Clutch Case","730","2","21270097004","0","2727227113","2","21270097004"
"Clutch Case","Counter-Strike 2","25 Mar","25 Mar","$0.24 USD","24","sale","Clutch Case","730","2","17882510328","0","2727227113","2","17882510328"
"Clutch Case","Counter-Strike 2","25 Mar","25 Mar","$0.24 USD","24","sale","Clutch Case","730","2","17751000664","0","2727227113","2","17751000664"
"Clutch Case","Counter-Strike 2","25 Mar","25 Mar","$0.24 USD","24","sale","Clutch Case","730","2","18522802178","0","2727227113","2","18522802178"
"Clutch Case","Counter-Strike 2","25 Mar","25 Mar","$0.24 USD","24","sale","Clutch Case","730","2","18567182920","0","2727227113","2","18567182920"
"Clutch Case","Counter-Strike 2","25 Mar","25 Mar","$0.24 USD","24","sale","Clutch Case","730","2","19208606190","0","2727227113","2","19208606190"
"Clutch Case","Counter-Strike 2","25 Mar","25 Mar","$0.24 USD","24","sale","Clutch Case","730","2","19055746088","0","2727227113","2","19055746088"
"Fracture Case","Counter-Strike 2","25 Mar","25 Mar","$0.50 USD","50","sale","Fracture Case","730","2","20742582930","0","3946324730","2","20742582930"
"Fracture Case","Counter-Strike 2","25 Mar","25 Mar","$0.50 USD","50","sale","Fracture Case","730","2","20727663311","0","3946324730","2","20727663311"
"Clutch Case","Counter-Strike 2","25 Mar","25 Mar","$0.24 USD","24","sale","Clutch Case","730","2","19369557403","0","2727227113","2","19369557403"
"Clutch Case","Counter-Strike 2","25 Mar","25 Mar","$0.23 USD","23","sale","Clutch Case","730","2","19584852862","0","2727227113","2","19584852862"
"Clutch Case","Counter-Strike 2","25 Mar","25 Mar","$0.23 USD","23","sale","Clutch Case","730","2","19873048124","0","2727227113","2","19873048124"
"Fracture Case","Counter-Strike 2","25 Mar","25 Mar","$0.50 USD","50","sale","Fracture Case","730","2","20648785393","0","3946324730","2","20648785393"
"Fracture Case","Counter-Strike 2","25 Mar","25 Mar","$0.49 USD","49","sale","Fracture Case","730","2","20554150027","0","3946324730","2","20554150027"
"Sir Bloody Silent Darryl | The Professionals","Counter-Strike 2","25 Mar","25 Mar","$3.30 USD","330","sale","Sir Bloody Silent Darryl | The Professionals","730","2","20719108913","519977179","4141779344","2","20719108913"
"Clutch Case","Counter-Strike 2","25 Mar","25 Mar","$0.22 USD","22","sale","Clutch Case","730","2","21087251845","0","2727227113","2","21087251845"
"Better with Friends","The Steam Awards - 2020 Trading Card","30 Jan","30 Jan","$0.01 USD","1","sale","1465680-Better with Friends","753","6","15473805892","0","4220438981","6","16178097780"
"Nova | Army Sheen","Counter-Strike 2","28 Jan","30 Jan","$0.08 USD","8","sale","Nova | Army Sheen (Minimal Wear)","730","2","20567631690","519977179","4292969029","2","20567631690"
"MP7 | Anodized Navy","Counter-Strike 2","13 Jan","13 Jan","$0.89 USD","89","sale","MP7 | Anodized Navy (Factory New)","730","2","20413349928","302028390","310779279","2","20413349928"
"Balkan","Counter-Strike 2 Trading Card","26 Dec","29 Dec","$0.04 USD","4","sale","730-Balkan","753","6","15322233980","0","149748025","6","15654980461"
"Mission of San Juan","Shadow of the Tomb Raider Trading Card","26 Dec","26 Dec","$0.07 USD","7","sale","750920-Mission of San Juan","753","6","15292331876","0","3016969084","6","15654964782"
"SWAT","Counter-Strike 2 Trading Card","26 Dec","26 Dec","$0.03 USD","3","sale","730-SWAT","753","6","15328943930","0","149750036","6","15654980353"
"VR Game Of The Year","The Steam Awards - 2020 Trading Card","23 Dec","23 Dec","$0.03 USD","3","sale","1465680-VR Game Of The Year","753","6","15485992633","0","4220438980","6","15486393584"
"Game of the Year","The Steam Awards - 2020 Trading Card","23 Dec","23 Dec","$0.02 USD","2","sale","1465680-Game of the Year","753","6","15485961219","0","4220438989","6","15486385105"
"Game of the Year","The Steam Awards - 2020 Trading Card","23 Dec","23 Dec","$0.02 USD","2","sale","1465680-Game of the Year","753","6","15485951232","0","4220438989","6","15486384946"
"Best Soundtrack","The Steam Awards - 2020 Trading Card","23 Dec","23 Dec","$0.03 USD","3","sale","1465680-Best Soundtrack","753","6","15486001133","0","4220438983","6","15486384733"
"Sit Back and Relax","The Steam Awards - 2020 Trading Card","23 Dec","23 Dec","$0.04 USD","4","sale","1465680-Sit Back and Relax","753","6","15486029725","0","4220438988","6","15486384493"
"Outstanding Story-Rich Game","The Steam Awards - 2020 Trading Card","23 Dec","23 Dec","$0.03 USD","3","sale","1465680-Outstanding Story-Rich Game","753","6","15485961420","0","4220438986","6","15486384459"
"Outstanding Visual Style","The Steam Awards - 2020 Trading Card","23 Dec","23 Dec","$0.03 USD","3","sale","1465680-Outstanding Visual Style","753","6","15486038935","0","4220438985","6","15486384362"
"Most Innovative Gameplay","The Steam Awards - 2020 Trading Card","23 Dec","23 Dec","$0.04 USD","4","sale","1465680-Most Innovative Gameplay","753","6","15486047223","0","4220438982","6","15486376397"
"Better with Friends","The Steam Awards - 2020 Trading Card","23 Dec","23 Dec","$0.03 USD","3","sale","1465680-Better with Friends","753","6","15486020352","0","4220438981","6","15486376351"
"Better with Friends","The Steam Awards - 2020 Trading Card","23 Dec","23 Dec","$0.03 USD","3","sale","1465680-Better with Friends","753","6","15485981880","0","4220438981","6","15486376321"
"Yennefer (Foil)","The Witcher 3: Wild Hunt Foil Trading Card","22 Dec","22 Dec","$0.98 USD","98","purchase","292030-Yennefer (Foil)","753","6","15413955440","0","978663597","6","15473421604"
"Triss (Foil)","The Witcher 3: Wild Hunt Foil Trading Card","16 Dec","22 Dec","$1.05 USD","105","purchase","292030-Triss (Foil)","753","6","9435011177","0","978657869","6","15417895545"
"Geralt (Foil)","The Witcher 3: Wild Hunt Foil Trading Card","22 Dec","22 Dec","$0.95 USD","95","purchase","292030-Geralt (Foil)","753","6","15450502178","0","978658884","6","15473222243"
"Eredin (Foil)","The Witcher 3: Wild Hunt Foil Trading Card","22 Dec","22 Dec","$0.97 USD","97","purchase","292030-Eredin (Foil)","753","6","15468804628","0","978661264","6","15472683855"
"Ciri (Foil)","The Witcher 3: Wild Hunt Foil Trading Card","22 Dec","22 Dec","$1.39 USD","139","purchase","292030-Ciri (Foil)","753","6","15386567479","0","978652702","6","15473413458"
"Dandelion (Foil Trading Card)","The Witcher 3: Wild Hunt Foil Trading Card","22 Dec","22 Dec","$0.84 USD","84","purchase","292030-Dandelion (Foil Trading Card)","753","6","6242681912","0","978658154","6","15473396459"
"6th Street","Cyberpunk 2077 Trading Card","18 Dec","18 Dec","$0.25 USD","25","sale","1091500-6th Street","753","6","15391057735","0","4127253439","6","15433743480"
"6th Street","Cyberpunk 2077 Trading Card","18 Dec","18 Dec","$0.25 USD","25","sale","1091500-6th Street","753","6","15403817589","0","4127253439","6","15433743482"
"6th Street","Cyberpunk 2077 Trading Card","18 Dec","18 Dec","$0.25 USD","25","sale","1091500-6th Street","753","6","15403817590","0","4127253439","6","15433743468"
"Animals","Cyberpunk 2077 Trading Card","18 Dec","18 Dec","$0.19 USD","19","sale","1091500-Animals","753","6","15422902581","0","4127253315","6","15433743500"
"6th Street","Cyberpunk 2077 Trading Card","18 Dec","18 Dec","$0.25 USD","25","sale","1091500-6th Street","753","6","15422902580","0","4127253439","6","15433743466"
"Voodoo Boys","Cyberpunk 2077 Trading Card","18 Dec","18 Dec","$0.19 USD","19","sale","1091500-Voodoo Boys","753","6","15391057733","0","4127253521","6","15433743509"
"Voodoo Boys","Cyberpunk 2077 Trading Card","18 Dec","18 Dec","$0.19 USD","19","sale","1091500-Voodoo Boys","753","6","15422902579","0","4127253521","6","15433743504"
"Moxes","Cyberpunk 2077 Trading Card","18 Dec","18 Dec","$0.18 USD","18","sale","1091500-Moxes","753","6","15433743443","0","4127253923","6","15433743503"
"Moxes","Cyberpunk 2077 Trading Card","18 Dec","18 Dec","$0.18 USD","18","sale","1091500-Moxes","753","6","15433743444","0","4127253923","6","15433743501"
"Animals","Cyberpunk 2077 Trading Card","18 Dec","18 Dec","$0.19 USD","19","sale","1091500-Animals","753","6","15433743445","0","4127253315","6","15433743499"
"Aldecaldos","Cyberpunk 2077 Trading Card","18 Dec","18 Dec","$0.18 USD","18","sale","1091500-Aldecaldos","753","6","15391057734","0","4127253310","6","15433743497"
"Aldecaldos","Cyberpunk 2077 Trading Card","18 Dec","18 Dec","$0.18 USD","18","sale","1091500-Aldecaldos","753","6","15403817588","0","4127253310","6","15433743494"
"Moxes","Cyberpunk 2077 Trading Card","13 Dec","13 Dec","$0.23 USD","23","sale","1091500-Moxes","753","6","15389461635","0","4127253923","6","15391043624"
"Animals","Cyberpunk 2077 Trading Card","10 Dec","10 Dec","$0.16 USD","16","sale","1091500-Animals","753","6","15362270529","0","4127253315","6","15365243619"
"Animals","Cyberpunk 2077 Trading Card","10 Dec","10 Dec","$0.18 USD","18","purchase","1091500-Animals","753","6","15360684051","0","4127253315","6","15361983344"
"Voodoo Boys","Cyberpunk 2077 Trading Card","10 Dec","10 Dec","$0.19 USD","19","purchase","1091500-Voodoo Boys","753","6","15360885386","0","4127253521","6","15361985589"
"Moxes","Cyberpunk 2077 Trading Card","10 Dec","10 Dec","$0.19 USD","19","purchase","1091500-Moxes","753","6","15361619370","0","4127253923","6","15361984805"
"Aldecaldos","Cyberpunk 2077 Trading Card","10 Dec","10 Dec","$0.19 USD","19","purchase","1091500-Aldecaldos","753","6","15360103185","0","4127253310","6","15361985086"
"6th Street","Cyberpunk 2077 Trading Card","10 Dec","10 Dec","$0.20 USD","20","purchase","1091500-6th Street","753","6","15361241295","0","4127253439","6","15361988697"
"6th Street","Cyberpunk 2077 Trading Card","10 Dec","10 Dec","$0.23 USD","23","purchase","1091500-6th Street","753","6","15358773528","0","4127253439","6","15358789543"
"Aldecaldos","Cyberpunk 2077 Trading Card","10 Dec","10 Dec","$0.20 USD","20","purchase","1091500-Aldecaldos","753","6","15360999072","0","4127253310","6","15361969893"
"Moxes","Cyberpunk 2077 Trading Card","10 Dec","10 Dec","$0.20 USD","20","purchase","1091500-Moxes","753","6","15359069397","0","4127253923","6","15361960931"
"Animals","Cyberpunk 2077 Trading Card","10 Dec","10 Dec","$0.20 USD","20","purchase","1091500-Animals","753","6","15359800233","0","4127253315","6","15361944804"
"6th Street","Cyberpunk 2077 Trading Card","10 Dec","10 Dec","$0.20 USD","20","purchase","1091500-6th Street","753","6","15361893075","0","4127253439","6","15361968960"
"Moxes","Cyberpunk 2077 Trading Card","10 Dec","10 Dec","$0.20 USD","20","purchase","1091500-Moxes","753","6","15361307177","0","4127253923","6","15361952677"
"Animals","Cyberpunk 2077 Trading Card","10 Dec","10 Dec","$0.20 USD","20","purchase","1091500-Animals","753","6","15360125699","0","4127253315","6","15361917425"
"Aldecaldos","Cyberpunk 2077 Trading Card","10 Dec","10 Dec","$0.20 USD","20","purchase","1091500-Aldecaldos","753","6","15358580405","0","4127253310","6","15361927903"
"Moxes","Cyberpunk 2077 Trading Card","10 Dec","10 Dec","$0.19 USD","19","purchase","1091500-Moxes","753","6","15356960120","0","4127253923","6","15361960697"
"6th Street","Cyberpunk 2077 Trading Card","10 Dec","10 Dec","$0.19 USD","19","purchase","1091500-6th Street","753","6","15361162347","0","4127253439","6","15361957774"
"Animals","Cyberpunk 2077 Trading Card","10 Dec","10 Dec","$0.19 USD","19","purchase","1091500-Animals","753","6","15360942534","0","4127253315","6","15361958285"
"Aldecaldos","Cyberpunk 2077 Trading Card","10 Dec","10 Dec","$0.19 USD","19","purchase","1091500-Aldecaldos","753","6","15357062140","0","4127253310","6","15361958715"
"Voodoo Boys","Cyberpunk 2077 Trading Card","10 Dec","10 Dec","$0.19 USD","19","purchase","1091500-Voodoo Boys","753","6","15359080047","0","4127253521","6","15361953575"
"Voodoo Boys","Cyberpunk 2077 Trading Card","10 Dec","10 Dec","$0.19 USD","19","purchase","1091500-Voodoo Boys","753","6","15361950341","0","4127253521","6","15361958702"
"Voodoo Boys","Cyberpunk 2077 Trading Card","10 Dec","10 Dec","$0.19 USD","19","purchase","1091500-Voodoo Boys","753","6","15361684335","0","4127253521","6","15361956255"
"Animals","Cyberpunk 2077 Trading Card","10 Dec","10 Dec","$0.19 USD","19","purchase","1091500-Animals","753","6","15361885406","0","4127253315","6","15361932204"
"Voodoo Boys","Cyberpunk 2077 Trading Card","10 Dec","10 Dec","$0.19 USD","19","purchase","1091500-Voodoo Boys","753","6","15357438815","0","4127253521","6","15361924108"
"Moxes","Cyberpunk 2077 Trading Card","10 Dec","10 Dec","$0.18 USD","18","purchase","1091500-Moxes","753","6","15360955296","0","4127253923","6","15361924880"
"Aldecaldos","Cyberpunk 2077 Trading Card","10 Dec","10 Dec","$0.18 USD","18","purchase","1091500-Aldecaldos","753","6","15360156431","0","4127253310","6","15361930942"
"6th Street","Cyberpunk 2077 Trading Card","10 Dec","10 Dec","$0.19 USD","19","purchase","1091500-6th Street","753","6","15358640406","0","4127253439","6","15361927518"
"5 Sack of Gems","Steam Gems","8 Dec","10 Dec","$2.05 USD","205","purchase","753-Sack of Gems","753","6","15344879638","0","667933237","6","15344899773"
"Voodoo Boys","Cyberpunk 2077 Trading Card","10 Dec","10 Dec","$0.16 USD","16","sale","1091500-Voodoo Boys","753","6","15361329883","0","4127253521","6","15361338478"
"Aldecaldos","Cyberpunk 2077 Trading Card","10 Dec","10 Dec","$0.14 USD","14","sale","1091500-Aldecaldos","753","6","15361329882","0","4127253310","6","15361338475"
"Aldecaldos","Cyberpunk 2077 Trading Card","10 Dec","10 Dec","$0.14 USD","14","sale","1091500-Aldecaldos","753","6","15361329884","0","4127253310","6","15361338473"
"Animals","Cyberpunk 2077 Trading Card","10 Dec","10 Dec","$0.13 USD","13","sale","1091500-Animals","753","6","15361177336","0","4127253315","6","15361329709"
"Operation Broken Fang Premium Pass","Counter-Strike 2","6 Dec","6 Dec","$14.00 USD","1400","sale","Operation Broken Fang Premium Pass","730","2","20059949664","143865972","4116940208","2","20059949664"
"Bio-Haz Specialist | SWAT","Counter-Strike 2","5 Dec","5 Dec","$2.30 USD","230","sale","Bio-Haz Specialist | SWAT","730","2","20058336638","519977179","4116943434","2","20058336638"
"MP7 | Vault Heist","Counter-Strike 2","5 Dec","5 Dec","$0.45 USD","45","sale","MP7 | Vault Heist (Field-Tested)","730","2","20056163280","519977179","4116948830","2","20056163280"
"Operation Broken Fang Case","Counter-Strike 2","5 Dec","5 Dec","$0.85 USD","85","sale","Operation Broken Fang Case","730","2","20056067572","519977179","4116940143","2","20056067572"
"FBI","Counter-Strike 2 Trading Card","5 Dec","5 Dec","$0.04 USD","4","sale","730-FBI","753","6","15315115643","0","149754772","6","15315224301"
"Yennefer (Profile Background)","The Witcher 3: Wild Hunt Profile Background","13 Sep","3 Dec","$0.03 USD","3","sale","292030-Yennefer (Profile Background)","753","6","12730657065","0","978666156","6","14731344781"
"CS20 Case","Counter-Strike 2","13 Oct","13 Oct","$0.05 USD","5","sale","CS20 Case","730","2","18247010156","0","3564864937","2","18247010156"
"Clutch Case","Counter-Strike 2","13 Sep","13 Sep","$0.11 USD","11","sale","Clutch Case","730","2","18689502297","0","2727227113","2","18689502297"
"Clutch Case","Counter-Strike 2","13 Sep","13 Sep","$0.11 USD","11","sale","Clutch Case","730","2","19157876415","0","2727227113","2","19157876415"
"Clutch Case","Counter-Strike 2","13 Sep","13 Sep","$0.11 USD","11","sale","Clutch Case","730","2","19327957421","0","2727227113","2","19327957421"
"Clutch Case","Counter-Strike 2","13 Sep","13 Sep","$0.11 USD","11","sale","Clutch Case","730","2","17590806352","0","2727227113","2","17590806352"
"Clutch Case","Counter-Strike 2","13 Sep","13 Sep","$0.11 USD","11","sale","Clutch Case","730","2","17696781572","0","2727227113","2","17696781572"
"Dandelion (Foil Trading Card)","The Witcher 3: Wild Hunt Foil Trading Card","4 Jul","4 Jul","$0.50 USD","50","sale","292030-Dandelion (Foil Trading Card)","753","6","14148659600","0","978658154","6","14148687884"
"StatTrak™ Dual Berettas | Elite 1.6","Counter-Strike 2","4 Jul","4 Jul","$0.15 USD","15","sale","StatTrak™ Dual Berettas | Elite 1.6 (Field-Tested)","730","2","19005765219","188530170","3886730929","2","19005765219"
"Packed RV","Summer Road Trip Trading Card","4 Jul","4 Jul","$0.07 USD","7","purchase","1343890-Packed RV","753","6","14148478141","0","3873502957","6","14148586592"
"Sunset","Summer Road Trip Trading Card","4 Jul","4 Jul","$0.07 USD","7","purchase","1343890-Sunset","753","6","14146067874","0","3873502954","6","14148596101"
"Sea of Thieves","Summer Road Trip Trading Card","2 Jul","4 Jul","$0.08 USD","8","purchase","1343890-Sea of Thieves","753","6","14100432659","0","3873502984","6","14106016954"
"Sekiro","Summer Road Trip Trading Card","4 Jul","4 Jul","$0.07 USD","7","purchase","1343890-Sekiro","753","6","14138956111","0","3873502950","6","14148596141"
"Sightseeing","Summer Road Trip Trading Card","3 Jul","4 Jul","$0.08 USD","8","purchase","1343890-Sightseeing","753","6","14121548569","0","3873502982","6","14123185858"
"Fallout","Summer Road Trip Trading Card","4 Jul","4 Jul","$0.07 USD","7","purchase","1343890-Fallout","753","6","14148525119","0","3873502966","6","14148543542"
"Desert Canyon","Summer Road Trip Trading Card","4 Jul","4 Jul","$0.07 USD","7","purchase","1343890-Desert Canyon","753","6","14143223579","0","3873502970","6","14148600951"
"Borderlands","Summer Road Trip Trading Card","2 Jul","4 Jul","$0.08 USD","8","purchase","1343890-Borderlands","753","6","14100806384","0","3873502993","6","14117840726"
"Half-Life: Alyx","Summer Road Trip Trading Card","4 Jul","4 Jul","$0.07 USD","7","purchase","1343890-Half-Life: Alyx","753","6","14145674029","0","3873503016","6","14148597736"
"MP5-SD | Co-Processor","Counter-Strike 2","6 May","6 May","$0.33 USD","33","sale","MP5-SD | Co-Processor (Field-Tested)","730","2","18549016314","302028390","3035575943","2","18549016314"
"PP-Bizon | Urban Dashed","Counter-Strike 2","23 Dec","6 May","$0.02 USD","2","sale","PP-Bizon | Urban Dashed (Field-Tested)","730","2","17356152821","302028390","310776765","2","17356152821"
"MAC-10 | Candy Apple","Counter-Strike 2","6 May","6 May","$0.11 USD","11","sale","MAC-10 | Candy Apple (Minimal Wear)","730","2","18549273096","302028390","310776718","2","18549273096"
"Sack of Gems","Steam Gems","22 Mar","22 Mar","$0.39 USD","39","purchase","753-Sack of Gems","753","6","13164658804","0","667933237","6","13164664680"
"SCAR-20 | Contractor","Counter-Strike 2","5 Dec","12 Mar","$0.02 USD","2","sale","SCAR-20 | Contractor (Field-Tested)","730","2","16937589634","302028390","310776840","2","16937589634"
"SWAT","Counter-Strike 2 Trading Card","16 Jan","16 Jan","$0.03 USD","3","sale","730-SWAT","753","6","12771569237","0","149750036","6","12775658744"
"Tec-9 | Groundwater","Counter-Strike 2","5 Dec","15 Jan","$0.02 USD","2","sale","Tec-9 | Groundwater (Battle-Scarred)","730","2","17301409076","302028390","310779124","2","17301409076"
"MAG-7 | Popdog","Counter-Strike 2","15 Jan","15 Jan","$0.05 USD","5","sale","MAG-7 | Popdog (Battle-Scarred)","730","2","17578296901","188530139","3669566756","2","17578296901"
"MAC-10 | Classic Crate","Counter-Strike 2","15 Jan","15 Jan","$0.08 USD","8","sale","MAC-10 | Classic Crate (Minimal Wear)","730","2","17578293858","188530139","3669564737","2","17578293858"
"CS20 Case","Counter-Strike 2","15 Jan","15 Jan","$0.19 USD","19","purchase","CS20 Case","730","2","17575888721","0","3564864937","2","17575888721"
"CS20 Case","Counter-Strike 2","15 Jan","15 Jan","$0.19 USD","19","purchase","CS20 Case","730","2","17518509720","0","3564864937","2","17518509720"
"StatTrak™ M4A4 | Magnesium","Counter-Strike 2","15 Jan","15 Jan","$3.66 USD","366","sale","StatTrak™ M4A4 | Magnesium (Minimal Wear)","730","2","17578273307","188530170","3669562931","2","17578273307"
"Glock-18 | Moonrise","Counter-Strike 2","15 Jan","15 Jan","$0.40 USD","40","sale","Glock-18 | Moonrise (Field-Tested)","730","2","17578261644","188530139","3669561567","2","17578261644"
"P90 | Nostalgia","Counter-Strike 2","15 Jan","15 Jan","$3.95 USD","395","sale","P90 | Nostalgia (Field-Tested)","730","2","17578240746","188530139","3669560354","2","17578240746"
"CS20 Case","Counter-Strike 2","15 Jan","15 Jan","$0.19 USD","19","purchase","CS20 Case","730","2","17577472638","0","3669558018","2","17577472638"
"Triss","The Witcher 3: Wild Hunt Trading Card","15 Jan","15 Jan","$0.15 USD","15","sale","292030-Triss","753","6","12769175981","0","978653690","6","12770175213"
"Eredin","The Witcher 3: Wild Hunt Trading Card","15 Jan","15 Jan","$0.13 USD","13","sale","292030-Eredin","753","6","12761504928","0","978654490","6","12769175972"
"Eredin","The Witcher 3: Wild Hunt Trading Card","15 Jan","15 Jan","$0.13 USD","13","sale","292030-Eredin","753","6","12743980680","0","978654490","6","12769175968"
"Dandelion (Trading Card)","The Witcher 3: Wild Hunt Trading Card","15 Jan","15 Jan","$0.14 USD","14","sale","292030-Dandelion (Trading Card)","753","6","12743980681","0","978652730","6","12769175964"
"Triss","The Witcher 3: Wild Hunt Trading Card","15 Jan","15 Jan","$0.15 USD","15","sale","292030-Triss","753","6","12761504930","0","978653690","6","12769175991"
"Yennefer","The Witcher 3: Wild Hunt Trading Card","15 Jan","15 Jan","$0.12 USD","12","sale","292030-Yennefer","753","6","12761504929","0","978653066","6","12769175999"
"Spectrum 2 Case","Counter-Strike 2","7 Jan","14 Jan","$0.01 USD","1","sale","Spectrum 2 Case","730","2","17445150574","0","2521767801","2","17445150574"
"Outstanding Visual Style (Trading Card)","The Steam Awards - 2019 Trading Card","29 Dec","10 Jan","$0.05 USD","5","purchase","1195670-Outstanding Visual Style (Trading Card)","753","6","12531406394","0","3633286731","6","12537545089"
"Labor of Love","The Steam Awards - 2019 Trading Card","29 Dec","10 Jan","$0.05 USD","5","purchase","1195670-Labor of Love","753","6","12533241403","0","3633286724","6","12539816395"
"Outstanding Story-Rich (Trading Card)","The Steam Awards - 2019 Trading Card","29 Dec","10 Jan","$0.05 USD","5","purchase","1195670-Outstanding Story-Rich (Trading Card)","753","6","12541589010","0","3633286727","6","12550630131"
"Most Innovative Gameplay (Trading Card)","The Steam Awards - 2019 Trading Card","29 Dec","10 Jan","$0.05 USD","5","purchase","1195670-Most Innovative Gameplay (Trading Card)","753","6","12537770541","0","3633286729","6","12541372026"
"Game of the Year","The Steam Awards - 2019 Trading Card","29 Dec","10 Jan","$0.05 USD","5","purchase","1195670-Game of the Year","753","6","12537524242","0","3633286728","6","12541367621"
"Better with Friends","The Steam Awards - 2019 Trading Card","29 Dec","10 Jan","$0.05 USD","5","purchase","1195670-Better with Friends","753","6","12534300029","0","3633286732","6","12540319080"
"Best Game You Suck At (Trading Card)","The Steam Awards - 2019 Trading Card","29 Dec","10 Jan","$0.05 USD","5","purchase","1195670-Best Game You Suck At (Trading Card)","753","6","12509898772","0","3633286726","6","12539857662"
"VR Game of the Year","The Steam Awards - 2019 Trading Card","29 Dec","10 Jan","$0.05 USD","5","purchase","1195670-VR Game of the Year","753","6","12518735321","0","3633286725","6","12538159483"
"Game of the Year","The Steam Awards - 2019 Trading Card","29 Dec","10 Jan","$0.05 USD","5","purchase","1195670-Game of the Year","753","6","12537524244","0","3633286728","6","12541367605"
"Better with Friends","The Steam Awards - 2019 Trading Card","29 Dec","10 Jan","$0.05 USD","5","purchase","1195670-Better with Friends","753","6","12536547697","0","3633286732","6","12540319078"
"Best Game You Suck At (Trading Card)","The Steam Awards - 2019 Trading Card","29 Dec","10 Jan","$0.05 USD","5","purchase","1195670-Best Game You Suck At (Trading Card)","753","6","12509898818","0","3633286726","6","12539857663"
"VR Game of the Year","The Steam Awards - 2019 Trading Card","29 Dec","10 Jan","$0.05 USD","5","purchase","1195670-VR Game of the Year","753","6","12509951391","0","3633286725","6","12538159484"
"Outstanding Visual Style (Trading Card)","The Steam Awards - 2019 Trading Card","29 Dec","10 Jan","$0.05 USD","5","purchase","1195670-Outstanding Visual Style (Trading Card)","753","6","12531418481","0","3633286731","6","12537545070"
"Labor of Love","The Steam Awards - 2019 Trading Card","29 Dec","10 Jan","$0.05 USD","5","purchase","1195670-Labor of Love","753","6","12534684108","0","3633286724","6","12539816381"
"Best Game You Suck At (Trading Card)","The Steam Awards - 2019 Trading Card","29 Dec","10 Jan","$0.05 USD","5","purchase","1195670-Best Game You Suck At (Trading Card)","753","6","12506160924","0","3633286726","6","12539855128"
"VR Game of the Year","The Steam Awards - 2019 Trading Card","29 Dec","10 Jan","$0.05 USD","5","purchase","1195670-VR Game of the Year","753","6","12519625739","0","3633286725","6","12538144927"
"Outstanding Visual Style (Trading Card)","The Steam Awards - 2019 Trading Card","29 Dec","10 Jan","$0.05 USD","5","purchase","1195670-Outstanding Visual Style (Trading Card)","753","6","12531424216","0","3633286731","6","12537545058"
"Labor of Love","The Steam Awards - 2019 Trading Card","29 Dec","10 Jan","$0.05 USD","5","purchase","1195670-Labor of Love","753","6","12528733617","0","3633286724","6","12539824231"
"Dandelion (Foil Trading Card)","The Witcher 3: Wild Hunt Foil Trading Card","9 Jan","10 Jan","$1.06 USD","106","purchase","292030-Dandelion (Foil Trading Card)","753","6","12626403931","0","978658154","6","12729836623"
"Ciri","The Witcher 3: Wild Hunt Trading Card","10 Jan","10 Jan","$0.19 USD","19","purchase","292030-Ciri","753","6","2023849802","0","978652420","6","12730458305"
"Geralt","The Witcher 3: Wild Hunt Trading Card","9 Jan","10 Jan","$0.19 USD","19","purchase","292030-Geralt","753","6","12632229948","0","978654260","6","12727207180"
"Yennefer","The Witcher 3: Wild Hunt Trading Card","10 Jan","10 Jan","$0.16 USD","16","purchase","292030-Yennefer","753","6","12730670198","0","978653066","6","12730670216"
"Triss","The Witcher 3: Wild Hunt Trading Card","9 Jan","10 Jan","$0.19 USD","19","purchase","292030-Triss","753","6","6683527591","0","978653690","6","12724860198"
"Eredin","The Witcher 3: Wild Hunt Trading Card","10 Jan","10 Jan","$0.15 USD","15","purchase","292030-Eredin","753","6","12439852299","0","978654490","6","12730670714"
"Dandelion (Trading Card)","The Witcher 3: Wild Hunt Trading Card","9 Jan","10 Jan","$0.17 USD","17","purchase","292030-Dandelion (Trading Card)","753","6","10939318777","0","978652730","6","12726803732"
"Eredin","The Witcher 3: Wild Hunt Trading Card","10 Jan","10 Jan","$0.15 USD","15","purchase","292030-Eredin","753","6","12730498720","0","978654490","6","12730655146"
"Yennefer","The Witcher 3: Wild Hunt Trading Card","9 Jan","10 Jan","$0.17 USD","17","purchase","292030-Yennefer","753","6","12661397149","0","978653066","6","12727976070"
"Dandelion (Trading Card)","The Witcher 3: Wild Hunt Trading Card","9 Jan","10 Jan","$0.17 USD","17","purchase","292030-Dandelion (Trading Card)","753","6","12726726114","0","978652730","6","12726785672"
"Triss","The Witcher 3: Wild Hunt Trading Card","9 Jan","10 Jan","$0.19 USD","19","purchase","292030-Triss","753","6","12724038454","0","978653690","6","12724761560"
"Ciri","The Witcher 3: Wild Hunt Trading Card","10 Jan","10 Jan","$0.17 USD","17","purchase","292030-Ciri","753","6","12501544043","0","978652420","6","12730660137"
"Yennefer","The Witcher 3: Wild Hunt Trading Card","9 Jan","10 Jan","$0.17 USD","17","purchase","292030-Yennefer","753","6","12661602368","0","978653066","6","12727976066"
"Eredin","The Witcher 3: Wild Hunt Trading Card","10 Jan","10 Jan","$0.15 USD","15","purchase","292030-Eredin","753","6","12521634870","0","978654490","6","12730660118"
"Dandelion (Trading Card)","The Witcher 3: Wild Hunt Trading Card","9 Jan","10 Jan","$0.17 USD","17","purchase","292030-Dandelion (Trading Card)","753","6","12725989238","0","978652730","6","12725989389"
"Dandelion (Trading Card)","The Witcher 3: Wild Hunt Trading Card","9 Jan","10 Jan","$0.17 USD","17","purchase","292030-Dandelion (Trading Card)","753","6","12725989239","0","978652730","6","12725989387"
"4 Sack of Gems","Steam Gems","8 Jan","9 Jan","$1.20 USD","120","purchase","753-Sack of Gems","753","6","12721442123","0","667933237","6","12722114430"
"AWP | Acheron","Counter-Strike 2","9 Jan","9 Jan","$5.85 USD","585","sale","AWP | Acheron (Factory New)","730","2","17532837208","302028390","3035942725","2","17532837208"
"Better with Friends","The Steam Awards - 2019 Trading Card","7 Jan","7 Jan","$0.02 USD","2","sale","1195670-Better with Friends","753","6","12599174514","0","3633286732","6","12712129008"
"Outstanding Story-Rich (Trading Card)","The Steam Awards - 2019 Trading Card","7 Jan","7 Jan","$0.02 USD","2","sale","1195670-Outstanding Story-Rich (Trading Card)","753","6","12599160186","0","3633286727","6","12712086076"
"MP7 | Army Recon","Counter-Strike 2","7 Jan","7 Jan","$0.01 USD","1","sale","MP7 | Army Recon (Field-Tested)","730","2","16973425104","302028390","310776668","2","16973425104"
"Gamma 2 Case","Counter-Strike 2","7 Jan","7 Jan","$0.01 USD","1","sale","Gamma 2 Case","730","2","17522267360","0","1923037342","2","17522267360"
"G3SG1 | Desert Storm","Counter-Strike 2","7 Jan","7 Jan","$0.01 USD","1","sale","G3SG1 | Desert Storm (Field-Tested)","730","2","17214602655","302028390","310776595","2","17214602655"
"Danger Zone Case","Counter-Strike 2","7 Jan","7 Jan","$0.02 USD","2","sale","Danger Zone Case","730","2","17492562540","0","3106076656","2","17492562540"
"Sack of Gems","Steam Gems","7 Jan","7 Jan","$0.30 USD","30","purchase","753-Sack of Gems","753","6","12705733728","0","667933237","6","12708568508"
"Eredin","The Witcher 3: Wild Hunt Trading Card","7 Jan","7 Jan","$0.13 USD","13","sale","292030-Eredin","753","6","12651401981","0","978654490","6","12711338111"
"Geralt","The Witcher 3: Wild Hunt Trading Card","7 Jan","7 Jan","$0.15 USD","15","sale","292030-Geralt","753","6","12711338099","0","978654260","6","12711362458"
"Eredin","The Witcher 3: Wild Hunt Trading Card","7 Jan","7 Jan","$0.12 USD","12","sale","292030-Eredin","753","6","12651401979","0","978654490","6","12711338125"
"Spectrum 2 Case","Counter-Strike 2","23 Dec","2 Jan","$0.01 USD","1","sale","Spectrum 2 Case","730","2","16586896098","0","2521767801","2","16586896098"
"Most Innovative Gameplay (Trading Card)","The Steam Awards - 2019 Trading Card","26 Dec","31 Dec","$0.05 USD","5","purchase","1195670-Most Innovative Gameplay (Trading Card)","753","6","12386910523","0","3633286729","6","12443967607"
"Game of the Year","The Steam Awards - 2019 Trading Card","26 Dec","31 Dec","$0.05 USD","5","purchase","1195670-Game of the Year","753","6","12444885906","0","3633286728","6","12445005608"
"Outstanding Story-Rich (Trading Card)","The Steam Awards - 2019 Trading Card","26 Dec","31 Dec","$0.05 USD","5","purchase","1195670-Outstanding Story-Rich (Trading Card)","753","6","12447766034","0","3633286727","6","12451284865"
"VR Game of the Year","The Steam Awards - 2019 Trading Card","25 Dec","31 Dec","$0.05 USD","5","purchase","1195670-VR Game of the Year","753","6","12426769020","0","3633286725","6","12428720697"
"Better with Friends","The Steam Awards - 2019 Trading Card","25 Dec","31 Dec","$0.05 USD","5","purchase","1195670-Better with Friends","753","6","12439993588","0","3633286732","6","12440070004"
"Labor of Love","The Steam Awards - 2019 Trading Card","25 Dec","31 Dec","$0.05 USD","5","purchase","1195670-Labor of Love","753","6","12432531078","0","3633286724","6","12433676212"
"Outstanding Visual Style (Trading Card)","The Steam Awards - 2019 Trading Card","25 Dec","31 Dec","$0.05 USD","5","purchase","1195670-Outstanding Visual Style (Trading Card)","753","6","12420422420","0","3633286731","6","12428458434"
"Triss","The Witcher 3: Wild Hunt Trading Card","31 Dec","31 Dec","$0.16 USD","16","purchase","292030-Triss","753","6","12597865324","0","978653690","6","12597879764"
"Eredin","The Witcher 3: Wild Hunt Trading Card","31 Dec","31 Dec","$0.16 USD","16","purchase","292030-Eredin","753","6","12582854591","0","978654490","6","12582925607"
"Dandelion (Trading Card)","The Witcher 3: Wild Hunt Trading Card","31 Dec","31 Dec","$0.16 USD","16","purchase","292030-Dandelion (Trading Card)","753","6","12165217350","0","978652730","6","12597649888"
"Ciri","The Witcher 3: Wild Hunt Trading Card","31 Dec","31 Dec","$0.19 USD","19","purchase","292030-Ciri","753","6","12500333580","0","978652420","6","12587066319"
"Triss (Foil)","The Witcher 3: Wild Hunt Foil Trading Card","31 Dec","31 Dec","$0.99 USD","99","sale","292030-Triss (Foil)","753","6","12358707485","0","978657869","6","12598025846"
"Prisma Case","Counter-Strike 2","23 Dec","23 Dec","$0.02 USD","2","sale","Prisma Case","730","2","17208052079","0","3213411179","2","17208052079"
"Prisma Case","Counter-Strike 2","23 Dec","23 Dec","$0.02 USD","2","sale","Prisma Case","730","2","17356841666","0","3213411179","2","17356841666"
"Most Innovative Gameplay (Trading Card)","The Steam Awards - 2019 Trading Card","22 Dec","23 Dec","$0.05 USD","5","purchase","1195670-Most Innovative Gameplay (Trading Card)","753","6","12338556988","0","3633286729","6","12339832587"
"Best Game You Suck At (Trading Card)","The Steam Awards - 2019 Trading Card","22 Dec","23 Dec","$0.05 USD","5","purchase","1195670-Best Game You Suck At (Trading Card)","753","6","12338171697","0","3633286726","6","12339209216"
"Outstanding Story-Rich (Trading Card)","The Steam Awards - 2019 Trading Card","22 Dec","23 Dec","$0.05 USD","5","purchase","1195670-Outstanding Story-Rich (Trading Card)","753","6","12311996963","0","3633286727","6","12342027184"
"Game of the Year","The Steam Awards - 2019 Trading Card","22 Dec","23 Dec","$0.05 USD","5","purchase","1195670-Game of the Year","753","6","12339212027","0","3633286728","6","12340816602"
"VR Game of the Year","The Steam Awards - 2019 Trading Card","22 Dec","23 Dec","$0.05 USD","5","purchase","1195670-VR Game of the Year","753","6","12281488070","0","3633286725","6","12338365649"
"Better with Friends","The Steam Awards - 2019 Trading Card","22 Dec","23 Dec","$0.05 USD","5","purchase","1195670-Better with Friends","753","6","12338674811","0","3633286732","6","12340844454"
"Outstanding Visual Style (Trading Card)","The Steam Awards - 2019 Trading Card","22 Dec","23 Dec","$0.05 USD","5","purchase","1195670-Outstanding Visual Style (Trading Card)","753","6","12329117487","0","3633286731","6","12342427318"
"P90 | Sand Spray","Counter-Strike 2","23 Dec","23 Dec","$0.01 USD","1","sale","P90 | Sand Spray (Minimal Wear)","730","2","17120826457","302028390","310777708","2","17120826457"
"P250 | Facility Draft","Counter-Strike 2","23 Dec","23 Dec","$0.01 USD","1","sale","P250 | Facility Draft (Field-Tested)","730","2","17260617491","302028390","3035568810","2","17260617491"
"Clutch Case","Counter-Strike 2","23 Dec","23 Dec","$0.01 USD","1","sale","Clutch Case","730","2","17116929675","0","2727227113","2","17116929675"
"Clutch Case","Counter-Strike 2","23 Dec","23 Dec","$0.01 USD","1","sale","Clutch Case","730","2","17420708961","0","2727227113","2","17420708961"
"Camo","Counter-Strike 2 Uncommon Profile Background","23 Dec","23 Dec","$0.02 USD","2","sale","730-Camo","753","6","12166630137","0","149755767","6","12368857676"
"Camo","Counter-Strike 2 Uncommon Profile Background","23 Dec","23 Dec","$0.02 USD","2","sale","730-Camo","753","6","12166647437","0","149755767","6","12368846799"
"Guarded","Counter-Strike 2 Profile Background","23 Dec","23 Dec","$0.02 USD","2","sale","730-Guarded","753","6","12166590067","0","149753558","6","12368836141"
"MEDUNAMUN","Assassin's Creed Origins Trading Card","23 Dec","23 Dec","$0.05 USD","5","sale","582160-MEDUNAMUN","753","6","12368406969","0","2579393643","6","12368820898"
"Danger Zone Case","Counter-Strike 2","23 Dec","23 Dec","$0.02 USD","2","sale","Danger Zone Case","730","2","17420682625","0","3106076656","2","17420682625"
"Danger Zone Case","Counter-Strike 2","23 Dec","23 Dec","$0.02 USD","2","sale","Danger Zone Case","730","2","17420682707","0","3106076656","2","17420682707"
"Danger Zone Case","Counter-Strike 2","23 Dec","23 Dec","$0.02 USD","2","sale","Danger Zone Case","730","2","17420682802","0","3106076656","2","17420682802"
"Mute (Trading Card)","Tom Clancy's Rainbow Six Siege Trading Card","23 Dec","23 Dec","$0.04 USD","4","sale","359550-Mute (Trading Card)","753","6","11961677444","0","1433376042","6","12368433739"
"Mute (Trading Card)","Tom Clancy's Rainbow Six Siege Trading Card","23 Dec","23 Dec","$0.04 USD","4","sale","359550-Mute (Trading Card)","753","6","11757439731","0","1433376042","6","12368413143"
"Thermite (Trading Card)","Tom Clancy's Rainbow Six Siege Trading Card","23 Dec","23 Dec","$0.04 USD","4","sale","359550-Thermite (Trading Card)","753","6","12161534876","0","1433376309","6","12368413102"
"SSG 08 | Blue Spruce","Counter-Strike 2","23 Dec","23 Dec","$0.02 USD","2","sale","SSG 08 | Blue Spruce (Minimal Wear)","730","2","17393355164","302028390","310777545","2","17393355164"
"PTOLEMY","Assassin's Creed Origins Trading Card","5 Dec","9 Dec","$0.07 USD","7","sale","582160-PTOLEMY","753","6","12162463946","0","2579393196","6","12162665186"
"SWAT","Counter-Strike 2 Trading Card","30 Nov","6 Dec","$0.05 USD","5","purchase","730-SWAT","753","6","12098011115","0","149750036","6","12135625743"
"IDF","Counter-Strike 2 Trading Card","2 Dec","6 Dec","$0.05 USD","5","purchase","730-IDF","753","6","12104584773","0","149750877","6","12143721918"
"FBI","Counter-Strike 2 Trading Card","27 Nov","6 Dec","$0.05 USD","5","purchase","730-FBI","753","6","11641607732","0","149754772","6","12117380633"
"Balkan","Counter-Strike 2 Trading Card","26 Nov","6 Dec","$0.05 USD","5","purchase","730-Balkan","753","6","12109782205","0","149748025","6","12110174488"
"Anarchist","Counter-Strike 2 Trading Card","28 Nov","6 Dec","$0.05 USD","5","purchase","730-Anarchist","753","6","3430853735","0","149757868","6","12119415565"
"HETEPI","Assassin's Creed Origins Trading Card","6 Dec","6 Dec","$0.05 USD","5","sale","582160-HETEPI","753","6","12166640241","0","2579394646","6","12166640396"
"BAYEK","Assassin's Creed Origins Trading Card","6 Dec","6 Dec","$0.05 USD","5","sale","582160-BAYEK","753","6","12166640182","0","2579379591","6","12166640353"
"SWAT","Counter-Strike 2 Trading Card","30 Nov","6 Dec","$0.05 USD","5","purchase","730-SWAT","753","6","12098012757","0","149750036","6","12135625738"
"IDF","Counter-Strike 2 Trading Card","2 Dec","6 Dec","$0.05 USD","5","purchase","730-IDF","753","6","12104585576","0","149750877","6","12143721913"
"FBI","Counter-Strike 2 Trading Card","27 Nov","6 Dec","$0.05 USD","5","purchase","730-FBI","753","6","12104342322","0","149754772","6","12117374635"
"Balkan","Counter-Strike 2 Trading Card","26 Nov","6 Dec","$0.05 USD","5","purchase","730-Balkan","753","6","12109782204","0","149748025","6","12110174489"
"Anarchist","Counter-Strike 2 Trading Card","28 Nov","6 Dec","$0.05 USD","5","purchase","730-Anarchist","753","6","3421870986","0","149757868","6","12119415563"
"CS20 Case","Counter-Strike 2","6 Dec","6 Dec","$0.18 USD","18","sale","CS20 Case","730","2","17315723724","0","3617881530","2","17315723724"
"CS20 Case","Counter-Strike 2","6 Dec","6 Dec","$0.18 USD","18","sale","CS20 Case","730","2","17315723599","0","3617881530","2","17315723599"
"SWAT","Counter-Strike 2 Trading Card","30 Nov","6 Dec","$0.05 USD","5","purchase","730-SWAT","753","6","12098058562","0","149750036","6","12135625716"
"IDF","Counter-Strike 2 Trading Card","2 Dec","6 Dec","$0.05 USD","5","purchase","730-IDF","753","6","12080233784","0","149750877","6","12143718149"
"FBI","Counter-Strike 2 Trading Card","27 Nov","6 Dec","$0.05 USD","5","purchase","730-FBI","753","6","543387611","0","149754772","6","12117257509"
"Balkan","Counter-Strike 2 Trading Card","26 Nov","6 Dec","$0.05 USD","5","purchase","730-Balkan","753","6","12110114247","0","149748025","6","12110114350"
"Anarchist","Counter-Strike 2 Trading Card","28 Nov","6 Dec","$0.05 USD","5","purchase","730-Anarchist","753","6","3383647229","0","149757868","6","12119415549"
"SWAT","Counter-Strike 2 Trading Card","30 Nov","6 Dec","$0.05 USD","5","purchase","730-SWAT","753","6","12098058614","0","149750036","6","12135625718"
"IDF","Counter-Strike 2 Trading Card","2 Dec","6 Dec","$0.05 USD","5","purchase","730-IDF","753","6","12080221556","0","149750877","6","12143718146"
"FBI","Counter-Strike 2 Trading Card","27 Nov","6 Dec","$0.05 USD","5","purchase","730-FBI","753","6","12090413751","0","149754772","6","12117198353"
"Balkan","Counter-Strike 2 Trading Card","26 Nov","6 Dec","$0.05 USD","5","purchase","730-Balkan","753","6","12069192715","0","149748025","6","12110096314"
"Anarchist","Counter-Strike 2 Trading Card","28 Nov","6 Dec","$0.05 USD","5","purchase","730-Anarchist","753","6","3367608218","0","149757868","6","12119415547"
"Glove Case","Counter-Strike 2","5 Dec","6 Dec","$0.04 USD","4","sale","Glove Case","730","2","17308819503","0","2066632015","2","17308819503"
"CS20 Case","Counter-Strike 2","5 Dec","6 Dec","$0.19 USD","19","sale","CS20 Case","730","2","17311510921","0","3617881530","2","17311510921"
"CS20 Case","Counter-Strike 2","5 Dec","6 Dec","$0.19 USD","19","sale","CS20 Case","730","2","17311390773","0","3617881530","2","17311390773"
"CS20 Case","Counter-Strike 2","5 Dec","5 Dec","$0.18 USD","18","purchase","CS20 Case","730","2","17311596746","0","3564864937","2","17311596746"
"CS20 Case","Counter-Strike 2","5 Dec","5 Dec","$0.18 USD","18","purchase","CS20 Case","730","2","17311585826","0","3564864937","2","17311585826"
"CS20 Case","Counter-Strike 2","5 Dec","5 Dec","$0.18 USD","18","purchase","CS20 Case","730","2","17230926678","0","3564864937","2","17230926678"
"CS20 Case","Counter-Strike 2","5 Dec","5 Dec","$0.18 USD","18","purchase","CS20 Case","730","2","17264240750","0","3564864937","2","17264240750"
"CS20 Case","Counter-Strike 2","5 Dec","5 Dec","$0.19 USD","19","sale","CS20 Case","730","2","17310535029","0","3564864937","2","17310535029"
"CS20 Case","Counter-Strike 2","5 Dec","5 Dec","$0.19 USD","19","sale","CS20 Case","730","2","17310534460","0","3617881530","2","17310534460"
"CS20 Case","Counter-Strike 2","5 Dec","5 Dec","$0.19 USD","19","sale","CS20 Case","730","2","17310534777","0","3617881530","2","17310534777"
"PTOLEMY","Assassin's Creed Origins Trading Card","5 Dec","5 Dec","$0.06 USD","6","sale","582160-PTOLEMY","753","6","12162463976","0","2579393196","6","12162654389"
"MP9 | Orange Peel","Counter-Strike 2","5 Dec","5 Dec","$0.03 USD","3","sale","MP9 | Orange Peel (Field-Tested)","730","2","17309815170","302028390","310776880","2","17309815170"
"UMP-45 | Carbon Fiber","Counter-Strike 2","5 Dec","5 Dec","$0.07 USD","7","sale","UMP-45 | Carbon Fiber (Factory New)","730","2","17309799510","302028390","469444104","2","17309799510"
"CS20 Case","Counter-Strike 2","5 Dec","5 Dec","$0.19 USD","19","purchase","CS20 Case","730","2","17309596759","0","3564864937","2","17309596759"
"CS20 Case","Counter-Strike 2","5 Dec","5 Dec","$0.19 USD","19","purchase","CS20 Case","730","2","17309558229","0","3564864937","2","17309558229"
"G3SG1 | Desert Storm","Counter-Strike 2","5 Dec","5 Dec","$0.12 USD","12","sale","G3SG1 | Desert Storm (Factory New)","730","2","16752306815","302028390","310778036","2","16752306815"
"CS20 Case","Counter-Strike 2","5 Dec","5 Dec","$0.19 USD","19","sale","CS20 Case","730","2","17031541058","0","3564864937","2","17031541058"
"CS20 Case","Counter-Strike 2","5 Dec","5 Dec","$0.20 USD","20","sale","CS20 Case","730","2","17262100954","0","3564864937","2","17262100954"
